iso3,X,year,kp,value,denominator,provincial_value,ratio,x,region,log_kp_prev,log_gen_prev,log_gen_prev2,logit_kp_prev,logit_gen_prev,logit_gen_prev2,positive,negative
BDI,3,2011,MSM,0.011,355,0.00836602202647938,1.31484234265506,NA,WCA,-4.509860006183766,-4.783576773108869,-4.783576773108869,-4.498799058824342,-4.775175559507002,-4.775175559507002,4,351
BDI,4,2011,MSM,0.015,410,0.013205257951356,1.13591116926722,NA,WCA,-4.199705077879927,-4.327140199053823,-4.327140199053823,-4.1845914400698785,-4.313846976427978,-4.313846976427978,6,404
BDI,5,2011,MSM,0.036,55,0.013205257951356,2.72618680624132,NA,WCA,-3.3242363405260273,-4.327140199053823,-4.327140199053823,-3.2875723561544357,-4.313846976427978,-4.313846976427978,2,53
BDI,6,2017,PWID,0.102,127,0.00953555500029607,10.6968078939121,NA,WCA,-2.282782465697866,-4.6527278349854075,-4.6527278349854075,-2.1751972550179284,-4.643146525485185,-4.643146525485185,13,114
BDI,7,2011,FSW,0.199,1216,0.017324872594974,11.4863759550954,NA,WCA,-1.6144504542576446,-4.055612087758664,-4.055612087758664,-1.3925561223438667,-4.038135383358557,-4.038135383358557,242,974
BDI,8,2011,FSW,0.243,576,0.00657408649282551,36.9633104561665,NA,WCA,-1.4146938356415886,-5.024619647023266,-5.024619647023266,-1.1363018100969002,-5.018023856046767,-5.018023856046767,140,436
BDI,9,2011,FSW,0.283,640,0.017324872594974,16.3348964587537,NA,WCA,-1.2623083813388996,-4.055612087758664,-4.055612087758664,-0.929628942956383,-4.038135383358557,-4.038135383358557,181,459
BDI,10,2013,FSW,0.225,342,0.0160955514286679,13.9790178048358,NA,WCA,-1.491654876777717,-4.129212353950415,-4.129212353950415,-1.2367626271489267,-4.11298586219509,-4.11298586219509,77,265
BDI,11,2011,FSW,0.265,1216,0.017324872594974,15.2959277793984,NA,WCA,-1.3280254529959148,-4.055612087758664,-4.055612087758664,-1.0201406732266145,-4.038135383358557,-4.038135383358557,322,894
BWA,2,2013,MSM,0.131,450,0.18769276265543,0.697949127854718,NA,ESA,-2.0325579557809856,-1.6729488941755157,-1.6729488941755157,-1.8921458020642405,-1.4650722549047606,-1.4650722549047606,59,391
BWA,3,2018,MSM,0.148,736,0.166660458386735,0.888033078947656,NA,ESA,-1.9105430052180221,-1.7917967196014317,-1.7917967196014317,-1.7503742530652007,-1.6094826127156443,-1.6094826127156443,109,627
BWA,4,2018,MSM,0.058,181,0.183492287180506,0.316089580064714,NA,ESA,-2.8473122684357177,-1.695582644084733,-1.695582644084733,-2.7875622640299436,-1.4928637236650641,-1.4928637236650641,10,171
BWA,5,2018,MSM,0.106,101,0.159621368969493,0.664071487948828,NA,ESA,-2.24431618487007,-1.8349507121427031,-1.8349507121427031,-2.132266681061447,-1.6610479746669022,-1.6610479746669022,11,90
BWA,6,2013,FSW,0.619,947,0.273984762363221,2.25924972856481,NA,ESA,-0.47965000629754095,-1.294682785953523,-1.294682785953523,0.48530589755789505,-0.9744985100563389,-0.9744985100563389,586,361
BWA,7,2018,FSW,0.402,268,0.283977996696193,1.4156026335733,NA,ESA,-0.9113031903631159,-1.2588585202442397,-1.2588585202442397,-0.3971386653316105,-0.9248141386218034,-0.9248141386218034,108,160
BWA,8,2018,FSW,0.283,260,0.250839445089634,1.12821171287026,NA,ESA,-1.2623083813388996,-1.3829422055182075,-1.3829422055182075,-0.929628942956383,-1.0941402461075325,-1.0941402461075325,74,186
BWA,9,2018,FSW,0.422,1257,0.261264495096824,1.61522138644827,NA,ESA,-0.8627499649461253,-1.342221993618069,-1.342221993618069,-0.31456855463636585,-1.0394066620512914,-1.0394066620512914,530,727
BEN,4,2013,MSM,0.121,206,0.00823678139433255,14.6902041230882,NA,WCA,-2.111964733385396,-4.799145618851645,-4.799145618851645,-1.9829943520884359,-4.790874727741463,-4.790874727741463,25,181
BEN,5,2013,MSM,0.206,63,0.00823678139433255,25.0097690029435,NA,WCA,-1.579879110192556,-4.799145618851645,-4.799145618851645,-1.3492072924575549,-4.790874727741463,-4.790874727741463,13,50
BEN,6,2013,MSM,0.084,143,0.00297478683360656,28.2373173939863,NA,WCA,-2.4769384801388235,-5.817582895120935,-5.817582895120935,-2.3891995658308165,-5.814603674814369,-5.814603674814369,12,131
BEN,7,2015,MSM,0.059,238,0.00278489157485549,21.1857440098226,NA,WCA,-2.8302178350764176,-5.883546338190021,-5.883546338190021,-2.7694056956796604,-5.880757561590031,-5.880757561590031,14,224
BEN,8,2015,MSM,0.071,364,0.00771098717053047,9.2076407896702,NA,WCA,-2.645075401940822,-4.865109061920732,-4.865109061920732,-2.571428861772523,-4.857368191369263,-4.857368191369263,26,338
BEN,9,2015,MSM,0.095,126,0.00771098717053047,12.3200827467418,NA,WCA,-2.353878387381596,-4.865109061920732,-4.865109061920732,-2.2540580520993854,-4.857368191369263,-4.857368191369263,12,114
BEN,10,2017,MSM,0.102,167,0.00256689451597316,39.7367322129051,NA,WCA,-2.282782465697866,-5.965058470273575,-5.965058470273575,-2.1751972550179284,-5.962488275635287,-5.962488275635287,17,150
BEN,11,2017,MSM,0.042,189,0.00710738287245569,5.90934817410343,NA,WCA,-3.170085660698769,-4.946621194004285,-4.946621194004285,-3.1271781596874924,-4.93948843336837,-4.93948843336837,8,181
BEN,12,2017,MSM,0.07,359,0.00710738287245569,9.84891362350571,NA,WCA,-2.659260036932778,-4.946621194004285,-4.946621194004285,-2.5866893440979424,-4.93948843336837,-4.93948843336837,25,334
BEN,14,2013,PWID,0.001,3,0.00823678139433255,0,NA,WCA,-6.907755278982137,-4.799145618851645,-4.799145618851645,-6.906754778648554,-4.790874727741463,-4.790874727741463,0,3
BEN,15,2013,PWID,0.059,17,0.00297478683360656,19.8333538838713,NA,WCA,-2.8302178350764176,-5.817582895120935,-5.817582895120935,-2.7694056956796604,-5.814603674814369,-5.814603674814369,1,16
BEN,16,2013,PWID,0.067,119,0.00823678139433255,8.13424525823891,NA,WCA,-2.703062659591171,-4.799145618851645,-4.799145618851645,-2.6337125814563778,-4.790874727741463,-4.790874727741463,8,111
BEN,17,2013,PWID,0.069,102,0.00823678139433255,8.37705854952963,NA,WCA,-2.6736487743848776,-4.799145618851645,-4.799145618851645,-2.6021527726798075,-4.790874727741463,-4.790874727741463,7,95
BEN,18,2015,PWID,0.167,12,0.00771098717053047,21.6574086179567,NA,WCA,-1.7897614665653818,-4.865109061920732,-4.865109061920732,-1.6070398297500874,-4.857368191369263,-4.857368191369263,2,10
BEN,19,2015,PWID,0.043,368,0.00771098717053047,5.57645850641998,NA,WCA,-3.146555163288575,-4.865109061920732,-4.865109061920732,-3.102603275759392,-4.857368191369263,-4.857368191369263,16,352
BEN,20,2015,PWID,0.045,309,0.00771098717053047,5.83582866950928,NA,WCA,-3.101092789211817,-4.865109061920732,-4.865109061920732,-3.0550488507104103,-4.857368191369263,-4.857368191369263,14,295
BEN,21,2015,PWID,0.047,380,0.00771098717053047,6.09519883259858,NA,WCA,-3.0576076772720784,-4.865109061920732,-4.865109061920732,-3.0094673019441434,-4.857368191369263,-4.857368191369263,18,362
BEN,22,2015,PWID,0.056,71,0.00278489157485549,20.1085027889841,NA,WCA,-2.8824035882469876,-5.883546338190021,-5.883546338190021,-2.8247744754103516,-5.880757561590031,-5.880757561590031,4,67
BEN,23,2017,PWID,0.001,97,0.00256689451597316,0,NA,WCA,-6.907755278982137,-5.965058470273575,-5.965058470273575,-6.906754778648554,-5.962488275635287,-5.962488275635287,0,97
BEN,24,2017,PWID,0.017,478,0.00710738287245569,2.39187902285139,NA,WCA,-4.074541934925921,-4.946621194004285,-4.946621194004285,-4.05739577609095,-4.93948843336837,-4.93948843336837,8,470
BEN,25,2017,PWID,0.167,18,0.00710738287245569,23.4966939303636,NA,WCA,-1.7897614665653818,-4.946621194004285,-4.946621194004285,-1.6070398297500874,-4.93948843336837,-4.93948843336837,3,15
BEN,26,2017,PWID,0.022,496,0.00710738287245569,3.0953728531018,NA,WCA,-3.816712825623821,-4.946621194004285,-4.946621194004285,-3.7944672166765017,-4.93948843336837,-4.93948843336837,11,485
BEN,27,2017,PWID,0.028,399,0.00710738287245569,3.93956544940229,NA,WCA,-3.575550768806933,-4.946621194004285,-4.946621194004285,-3.5471512942852352,-4.93948843336837,-4.93948843336837,11,388
BEN,28,2011,FSW,0.243,358,0.00540660418133657,44.9450323807369,NA,WCA,-1.4146938356415886,-5.2201340761191775,-5.2201340761191775,-1.1363018100969002,-5.214712803358094,-5.214712803358094,87,271
BEN,29,2011,FSW,0.269,1011,0.0144088061852675,18.6691386185098,NA,WCA,-1.313043899380298,-4.2399157186713845,-4.2399157186713845,-0.9997020801479393,-4.225402097581522,-4.225402097581522,272,739
BEN,30,2011,FSW,0.283,28,0.0144088061852675,19.6407666506998,NA,WCA,-1.2623083813388996,-4.2399157186713845,-4.2399157186713845,-0.929628942956383,-4.225402097581522,-4.225402097581522,8,20
BEN,32,2012,FSW,0.133,302,0.0053678161439932,24.7773016869872,NA,WCA,-2.017406150760383,-5.227334130273158,-5.227334130273158,-1.8746898485587882,-5.221951855640538,-5.221951855640538,40,262
BEN,33,2012,FSW,0.21,1011,0.0143054345875617,14.6797357825529,NA,WCA,-1.5606477482646683,-4.247115772825368,-4.247115772825368,-1.3249254147435987,-4.23270702906982,-4.23270702906982,212,799
BEN,34,2012,FSW,0.243,709,0.0143054345875617,16.9865514055255,NA,WCA,-1.4146938356415886,-4.247115772825368,-4.247115772825368,-1.1363018100969002,-4.23270702906982,-4.23270702906982,172,537
BEN,35,2015,FSW,0.157,1106,0.0138811074820977,11.3103367438427,NA,WCA,-1.851509473633829,-4.277226537310022,-4.277226537310022,-1.6807211526535473,-4.263248186308219,-4.263248186308219,174,932
BEN,36,2015,FSW,0.191,802,0.0138811074820977,13.7597090323182,NA,WCA,-1.6554818509355071,-4.277226537310022,-4.277226537310022,-1.4435254890118618,-4.263248186308219,-4.263248186308219,153,649
BEN,37,2015,FSW,0.069,304,0.0052085962424165,13.2473312940048,NA,WCA,-2.6736487743848776,-5.257444894757812,-5.257444894757812,-2.6021527726798075,-5.252222686491055,-5.252222686491055,21,283
BEN,38,2017,FSW,0.107,720,0.0133204477821417,8.03276299340716,NA,WCA,-2.234926444520231,-4.318454997157037,-4.318454997157037,-2.121757746414593,-4.305045036419881,-4.305045036419881,77,643
BEN,39,2017,FSW,0.029,279,0.00499822037649717,5.80206509828277,NA,WCA,-3.540459448995663,-5.298673354604833,-5.298673354604833,-3.5110306383048506,-5.293662601346023,-5.293662601346023,8,271
BEN,40,2017,FSW,0.085,999,0.0133204477821417,6.38116686392158,NA,WCA,-2.4651040224918206,-4.318454997157037,-4.318454997157037,-2.3762728087852047,-4.305045036419881,-4.305045036419881,85,914
BFA,1,2011,MSM,0.001,158,0.00627851543669928,0,NA,WCA,-6.907755278982137,-5.070621721877885,-5.070621721877885,-6.906754778648554,-5.064323413673518,-5.064323413673518,0,158
BFA,2,2011,MSM,0.01,306,0.00971334715980581,1.02951123186252,NA,WCA,-4.605170185988091,-4.634254343431303,-4.634254343431303,-4.59511985013459,-4.624493513990205,-4.624493513990205,3,303
BFA,3,2011,MSM,0.02,148,0.00971334715980581,2.05902246372504,NA,WCA,-3.912023005428146,-4.634254343431303,-4.634254343431303,-3.8918202981106265,-4.624493513990205,-4.624493513990205,3,145
BFA,4,2011,MSM,0.145,55,0.0162341679994106,8.9317789495134,NA,WCA,-1.9310215365615626,-4.120637122082027,-4.120637122082027,-1.774367726516186,-4.104269736222298,-4.104269736222298,8,47
BFA,5,2012,MSM,0.005,210,0.00924251440824905,0.540978328963971,NA,WCA,-5.298317366548036,-4.683941308242173,-4.683941308242173,-5.293304824724492,-4.6746558167819785,-4.6746558167819785,1,209
BFA,6,2012,MSM,0.008,360,0.00924251440824905,0.865565326342354,NA,WCA,-4.8283137373023015,-4.683941308242173,-4.683941308242173,-4.820281565605037,-4.6746558167819785,-4.6746558167819785,3,357
BFA,7,2012,MSM,0.013,150,0.00597417846097733,2.17603141334236,NA,WCA,-4.3428059215206005,-5.1203086866887535,-5.1203086866887535,-4.329720681971945,-5.114316591429227,-5.114316591429227,2,148
BFA,8,2013,MSM,0.036,665,0.00869067828523776,4.14236942370202,NA,WCA,-3.3242363405260273,-4.745504289213714,-4.745504289213714,-3.2875723561544357,-4.7367756267516485,-4.7367756267516485,24,641
BFA,9,2013,MSM,0.027,329,0.0125116710398639,2.1579851255659,NA,WCA,-3.611918412977808,-4.381093387095791,-4.381093387095791,-3.584547216181676,-4.368502786044543,-4.368502786044543,9,320
BFA,10,2013,MSM,0.017,336,0.0145249550942849,1.17039948761624,NA,WCA,-4.074541934925921,-4.231887067864439,-4.231887067864439,-4.05739577609095,-4.2172555928873035,-4.2172555928873035,6,330
BFA,11,2014,MSM,0.04,329,0.0117029466672042,3.41794260347218,NA,WCA,-3.2188758248682006,-4.447914616989997,-4.447914616989997,-3.1780538303479453,-4.436142651834198,-4.436142651834198,13,316
BFA,12,2014,MSM,0.033,336,0.0135860968746986,2.4289536799532,NA,WCA,-3.4112477175156566,-4.298708297758646,-4.298708297758646,-3.377690933986814,-4.285029065342095,-4.285029065342095,11,325
BFA,13,2017,MSM,0.012,421,0.0042925069944251704,2.79556911976727,NA,WCA,-4.422848629194137,-5.450884335741398,-5.450884335741398,-4.410776047959867,-5.446582589489627,-5.446582589489627,5,416
BFA,14,2017,MSM,0.019,592,0.00664083907145187,2.86108423883943,NA,WCA,-3.9633162998156966,-5.014516957294817,-5.014516957294817,-3.9441334803989228,-5.007853969740783,-5.007853969740783,11,581
BFA,15,2017,MSM,0.035,171,0.00664083907145187,5.27041833470421,NA,WCA,-3.3524072174927233,-5.014516957294817,-5.014516957294817,-3.316780039849572,-5.007853969740783,-5.007853969740783,6,165
BFA,16,2002,FSW,0.062,306,0.0289804244061487,2.13937515652275,NA,WCA,-2.7806208939370456,-3.5411346974021938,-3.5411346974021938,-2.716615563961133,-3.511726046749002,-3.511726046749002,19,287
BFA,19,2002,FSW,0.209,326,0.0315866400266839,6.61672149438624,NA,WCA,-1.565421027017326,-3.455021031753309,-3.455021031753309,-1.330963715802843,-3.422924773664444,-3.422924773664444,68,258
BFA,20,2003,FSW,0.257,658,0.0268224973328341,9.58150901502374,NA,WCA,-1.3586791940869172,-3.61851429089101,-3.61851429089101,-1.0616199598225393,-3.591325505686231,-3.591325505686231,169,489
BFA,21,2003,FSW,0.315,273,0.0268224973328341,11.743872917247,NA,WCA,-1.155182640156504,-3.61851429089101,-3.61851429089101,-0.7768461994365923,-3.591325505686231,-3.591325505686231,86,187
BFA,22,2004,FSW,0.36,350,0.0249361714739011,14.436859338122,NA,WCA,-1.0216512475319814,-3.691435859980707,-3.691435859980707,-0.5753641449035618,-3.6661835150086404,-3.6661835150086404,126,224
BFA,23,2004,FSW,0.402,306,0.0249361714739011,16.1211595942362,NA,WCA,-0.9113031903631159,-3.691435859980707,-3.691435859980707,-0.3971386653316105,-3.6661835150086404,-3.6661835150086404,123,183
BFA,24,2005,FSW,0.267,658,0.0233563746960273,11.4315686177707,NA,WCA,-1.3205066205818874,-3.756885325872811,-3.756885325872811,-1.0098970434864019,-3.7332518681164495,-3.7332518681164495,176,482
BFA,25,2005,FSW,0.16,318,0.0254568183513295,6.28515306947791,NA,WCA,-1.8325814637483102,-3.670771660223926,-3.670771660223926,-1.6582280766035322,-3.6449852108020004,-3.6449852108020004,51,267
BFA,26,2006,FSW,0.242,607,0.0220946968573965,10.9528545044956,NA,WCA,-1.4188175528254507,-3.812417660457504,-3.812417660457504,-1.1417456594856852,-3.7900752197695904,-3.7900752197695904,147,460
BFA,27,2006,FSW,0.243,645,0.0220946968573965,10.998114233853,NA,WCA,-1.4146938356415886,-3.812417660457504,-3.812417660457504,-1.1363018100969002,-3.7900752197695904,-3.7900752197695904,157,488
BFA,28,2006,FSW,0.4,603,0.0220946968573965,18.1038917429679,NA,WCA,-0.916290731874155,-3.812417660457504,-3.812417660457504,-0.4054651081081643,-3.7900752197695904,-3.7900752197695904,241,362
BFA,29,2010,FSW,0.077,52,0.00689799821573039,11.1626587296597,NA,WCA,-2.563949857128453,-4.976524023132296,-4.976524023132296,-2.4838238126491685,-4.969602123749988,-4.969602123749988,4,48
BFA,30,2010,FSW,0.362,47,0.00817734897308571,44.2686255889847,NA,WCA,-1.016111067156366,-4.806387267314674,-4.806387267314674,-0.5666940715190188,-4.798176300427762,-4.798176300427762,17,30
BFA,31,2010,FSW,0.204,294,0.0187388742044965,10.8864597613366,NA,WCA,-1.5896352851379207,-3.977155078442973,-3.977155078442973,-1.3614791920001668,-3.958238406883497,-3.958238406883497,60,234
BFA,32,2010,FSW,0.081,37,0.00240170765523281,33.7260031725836,NA,WCA,-2.513306124309698,-6.031575271627057,-6.031575271627057,-2.428836967683248,-6.029170675245816,-6.029170675245816,3,34
BFA,33,2010,FSW,0.18,49,0.0131037659615569,13.7365090713672,NA,WCA,-1.7147984280919266,-4.334855612107465,-4.334855612107465,-1.5163474893680886,-4.321665234345501,-4.321665234345501,9,40
BFA,34,2010,FSW,0.143,49,0.0113828720060044,12.5627346002457,NA,WCA,-1.9449106487222299,-4.475645509013582,-4.475645509013582,-1.7905932883378726,-4.4641973562589685,-4.4641973562589685,7,42
BFA,35,2010,FSW,0.103,454,0.0204240650760505,5.04307049632245,NA,WCA,-2.2730262907525014,-3.891041412794089,-3.891041412794089,-2.1643268738291606,-3.8704058923611266,-3.8704058923611266,47,407
BFA,36,2010,FSW,0.149,285,0.0204240650760505,7.29531557234996,NA,WCA,-1.903808973036678,-3.891041412794089,-3.891041412794089,-1.742465822627915,-3.8704058923611266,-3.8704058923611266,42,243
BFA,37,2010,FSW,0.065,188,0.0204240650760505,3.18252021612582,NA,WCA,-2.7333680090865,-3.891041412794089,-3.891041412794089,-2.66615925939305,-3.8704058923611266,-3.8704058923611266,12,176
BFA,38,2010,FSW,0.095,43,0.0106818490116223,8.89359135264283,NA,WCA,-2.353878387381596,-4.539209332006031,-4.539209332006031,-2.2540580520993854,-4.528470022489297,-4.528470022489297,4,39
BFA,39,2010,FSW,0.118,52,0.00817734897308571,14.4301044737574,NA,WCA,-2.137070654516472,-4.806387267314674,-4.806387267314674,-2.0115074315411263,-4.798176300427762,-4.798176300427762,6,46
BFA,40,2010,FSW,0.115,52,0.00817734897308571,14.0632374108653,NA,WCA,-2.162823150618887,-4.806387267314674,-4.806387267314674,-2.0406555166446796,-4.798176300427762,-4.798176300427762,6,46
BFA,41,2011,FSW,0.383,919,0.0180898479804548,21.1720961068227,NA,WCA,-0.959720289801491,-4.012404383122968,-4.012404383122968,-0.4768340347247418,-3.9941489134209376,-3.9941489134209376,352,567
BFA,42,2011,FSW,0.122,148,0.0197166717881063,6.1876568880958,NA,WCA,-2.1037342342488805,-3.9262907174740858,-3.9262907174740858,-1.9736255489018601,-3.906377078792502,-3.906377078792502,18,130
BFA,43,2011,FSW,0.078,476,0.0127725621667115,6.10684050560251,NA,WCA,-2.551046452292545,-4.360455989539888,-4.360455989539888,-2.4698363968670023,-4.347601156913896,-4.347601156913896,37,439
BFA,44,2011,FSW,0.08,649,0.0197166717881063,4.0574799266202,NA,WCA,-2.5257286443082556,-3.9262907174740858,-3.9262907174740858,-2.4423470353692043,-3.906377078792502,-3.906377078792502,52,597
BFA,45,2011,FSW,0.093,204,0.0197166717881063,4.71682041469598,NA,WCA,-2.375155785828881,-3.9262907174740858,-3.9262907174740858,-2.277542956961881,-3.906377078792502,-3.906377078792502,19,185
BFA,46,2013,FSW,0.301,350,0.0169640202820838,17.7434355179294,NA,WCA,-1.2006450142332614,-4.076660631774905,-4.076660631774905,-0.8425404774849347,-4.059551074221184,-4.059551074221184,105,245
BFA,47,2013,FSW,0.319,339,0.0169640202820838,18.8045047515598,NA,WCA,-1.1425641761972924,-4.076660631774905,-4.076660631774905,-0.7583712033646678,-4.059551074221184,-4.059551074221184,108,231
BFA,48,2013,FSW,0.332,346,0.0169640202820838,19.5708325314039,NA,WCA,-1.1026203100656484,-4.076660631774905,-4.076660631774905,-0.699153204620157,-4.059551074221184,-4.059551074221184,115,231
BFA,49,2013,FSW,0.135,349,0.0184895981696478,7.30140259195106,NA,WCA,-2.0024805005437076,-3.9905469661260247,-3.9905469661260247,-1.85745472849345,-3.9718842986955885,-3.9718842986955885,47,302
BFA,50,2013,FSW,0.085,343,0.0184895981696478,4.59717940974696,NA,WCA,-2.4651040224918206,-3.9905469661260247,-3.9905469661260247,-2.3762728087852047,-3.9718842986955885,-3.9718842986955885,29,314
BFA,51,2013,FSW,0.089,350,0.0184895981696478,4.81351726432329,NA,WCA,-2.419118909249997,-3.9905469661260247,-3.9905469661260247,-2.3259065275278186,-3.9718842986955885,-3.9718842986955885,31,319
BFA,52,2014,FSW,0.327,350,0.0163635493155988,19.9834396372848,NA,WCA,-1.1177951080848836,-4.112699020506742,-4.112699020506742,-0.7217851587474744,-4.09620010962286,-4.09620010962286,114,236
BFA,53,2014,FSW,0.144,349,0.0178351267237151,8.07395440642009,NA,WCA,-1.9379419794061366,-4.026585354857859,-4.026585354857859,-1.7824570765657415,-4.008589265530699,-4.008589265530699,50,299
BFA,54,2011,FSW,0.164,1016,0.0110471044820573,14.8455190467664,NA,WCA,-1.8078888511579385,-4.505586923179153,-4.505586923179153,-1.628762185260503,-4.494478346291064,-4.494478346291064,167,849
BFA,55,2011,FSW,0.24,517,0.0110471044820573,21.7251498245363,NA,WCA,-1.4271163556401458,-4.505586923179153,-4.505586923179153,-1.1526795099383855,-4.494478346291064,-4.494478346291064,124,393
BFA,56,2011,FSW,0.086,499,0.00637414292687089,13.4920099826218,NA,WCA,-2.4534079827286295,-5.055505639819678,-5.055505639819678,-2.3634832752006423,-5.049111095302472,-5.049111095302472,43,456
BFA,58,2014,FSW,0.258,531,0.00999288878392065,25.818359993673,NA,WCA,-1.3547956940605197,-4.605881560562931,-4.605881560562931,-1.056389658245763,-4.595838407730176,-4.595838407730176,137,394
BFA,59,2014,FSW,0.05,457,0.00576586393878058,8.67172734751949,NA,WCA,-2.995732273553991,-5.155800277203452,-5.155800277203452,-2.9444389791664403,-5.150017726497859,-5.150017726497859,23,434
BFA,60,2017,FSW,0.036,2453,0.005061304734746,7.11279045358779,NA,WCA,-3.3242363405260273,-5.28613097620446,-5.28613097620446,-3.2875723561544357,-5.2810568196840295,-5.2810568196840295,88,2365
BFA,61,2017,FSW,0.054,4784,0.00877180867478886,6.15608502214622,NA,WCA,-2.9187712324178627,-4.736212259563939,-4.736212259563939,-2.863258522487604,-4.727401752103671,-4.727401752103671,258,4526
BFA,62,2017,FSW,0.073,2331,0.00877180867478886,8.32211493734582,NA,WCA,-2.617295837833746,-4.736212259563939,-4.736212259563939,-2.541494124417464,-4.727401752103671,-4.727401752103671,170,2161
CIV,61,2012,MSM,0.138,355,0.00995548836361857,13.8617006981103,NA,WCA,-1.9805015938249322,-4.609631285550346,-4.609631285550346,-1.8320015855064884,-4.599625909934988,-4.599625909934988,49,306
CIV,62,2012,MSM,0.188,601,0.0223743330547418,8.4024850948644,NA,WCA,-1.6713133161521878,-3.7998408228747786,-3.7998408228747786,-1.4630583773317287,-3.7772123870238845,-3.7772123870238845,113,488
CIV,63,2012,MSM,0.26,246,0.0223743330547418,11.6204581099189,NA,WCA,-1.3470736479666092,-3.7998408228747786,-3.7998408228747786,-1.0459685551826876,-3.7772123870238845,-3.7772123870238845,64,182
CIV,64,2015,MSM,0.112,1301,0.0180173565628585,6.21622820247005,NA,WCA,-2.1892564076870427,-4.0164197321875985,-4.0164197321875985,-2.0704728716970755,-3.9982380866961327,-3.9982380866961327,146,1155
CIV,65,2015,MSM,0.14,508,0.0180173565628585,7.77028525308756,NA,WCA,-1.9661128563728327,-4.0164197321875985,-4.0164197321875985,-1.8152899666382492,-3.9982380866961327,-3.9982380866961327,71,437
CIV,66,2015,MSM,0.095,793,0.00801684605149338,11.8500466879121,NA,WCA,-2.353878387381596,-4.826210194863165,-4.826210194863165,-2.2540580520993854,-4.81816104111496,-4.81816104111496,75,718
CIV,67,2017,MSM,0.123,365,0.0154633025842455,7.95431631308286,NA,WCA,-2.0955709236097197,-4.169285637404706,-4.169285637404706,-1.9643226369997655,-4.1537015309881085,-4.1537015309881085,45,320
CIV,68,2019,PWID,0.034,851,0.0132918032059856,2.55796745355732,NA,WCA,-3.3813947543659757,-4.32060773404736,-4.32060773404736,-3.3468033095963565,-4.307226804174688,-4.307226804174688,29,822
CIV,69,2011,FSW,0.117,528,0.0142307311781737,8.22164360601849,NA,WCA,-2.145581344184381,-4.2523514853350965,-4.2523514853350965,-2.021151265806204,-4.238018526291524,-4.238018526291524,62,466
CIV,70,2011,FSW,0.287,1096,0.0450219981419676,6.37466153978783,NA,WCA,-1.248273063222516,-3.100604061059599,-3.100604061059599,-0.9099992046546751,-3.0545370875892583,-3.0545370875892583,315,781
CIV,71,2011,FSW,0.334,1000,0.0450219981419676,7.41859565954402,NA,WCA,-1.0966142860054366,-3.100604061059599,-3.100604061059599,-0.6901486775636885,-3.0545370875892583,-3.0545370875892583,334,666
CIV,72,2011,FSW,0.444,568,0.0450219981419676,9.86184572705852,NA,WCA,-0.8119307165499123,-3.100604061059599,-3.100604061059599,-0.22494373181835772,-3.0545370875892583,-3.0545370875892583,252,316
CIV,73,2014,FSW,0.11,453,0.0384576894726348,2.8602862394599202,NA,WCA,-2.2072749131897207,-3.258196616740685,-3.258196616740685,-2.0907410969337694,-3.218979906527852,-3.218979906527852,50,403
CIV,74,2014,FSW,0.183,246,0.0384576894726348,4.75847619837424,NA,WCA,-1.6982691261407161,-3.258196616740685,-3.258196616740685,-1.496152942018582,-3.218979906527852,-3.218979906527852,45,201
CIV,75,2014,FSW,0.024,207,0.0121558585403742,1.97435663801837,NA,WCA,-3.7297014486341915,-4.409944041016179,-4.409944041016179,-3.7054087560651467,-4.397713695778742,-4.397713695778742,5,202
CIV,76,2017,FSW,0.122,1800,0.0327190486229151,3.72871477426016,NA,WCA,-2.1037342342488805,-3.419797843987091,-3.419797843987091,-1.9736255489018601,-3.3865315574296013,-3.3865315574296013,220,1580
CIV,77,2019,FSW,0.155,135,0.0292829166537682,5.29318857928909,NA,WCA,-1.8643301620628905,-3.530750982357938,-3.530750982357938,-1.6959115104379272,-3.50103076293596,-3.50103076293596,21,114
CIV,78,2019,FSW,0.024,212,0.00925586007308269,2.59295190403702,NA,WCA,-3.7297014486341915,-4.682498406633435,-4.682498406633435,-3.7054087560651467,-4.673199444919508,-4.673199444919508,5,207
CIV,79,2019,FSW,0.075,347,0.0292829166537682,2.56122028030117,NA,WCA,-2.5902671654458267,-3.530750982357938,-3.530750982357938,-2.512305623976115,-3.50103076293596,-3.50103076293596,26,321
CIV,80,2011,FSW,0.5,96,0.0450219981419676,11.1056821250659,NA,WCA,-0.6931471805599453,-3.100604061059599,-3.100604061059599,0,-3.0545370875892583,-3.0545370875892583,48,48
CMR,12,2010,MSM,0.286,105,0.027490171210424,10.4037183985072,NA,WCA,-1.2517634681622845,-3.5939267487260143,-3.5939267487260143,-0.9148911515197319,-3.566051651909906,-3.566051651909906,30,75
CMR,13,2011,MSM,0.288,257,0.00954153796001875,30.1838132601669,NA,WCA,-1.2447947988461912,-4.652100594773151,-4.652100594773151,-0.9051174312760298,-4.642513244694871,-4.642513244694871,74,183
CMR,14,2011,MSM,0.372,462,0.0282051179194602,13.189095718807,NA,WCA,-0.9888614247089905,-3.568251830999072,-3.568251830999072,-0.5236463121950522,-3.5396413075420026,-3.5396413075420026,172,290
CMR,15,2011,MSM,0.478,205,0.0282051179194602,16.9472789074994,NA,WCA,-0.7381445464906811,-3.568251830999072,-3.568251830999072,-0.0880568553911828,-3.5396413075420026,-3.5396413075420026,98,107
CMR,16,2011,MSM,0.443,239,0.0362223523594236,12.2300174103615,NA,WCA,-0.8141855089370014,-3.318078882213279,-3.318078882213279,-0.22899546988214825,-3.2811842152620017,-3.2811842152620017,106,133
CMR,17,2011,MSM,0.242,272,0.026806395965708,9.0276962374792,NA,WCA,-1.4188175528254507,-3.619114764502139,-3.619114764502139,-1.1417456594856852,-3.5919425243098404,-3.5919425243098404,66,206
CMR,18,2013,MSM,0.062,259,0.0337155475378062,1.83891422586205,NA,WCA,-2.7806208939370456,-3.389796196743384,-3.389796196743384,-2.716615563961133,-3.355499172874255,-3.355499172874255,16,243
CMR,19,2013,MSM,0.18,250,0.0249512320053382,7.21407263422864,NA,WCA,-1.7147984280919266,-3.6908320790322398,-3.6908320790322398,-1.5163474893680886,-3.665564288253132,-3.665564288253132,45,205
CMR,20,2013,MSM,0.001,152,0.0297879492856681,0,NA,WCA,-6.907755278982137,-3.5136513536439793,-3.5136513536439793,-6.906754778648554,-3.4834107312516562,-3.4834107312516562,0,152
CMR,21,2013,MSM,0.001,250,0.0426423836522157,0,NA,WCA,-6.907755278982137,-3.154906598899572,-3.154906598899572,-6.906754778648554,-3.1113283263615386,-3.1113283263615386,0,250
CMR,22,2013,MSM,0.127,252,0.0228620225074494,5.5550640788066,NA,WCA,-2.0635681925235456,-3.778278150887328,-3.778278150887328,-1.927748469381011,-3.7551507396598316,-3.7551507396598316,32,220
CMR,23,2013,MSM,0.01,252,0.0317055001402595,0.315402688989664,NA,WCA,-4.605170185988091,-3.4512651071474507,-3.4512651071474507,-4.59511985013459,-3.4190461045639817,-3.4190461045639817,3,249
CMR,24,2013,MSM,0.085,191,0.0399319414223805,2.12862177425614,NA,WCA,-2.4651040224918206,-3.22057873844331,-3.22057873844331,-2.3762728087852047,-3.179827635761856,-3.179827635761856,16,175
CMR,25,2016,MSM,0.206,1323,0.0224016388535482,9.19575578138436,NA,WCA,-1.579879110192556,-3.798621159692602,-3.798621159692602,-1.3492072924575549,-3.77596479272137,-3.77596479272137,273,1050
CMR,31,2004,FSW,0.231,219,0.072222588966794607,3.19844529675066,NA,WCA,-1.4653375684603434,-2.628002415439795,-2.628002415439795,-1.2026732589838505,-2.5530389816727106,-2.5530389816727106,51,168
CMR,32,2004,FSW,0.225,275,0.0568821973119882,3.95554339727626,NA,WCA,-1.491654876777717,-2.866772863572463,-2.866772863572463,-1.2367626271489267,-2.8082087827386015,-2.8082087827386015,62,213
CMR,33,2004,FSW,0.527,68,0.0646281384033214,8.15434287633629,NA,WCA,-0.6405547304407747,-2.739105384031791,-2.739105384031791,0.10810516004942952,-2.6722942682091384,-2.6722942682091384,36,32
CMR,34,2004,FSW,0.58,50,0.0925619832304629,6.26607144485985,NA,WCA,-0.5447271754416722,-2.3798767698951555,-2.3798767698951555,0.32277339226305085,-2.2827467536389996,-2.2827467536389996,29,21
CMR,35,2004,FSW,0.385,52,0.0471388449278466,8.16736177115292,NA,WCA,-0.9545119446943529,-3.054657884789914,-3.054657884789914,-0.46837893351873355,-3.006371806373669,-3.006371806373669,20,32
CMR,36,2004,FSW,0.196,50,0.0613846638731571,3.19297993396212,NA,WCA,-1.6296406197516198,-2.79059524908059,-2.79059524908059,-1.411484609948449,-2.7272457126890632,-2.7272457126890632,10,40
CMR,37,2004,FSW,0.2,50,0.0710145361569162,2.81632480930486,NA,WCA,-1.6094379124341003,-2.644870688291637,-2.644870688291637,-1.3862943611198906,-2.5712085008998273,-2.5712085008998273,10,40
CMR,38,2004,FSW,0.121,58,0.024940503305062,4.85154603818447,NA,WCA,-2.111964733385396,-3.6912621582978664,-3.6912621582978664,-1.9829943520884359,-3.6660053707030134,-3.6660053707030134,7,51
CMR,41,2009,FSW,0.333,114,0.0658944571927823,5.0535358235939,NA,WCA,-1.0996127890016931,-2.719700950377041,-2.719700950377041,-0.6946475559351799,-2.6515351041038886,-2.6515351041038886,38,76
CMR,42,2009,FSW,0.316,171,0.0518981882182249,6.08884454060828,NA,WCA,-1.152013065395225,-2.9584713985097095,-2.9584713985097095,-0.7722157040356383,-2.9051780124102917,-2.9051780124102917,54,117
CMR,43,2009,FSW,0.488,41,0.0589654311814389,8.27603547065407,NA,WCA,-0.7174398731289899,-2.830803918969036,-2.830803918969036,-0.048009219186360606,-2.7700285151552886,-2.7700285151552886,20,21
CMR,44,2009,FSW,0.531,49,0.0844517169616147,6.28761639317946,NA,WCA,-0.6329932577401982,-2.4715753048324003,-2.4715753048324003,0.12415925279565966,-2.3833431281026964,-2.3833431281026964,26,23
CMR,45,2009,FSW,0.333,39,0.0430085468224257,7.74264709233016,NA,WCA,-1.0996127890016931,-3.146356419727159,-3.146356419727159,-0.6946475559351799,-3.1023956013091665,-3.1023956013091665,13,26
CMR,46,2009,FSW,0.512,77,0.0560061493744401,9.14185327359186,NA,WCA,-0.6694306539426292,-2.882293784017834,-2.882293784017834,0.04800921918636066,-2.824658156992141,-2.824658156992141,39,38
CMR,47,2009,FSW,0.369,19,0.0853586351410551,4.32293697515462,NA,WCA,-0.9969586349416099,-2.460893661560531,-2.460893661560531,-0.5365092185006859,-2.3716704200472245,-2.3716704200472245,7,12
CMR,48,2009,FSW,0.25,16,0.0853586351410551,2.92881908885815,NA,WCA,-1.3862943611198906,-2.460893661560531,-2.460893661560531,-1.0986122886681098,-2.3716704200472245,-2.3716704200472245,4,12
CMR,49,2009,FSW,0.391,23,0.0647922537782281,6.03467200474799,NA,WCA,-0.9390477189967712,-2.736569223228881,-2.736569223228881,-0.44311070772453126,-2.6695826373277116,-2.6695826373277116,9,14
CMR,50,2009,FSW,0.366,93,0.0227552203668225,16.084221295155402,NA,WCA,-1.0051219455807707,-3.7829606932351116,-3.7829606932351116,-0.5494156210358597,-3.7599425770168384,-3.7599425770168384,34,59
CMR,51,2011,FSW,0.269,454,0.0173482464644096,15.5058899210281,NA,WCA,-1.313043899380298,-4.054263846030758,-4.054263846030758,-0.9997020801479393,-4.03676335538963,-4.03676335538963,122,332
CMR,52,2011,FSW,0.359,998,0.0487913912942004,7.35785536090405,NA,WCA,-1.0244328904938582,-3.02020138959047,-3.02020138959047,-0.5797070684323912,-2.970179506307491,-2.970179506307491,358,640
CMR,53,2011,FSW,0.434,43,0.0487913912942004,8.89501177334919,NA,WCA,-0.8347107448817322,-3.02020138959047,-3.02020138959047,-0.2655495441027782,-2.970179506307491,-2.970179506307491,19,24
CMR,54,2011,FSW,0.292,250,0.0408618002904401,7.14603854760445,NA,WCA,-1.2310014767138553,-3.1975596305916603,-3.1975596305916603,-0.8856902914254381,-3.1558395242538215,-3.1558395242538215,73,177
CMR,55,2013,FSW,0.072,310,0.0592840829853416,1.21449124915709,NA,WCA,-2.631089159966082,-2.8254144240952224,-2.8254144240952224,-2.5563656137701454,-2.7643003443418666,-2.7643003443418666,22,288
CMR,56,2013,FSW,0.049,301,0.0466918862100458,1.04943286676343,NA,WCA,-3.0159349808715104,-3.0641848722278904,-3.0641848722278904,-2.9656937644347634,-3.0163677539751452,-3.0163677539751452,15,286
CMR,57,2013,FSW,0.025,211,0.053050160276755,0.471252110636021,NA,WCA,-3.6888794541139363,-2.9365173926872177,-2.9365173926872177,-3.6635616461296463,-2.882008237931037,-2.882008237931037,5,206
CMR,58,2013,FSW,0.109,267,0.0759797228765296,1.4345932819093,NA,WCA,-2.2164073967529934,-2.577288778550583,-2.577288778550583,-2.1009965452416655,-2.4982675159081644,-2.4982675159081644,29,238
CMR,59,2013,FSW,0.032,256,0.0386940323590513,0.827000910710579,NA,WCA,-3.4420193761824103,-3.252069893445339,-3.252069893445339,-3.4094961844768505,-3.212607357401846,-3.212607357401846,8,248
CMR,60,2013,FSW,0.001,303,0.0503877465367061,0,NA,WCA,-6.907755278982137,-2.9880072577360153,-2.9880072577360153,-6.906754778648554,-2.936305725781683,-2.936305725781683,0,303
CMR,61,2013,FSW,0.065,169,0.0767956611951892,0.846401984023439,NA,WCA,-2.7333680090865,-2.566607135278712,-2.566607135278712,-2.66615925939305,-2.486702451784612,-2.486702451784612,11,158
CMR,62,2016,FSW,0.243,2255,0.0419728474233581,5.78945711137933,NA,WCA,-1.4146938356415886,-3.170732359683533,-3.170732359683533,-1.1363018100969002,-3.1278532012524822,-3.1278532012524822,548,1707
CMR,68,2012,FSW,0.275,454,0.0168624352083978,16.3084392379485,NA,WCA,-1.2909841813155656,-4.082666899804181,-4.082666899804181,-0.9694005571881034,-4.065660675014814,-4.065660675014814,125,329
CMR,69,2012,FSW,0.368,998,0.0474250625914221,7.75961021222903,NA,WCA,-0.9996723408132061,-3.048604443363889,-3.048604443363889,-0.5408064559779265,-3.0000179427326374,-3.0000179427326374,367,631
CMR,70,2012,FSW,0.369,994,0.0474250625914221,7.78069610954487,NA,WCA,-0.9969586349416099,-3.048604443363889,-3.048604443363889,-0.5365092185006859,-3.0000179427326374,-3.0000179427326374,367,627
CMR,71,2012,FSW,0.445,544,0.0474250625914221,9.38322430554869,NA,WCA,-0.8096809968158968,-3.048604443363889,-3.048604443363889,-0.22089383158019413,-3.0000179427326374,-3.0000179427326374,242,302
CMR,72,2012,FSW,0.001,4,0.0474250625914221,0,NA,WCA,-6.907755278982137,-3.048604443363889,-3.048604443363889,-6.906754778648554,-3.0000179427326374,-3.0000179427326374,0,4
COG,1,2012,MSM,0.202,99,0.0113574903406573,17.7856193526209,NA,WCA,-1.5994875815809322,-4.477877810812495,-4.477877810812495,-1.373840900048604,-4.46645533163647,-4.46645533163647,20,79
COG,2,2012,MSM,0.261,153,0.0211621589586342,12.3333352003536,NA,WCA,-1.3432348716594436,-3.855540647015563,-3.855540647015563,-1.0407775136255082,-3.834151359501723,-3.834151359501723,40,113
COG,3,2012,MSM,0.37,54,0.0211621589586342,17.484038406631502,NA,WCA,-0.9942522733438669,-3.855540647015563,-3.855540647015563,-0.5322168137473082,-3.834151359501723,-3.834151359501723,20,34
COG,4,2018,MSM,0.322,87,0.0103848101275284,31.0068259357418,NA,WCA,-1.1332037334377287,-4.5674111051598265,-4.5674111051598265,-0.7445957423959871,-4.5569719966455136,-4.5569719966455136,28,59
COG,5,2018,MSM,0.412,182,0.0193497855672638,21.2922256201653,NA,WCA,-0.8867319296326107,-3.945073941362902,-3.945073941362902,-0.35570359854910066,-3.925534498152144,-3.925534498152144,75,107
COG,6,2018,MSM,0.495,95,0.0193497855672638,25.5816788397618,NA,WCA,-0.7031975164134467,-3.945073941362902,-3.945073941362902,-0.020000666706669543,-3.925534498152144,-3.925534498152144,47,48
COG,14,2012,FSW,0.102,442,0.0452768924810475,2.25280478431015,NA,WCA,-2.282782465697866,-3.094958476394415,-3.094958476394415,-2.1751972550179284,-3.048624556081616,-3.048624556081616,45,397
COG,15,2012,FSW,0.038,314,0.0215140778987227,1.76628532158731,NA,WCA,-3.270169119255751,-3.8390477721402294,-3.8390477721402294,-3.231428290939321,-3.8172988926666864,-3.8172988926666864,12,302
COG,16,2012,FSW,0.075,756,0.0452768924810475,1.6564741061104,NA,WCA,-2.5902671654458267,-3.094958476394415,-3.094958476394415,-2.512305623976115,-3.048624556081616,-3.048624556081616,57,699
COG,17,2018,FSW,0.115,393,0.0465179503887754,2.47216395045103,NA,WCA,-2.162823150618887,-3.067917011013048,-3.067917011013048,-2.0406555166446796,-3.0202823311062637,-3.0202823311062637,45,348
COG,18,2018,FSW,0.035,286,0.022103787462268,1.5834390400173,NA,WCA,-3.3524072174927233,-3.81200630675886,-3.81200630675886,-3.316780039849572,-3.789654570030628,-3.789654570030628,10,276
COG,19,2018,FSW,0.081,679,0.0465179503887754,1.74126330423073,NA,WCA,-2.513306124309698,-3.067917011013048,-3.067917011013048,-2.428836967683248,-3.0202823311062637,-3.0202823311062637,55,624
KEN,7,2007,MSM,0.123,171,0.0365557335183168,3.36472526090521,NA,ESA,-2.0955709236097197,-3.3089172372826123,-3.3089172372826123,-1.9643226369997655,-3.2716765996262738,-3.2716765996262738,21,150
KEN,8,2007,MSM,0.245,285,0.0365557335183168,6.70209503188437,NA,ESA,-1.40649706843741,-3.3089172372826123,-3.3089172372826123,-1.1254595387042978,-3.2716765996262738,-3.2716765996262738,70,215
KEN,9,2007,MSM,0.43,114,0.0365557335183168,11.7628606682052,NA,ESA,-0.843970070294529,-3.3089172372826123,-3.3089172372826123,-0.2818511521409879,-3.2716765996262738,-3.2716765996262738,49,65
KEN,10,2010,MSM,0.122,290,0.0481163011882254,2.53552324237788,NA,ESA,-2.1037342342488805,-3.034134257242639,-3.034134257242639,-1.9736255489018601,-2.9848218404754197,-2.9848218404754197,35,255
KEN,11,2010,MSM,0.182,563,0.0481163011882254,3.78250188617028,NA,ESA,-1.7037485919053417,-3.034134257242639,-3.034134257242639,-1.5028556495259517,-2.9848218404754197,-2.9848218404754197,102,461
KEN,12,2010,MSM,0.263,273,0.0481163011882254,5.46592305529002,NA,ESA,-1.3356012468043725,-3.034134257242639,-3.034134257242639,-1.030433860011572,-2.9848218404754197,-2.9848218404754197,72,201
KEN,13,2011,MSM,0.122,158,0.0169432663520969,7.20050062748976,NA,ESA,-2.1037342342488805,-4.077884789449482,-4.077884789449482,-1.9736255489018601,-4.060796343748571,-4.060796343748571,19,139
KEN,14,2011,MSM,0.182,569,0.0404627851749159,4.49796026677935,NA,ESA,-1.7037485919053417,-3.207372611872846,-3.207372611872846,-1.5028556495259517,-3.1660684332299716,-3.1660684332299716,104,465
KEN,15,2011,MSM,0.245,411,0.0404627851749159,6.0549465129722,NA,ESA,-1.40649706843741,-3.207372611872846,-3.207372611872846,-1.1254595387042978,-3.1660684332299716,-3.1660684332299716,101,310
KEN,18,2011,PWID,0.16,590,0.0404627851749159,3.95425078398184,NA,ESA,-1.8325814637483102,-3.207372611872846,-3.207372611872846,-1.6582280766035322,-3.1660684332299716,-3.1660684332299716,94,496
KEN,19,2011,PWID,0.183,646,0.0404627851749159,4.52267433417923,NA,ESA,-1.6982691261407161,-3.207372611872846,-3.207372611872846,-1.496152942018582,-3.1660684332299716,-3.1660684332299716,118,528
KEN,20,2011,PWID,0.445,56,0.0404627851749159,10.9977599929495,NA,ESA,-0.8096809968158968,-3.207372611872846,-3.207372611872846,-0.22089383158019413,-3.1660684332299716,-3.1660684332299716,25,31
KEN,22,2011,PWID,0.187,263,0.0470246660606622,3.9766364264824,NA,ESA,-1.6766466621275504,-3.0570830051352558,-3.0570830051352558,-1.469622492693224,-3.008916746932318,-3.008916746932318,49,214
KEN,24,2010,FSW,0.231,572,0.0818348220860945,2.8227592375893,NA,ESA,-1.4653375684603434,-2.5030524280830533,-2.5030524280830533,-1.2026732589838505,-2.4176744559036085,-2.4176744559036085,132,440
KEN,25,2014,FSW,0.706,428,0.0449736486061503,15.6980814739468,NA,ESA,-0.34814004148889505,-3.1016785472645667,-3.1016785472645667,0.8760354701545602,-3.055662201465043,-3.055662201465043,302,126
KEN,26,2011,FSW,0.293,596,0.0682809879079494,4.29109198588335,NA,ESA,-1.2275826699650698,-2.6841239126785874,-2.6841239126785874,-0.8808580568795056,-2.613399913753425,-2.613399913753425,175,421
MLI,12,2006,MSM,0.17,417,0.0246582631914773,6.89424063162558,NA,WCA,-1.7719568419318752,-3.702643213917774,-3.702643213917774,-1.5856272637403817,-3.677675843813749,-3.677675843813749,71,346
MLI,14,2015,MSM,0.105,362,0.00548484564078404,19.1436563354207,NA,WCA,-2.2537949288246137,-5.205766327714013,-5.205766327714013,-2.142863368117332,-5.200266385078949,-5.200266385078949,38,324
MLI,15,2015,MSM,0.137,548,0.00857488301511971,15.9768943504458,NA,WCA,-1.987774353154012,-4.7589179285748315,-4.7589179285748315,-1.840433765255303,-4.750306069722963,-4.750306069722963,75,473
MLI,16,2015,MSM,0.199,186,0.00857488301511971,23.2073136915235,NA,WCA,-1.6144504542576446,-4.7589179285748315,-4.7589179285748315,-1.3925561223438667,-4.750306069722963,-4.750306069722963,37,149
MLI,17,2019,MSM,0.126,1031,0.00695418279324231,18.1185918958644,NA,WCA,-2.071473372030659,-4.968411959684662,-4.968411959684662,-1.9367984687040574,-4.961433483871346,-4.961433483871346,130,901
MLI,18,2019,MSM,0.184,418,0.00695418279324231,26.4588961018973,NA,WCA,-1.6928195213731514,-4.968411959684662,-4.968411959684662,-1.4894785973551214,-4.961433483871346,-4.961433483871346,77,341
MLI,19,2019,MSM,0.086,613,0.0044481795391815,19.3337519860596,NA,WCA,-2.4534079827286295,-5.4152603588238435,-5.4152603588238435,-2.3634832752006423,-5.410802256698158,-5.410802256698158,53,560
MLI,20,2019,MSM,0.001,72,0.00313215356870938,0,NA,WCA,-6.907755278982137,-5.766034469900643,-5.766034469900643,-6.906754778648554,-5.762897400872278,-5.762897400872278,0,72
MLI,21,2019,MSM,0.147,163,0.00560101510076489,26.245242577533,NA,WCA,-1.9173226922034008,-5.184807429674361,-5.184807429674361,-1.7583269607129428,-5.179190670070862,-5.179190670070862,24,139
MLI,22,2019,MSM,0.148,149,0.00422928341442909,34.9941078659015,NA,WCA,-1.9105430052180221,-5.465722705847014,-5.465722705847014,-1.7503742530652007,-5.46148445371706,-5.46148445371706,22,127
MLI,23,2019,MSM,0.147,102,0.00613429050671741,23.963651515856,NA,WCA,-1.9173226922034008,-5.0938608543337,-5.0938608543337,-1.7583269607129428,-5.087707671767762,-5.087707671767762,15,87
MLI,24,2019,MSM,0.073,151,0.00652539237952178,11.1870667316637,NA,WCA,-2.617295837833746,-5.032054192788794,-5.032054192788794,-2.541494124417464,-5.025507416962069,-5.025507416962069,11,140
MLI,25,2019,MSM,0.074,149,0.00653638856934326,11.3212363700457,NA,WCA,-2.6036901857779675,-5.030370472557641,-5.030370472557641,-2.5268091414420097,-5.023812628254084,-5.023812628254084,11,138
MLI,26,2019,MSM,0.192,245,0.0144305375017246,13.3051177045244,NA,WCA,-1.6502599069543555,-4.238408657983317,-4.238408657983317,-1.437066686493314,-4.223872987633909,-4.223872987633909,47,198
MLI,27,2009,FSW,0.277,65,0.0125520325573053,22.068139063166,NA,WCA,-1.2837377727947985,-4.37787266976053,-4.37787266976053,-0.9593917159714261,-4.365241194968168,-4.365241194968168,18,47
MLI,29,2019,FSW,0.091,55,0.00422855199173345,21.520369189713,NA,WCA,-2.396895772465287,-5.4658956632675215,-5.4658956632675215,-2.301485587660629,-5.461658145666525,-5.461658145666525,5,50
MLI,30,2019,FSW,0.066,288,0.00852193242599408,7.74472228841936,NA,WCA,-2.7181005369557116,-4.7651121532958545,-4.7651121532958545,-2.649821696202417,-4.756553701579089,-4.756553701579089,19,269
MLI,31,2019,FSW,0.103,145,0.00679503390974813,15.1581289170958,NA,WCA,-2.2730262907525014,-4.991563240994406,-4.991563240994406,-2.1643268738291606,-4.98474501572465,-4.98474501572465,15,130
MLI,32,2019,FSW,0.094,53,0.00767237792994256,12.2517426615745,NA,WCA,-2.364460496712133,-4.870128681672862,-4.870128681672862,-2.2657445237729754,-4.862426719633913,-4.862426719633913,5,48
MLI,33,2019,FSW,0.113,142,0.00895650321931265,12.6165309421585,NA,WCA,-2.1803674602697964,-4.715375393870489,-4.715375393870489,-2.060457163597239,-4.706378540062073,-4.706378540062073,16,126
MLI,34,2019,FSW,0.074,269,0.00972945190267169,7.60577273419479,NA,WCA,-2.6036901857779675,-4.632597715031523,-4.632597715031523,-2.5268091414420097,-4.622820622749989,-4.622820622749989,20,249
MLI,35,2019,FSW,0.096,301,0.0267621840436921,3.58715117732058,NA,WCA,-2.3434070875143007,-3.6207654310699975,-3.6207654310699975,-2.2424811689243405,-3.593638619575129,-3.593638619575129,29,272
MLI,36,2019,TG,0.117,274,0.0106994729751826,10.9351180447281,NA,WCA,-2.145581344184381,-4.537560793383159,-4.537560793383159,-2.021151265806204,-4.526803669455031,-4.526803669455031,32,242
MLI,41,2019,TG,0.255,34,0.00852193242599408,29.9227906598021,NA,WCA,-1.3664917338237108,-4.7651121532958545,-4.7651121532958545,-1.0721206732211332,-4.756553701579089,-4.756553701579089,9,25
MLI,42,2019,TG,0.139,43,0.00679503390974813,20.4561157230711,NA,WCA,-1.973281345851445,-4.991563240994406,-4.991563240994406,-1.823620571297039,-4.98474501572465,-4.98474501572465,6,37
MLI,43,2019,TG,0.096,39,0.00767237792994256,12.5124180373527,NA,WCA,-2.3434070875143007,-4.870128681672862,-4.870128681672862,-2.2424811689243405,-4.862426719633913,-4.862426719633913,4,35
MLI,44,2019,TG,0.033,36,0.00895650321931265,3.68447363797548,NA,WCA,-3.4112477175156566,-4.715375393870489,-4.715375393870489,-3.377690933986814,-4.706378540062073,-4.706378540062073,1,35
MLI,45,2019,TG,0.03,40,0.00972945190267169,3.08342137872762,NA,WCA,-3.506557897319982,-4.632597715031523,-4.632597715031523,-3.4760986898352733,-4.622820622749989,-4.622820622749989,1,39
MLI,46,2019,TG,0.101,82,0.0267621840436921,3.77398196780603,NA,WCA,-2.2926347621408776,-3.6207654310699975,-3.6207654310699975,-2.1861625176303607,-3.593638619575129,-3.593638619575129,8,74
MLI,48,2019,FSW,0.087,1253,0.0106994729751826,8.13124162300294,NA,WCA,-2.4418471603275536,-4.537560793383159,-4.537560793383159,-2.350827761940385,-4.526803669455031,-4.526803669455031,109,1144
MOZ,6,2008,FSW,0.545,22,0.174325561122174,3.12633440840063,NA,ESA,-0.6069694843188929,-1.7468306870523411,-1.7468306870523411,0.1804883757122938,-1.5552759621024899,-1.5552759621024899,12,10
MOZ,7,2008,FSW,0.273,11,0.0844335497744115,3.23331188525649,NA,ESA,-1.2982834837971773,-2.471790447190575,-2.471790447190575,-0.9794546823485595,-2.383578113223177,-2.383578113223177,3,8
MOZ,8,2012,FSW,0.236,411,0.18207885777899,1.29614169859556,NA,ESA,-1.443923473956527,-1.70331540124602,-1.70331540124602,-1.1747359841409104,-1.502326051066748,-1.502326051066748,97,314
NGA,13,2011,MSM,0.151,736,0.00441949116838372,34.1668292223838,NA,WCA,-1.8904754421672127,-5.421730709794554,-5.421730709794554,-1.726779349496423,-5.417301423805675,-5.417301423805675,111,625
NGA,14,2011,MSM,0.172,1288,0.0123076271099537,13.975074030387,NA,WCA,-1.760260802168684,-4.397536118540139,-4.397536118540139,-1.5715186775718069,-4.385152125350587,-4.385152125350587,222,1066
NGA,15,2011,MSM,0.201,552,0.0123076271099537,16.3313365122545,NA,WCA,-1.6044503709230613,-4.397536118540139,-4.397536118540139,-1.3800560377071986,-4.385152125350587,-4.385152125350587,111,441
NGA,16,2015,MSM,0.186,2095,0.00414257595611676,44.8995991794332,NA,WCA,-1.6820086052689358,-5.486437473015902,-5.486437473015902,-1.4762136922893392,-5.482286292821313,-5.482286292821313,390,1705
NGA,17,2015,MSM,0.23,3104,0.0115364593343426,19.9367928524933,NA,WCA,-1.4696759700589417,-4.462242881761486,-4.462242881761486,-1.2083112059245342,-4.450639361215278,-4.450639361215278,714,2390
NGA,18,2015,MSM,0.323,1009,0.0115364593343426,27.9981917015449,NA,WCA,-1.1301029557594804,-4.462242881761486,-4.462242881761486,-0.7400189496896185,-4.450639361215278,-4.450639361215278,326,683
NGA,19,2011,PWID,0.21,81,0.0123076271099537,17.0625903859376,NA,WCA,-1.5606477482646683,-4.397536118540139,-4.397536118540139,-1.3249254147435987,-4.385152125350587,-4.385152125350587,17,64
NGA,20,2011,PWID,0.031,1233,0.0123076271099537,2.51876334268602,NA,WCA,-3.473768074496991,-4.397536118540139,-4.397536118540139,-3.4422774074056197,-4.385152125350587,-4.385152125350587,38,1195
NGA,21,2011,PWID,0.037,273,0.00441949116838372,8.37200451144503,NA,WCA,-3.2968373663379125,-5.421730709794554,-5.421730709794554,-3.259135499153901,-5.417301423805675,-5.417301423805675,10,263
NGA,22,2011,PWID,0.042,1314,0.0123076271099537,3.41251807718751,NA,WCA,-3.170085660698769,-4.397536118540139,-4.397536118540139,-3.1271781596874924,-4.385152125350587,-4.385152125350587,55,1259
NGA,23,2011,PWID,0.043,1041,0.0123076271099537,3.49376850759674,NA,WCA,-3.146555163288575,-4.397536118540139,-4.397536118540139,-3.102603275759392,-4.385152125350587,-4.385152125350587,45,996
NGA,24,2015,PWID,0.139,209,0.0115364593343426,12.0487574195503,NA,WCA,-1.973281345851445,-4.462242881761486,-4.462242881761486,-1.823620571297039,-4.450639361215278,-4.450639361215278,29,180
NGA,25,2015,PWID,0.023,947,0.00414257595611676,5.55210097380088,NA,WCA,-3.7722610630529876,-5.486437473015902,-5.486437473015902,-3.748992436113633,-5.482286292821313,-5.482286292821313,22,925
NGA,26,2015,PWID,0.026,2794,0.0115364593343426,2.25372440941228,NA,WCA,-3.649658740960655,-4.462242881761486,-4.462242881761486,-3.623314765621053,-4.450639361215278,-4.450639361215278,73,2721
NGA,27,2015,PWID,0.034,3003,0.0115364593343426,2.94717807384683,NA,WCA,-3.3813947543659757,-4.462242881761486,-4.462242881761486,-3.3468033095963565,-4.450639361215278,-4.450639361215278,102,2901
NGA,28,2015,PWID,0.039,2056,0.0115364593343426,3.38058661411843,NA,WCA,-3.2441936328524905,-4.462242881761486,-4.462242881761486,-3.204412762840646,-4.450639361215278,-4.450639361215278,80,1976
NGA,29,2011,FSW,0.19,1840,0.00727831227040498,26.1049530359636,NA,WCA,-1.6607312068216509,-4.922856274638827,-4.922856274638827,-1.4500101755059984,-4.9155513462279785,-4.9155513462279785,350,1490
NGA,30,2011,FSW,0.245,4232,0.0166153183714082,14.7454291590102,NA,WCA,-1.40649706843741,-4.097430215673445,-4.097430215673445,-1.1254595387042978,-4.080675314599067,-4.080675314599067,1037,3195
NGA,31,2011,FSW,0.252,3753,0.0166153183714082,15.1667271349819,NA,WCA,-1.3783261914707137,-4.097430215673445,-4.097430215673445,-1.0879738904630538,-4.080675314599067,-4.080675314599067,946,2807
NGA,32,2011,FSW,0.287,2392,0.0166153183714082,17.2732170148405,NA,WCA,-1.248273063222516,-4.097430215673445,-4.097430215673445,-0.9099992046546751,-4.080675314599067,-4.080675314599067,687,1705
NGA,33,2015,FSW,0.144,6795,0.0165387174741684,8.70684200421896,NA,WCA,-1.9379419794061366,-4.102051133253475,-4.102051133253475,-1.7824570765657415,-4.085374124295384,-4.085374124295384,978,5817
NGA,34,2015,FSW,0.173,4174,0.0165387174741684,10.4603032411797,NA,WCA,-1.7544636844843582,-4.102051133253475,-4.102051133253475,-1.5645131005259123,-4.085374124295384,-4.085374124295384,722,3452
NGA,35,2015,FSW,0.098,2621,0.00724475737618982,13.5270230473253,NA,WCA,-2.322787800311565,-4.927477192218852,-4.927477192218852,-2.2196470413920517,-4.920206064144542,-4.920206064144542,257,2364
NGA,36,2011,FSW,0.186,479,0.0166153183714082,11.19448907582,NA,WCA,-1.6820086052689358,-4.097430215673445,-4.097430215673445,-1.4762136922893392,-4.080675314599067,-4.080675314599067,89,390
SLE,1,2011,MSM,0.057,211,0.00555221634830812,10.2661705568028,NA,WCA,-2.864704011147587,-5.193558088902105,-5.193558088902105,-2.8060150147989074,-5.187990401709048,-5.187990401709048,12,199
SLE,2,2011,MSM,0.075,400,0.0112412514202382,6.67185504497959,NA,WCA,-2.5902671654458267,-4.488165104393896,-4.488165104393896,-2.512305623976115,-4.476860192575602,-4.476860192575602,30,370
SLE,3,2011,MSM,0.095,189,0.0112412514202382,8.45101639030748,NA,WCA,-2.353878387381596,-4.488165104393896,-4.488165104393896,-2.2540580520993854,-4.476860192575602,-4.476860192575602,18,171
SLE,4,2016,MSM,0.14,408,0.010533892743264,13.2904334050225,NA,WCA,-1.9661128563728327,-4.553157339929867,-4.553157339929867,-1.8152899666382492,-4.542567573010329,-4.542567573010329,57,351
SLE,5,2016,PWID,0.085,258,0.010533892743264,8.06919171019225,NA,WCA,-2.4651040224918206,-4.553157339929867,-4.553157339929867,-2.3762728087852047,-4.542567573010329,-4.542567573010329,22,236
SLE,6,2011,FSW,0.085,425,0.0131999938217374,6.43939695335497,NA,WCA,-2.4651040224918206,-4.327538917440118,-4.327538917440118,-2.3762728087852047,-4.314251029374089,-4.314251029374089,36,389
SLE,7,2016,TG,0.153,236,0.0135447341012647,11.2959028103559,NA,WCA,-1.8773173575897015,-4.30175743440449,-4.30175743440449,-1.7112627732596188,-4.288120133580859,-4.288120133580859,36,200
SLE,8,2016,TGM,0.224,143,0.010533892743264,21.264693448036,NA,WCA,-1.4961092271270973,-4.553157339929867,-4.553157339929867,-1.242506468328179,-4.542567573010329,-4.542567573010329,32,111
SLE,9,2016,TGW,0.043,93,0.0135447341012647,3.17466549572095,NA,WCA,-3.146555163288575,-4.30175743440449,-4.30175743440449,-3.102603275759392,-4.288120133580859,-4.288120133580859,4,89
SLE,10,2016,FSW,0.067,1490,0.0135447341012647,4.94657181891404,NA,WCA,-2.703062659591171,-4.30175743440449,-4.30175743440449,-2.6337125814563778,-4.288120133580859,-4.288120133580859,100,1390
SLE,11,2016,TG,0.224,143,0.0135447341012647,16.5377923498021,NA,WCA,-1.4961092271270973,-4.30175743440449,-4.30175743440449,-1.242506468328179,-4.288120133580859,-4.288120133580859,32,111
SLE,12,2016,TG,0.043,93,0.0135447341012647,3.17466549572095,NA,WCA,-3.146555163288575,-4.30175743440449,-4.30175743440449,-3.102603275759392,-4.288120133580859,-4.288120133580859,4,89
SWZ,1,2014,MSM,0.019,53,0.187242391927174,0.101472747727928,NA,ESA,-3.9633162998156966,-1.6753512879727404,-1.6753512879727404,-3.9441334803989228,-1.4680289290324675,-1.4680289290324675,1,52
SWZ,2,2014,MSM,0.024,41,0.197511668622238,0.121511808225885,NA,ESA,-3.7297014486341915,-1.6219576147546264,-1.6219576147546264,-3.7054087560651467,-1.4019196503317113,-1.4019196503317113,1,40
TCD,1,2011,FSW,0.196,638,0.00563007431419659,34.8130395909293,NA,WCA,-1.6296406197516198,-5.179632637237974,-5.179632637237974,-1.411484609948449,-5.173986654316192,-5.173986654316192,125,513
TCD,2,2011,FSW,0.2,1098,0.0106968747910825,18.6970497370625,NA,WCA,-1.6094379124341003,-4.537803655776428,-4.537803655776428,-1.3862943611198906,-4.527049158128806,-4.527049158128806,220,878
TCD,3,2011,FSW,0.207,460,0.0106968747910825,19.3514464778597,NA,WCA,-1.575036485716768,-4.537803655776428,-4.537803655776428,-1.343104428369479,-4.527049158128806,-4.527049158128806,95,365
TGO,1,2010,MSM,0.7,40,0.028737554180189,24.3583707789079,NA,WCA,-0.35667494393873245,-3.549550503546585,-3.549550503546585,0.8472978603872034,-3.520391940393095,-3.520391940393095,28,12
TGO,2,2011,MSM,0.191,230,0.0142446172599031,13.4085736748886,NA,WCA,-1.6554818509355071,-4.251376179774898,-4.251376179774898,-1.4435254890118618,-4.237029134088565,-4.237029134088565,44,186
TGO,3,2011,MSM,0.196,408,0.0210365199186702,9.31713043591623,NA,WCA,-1.6296406197516198,-3.8614953078982586,-3.8614953078982586,-1.411484609948449,-3.8402343674631347,-3.8402343674631347,80,328
TGO,4,2011,MSM,0.202,178,0.0210365199186702,9.60234871456673,NA,WCA,-1.5994875815809322,-3.8614953078982586,-3.8614953078982586,-1.373840900048604,-3.8402343674631347,-3.8402343674631347,36,142
TGO,5,2011,MSM,0.057,35,0.0301351167239724,1.8914809762345,NA,WCA,-2.864704011147587,-3.5020641186857113,-3.5020641186857113,-2.8060150147989074,-3.471465605906747,-3.471465605906747,2,33
TGO,6,2011,MSM,0.044,19,0.0149482674335949,2.94348493532527,NA,WCA,-3.123565645063876,-4.203159876590729,-4.203159876590729,-3.07856827913314,-4.18809875777352,-4.18809875777352,1,18
TGO,7,2011,MSM,0.298,245,0.0280218460698198,10.6345598807979,NA,WCA,-1.2106617924767327,-3.5747708562385427,-3.5747708562385427,-0.8568399175204066,-3.5463489060837965,-3.5463489060837965,73,172
TGO,8,2011,MSM,0.001,43,0.0167212099312484,0,NA,WCA,-6.907755278982137,-4.091077309634637,-4.091077309634637,-6.906754778648554,-4.0742147220531715,-4.0742147220531715,0,43
TGO,9,2011,MSM,0.063,32,0.0301351167239724,2.09058423689077,NA,WCA,-2.7646205525906042,-3.5020641186857113,-3.5020641186857113,-2.6995485558468895,-3.471465605906747,-3.471465605906747,2,30
TGO,10,2011,MSM,0.035,34,0.0182072111807681,1.92231526577611,NA,WCA,-3.3524072174927233,-4.005937544649776,-4.005937544649776,-3.316780039849572,-3.987562542407449,-3.987562542407449,1,33
TGO,11,2014,MSM,0.185,354,0.0252071090838991,7.33919940538392,NA,WCA,-1.6873994539038122,-3.6806292177453845,-3.6806292177453845,-1.4828322881625378,-3.6550989676236316,-3.6550989676236316,65,289
TGO,12,2014,MSM,0.006,329,0.0163783341469965,0.366337622993258,NA,WCA,-5.115995809754082,-4.111795906156617,-4.111795906156617,-5.109977737428519,-4.095281964371325,-4.095281964371325,2,327
TGO,13,2015,MSM,0.13,491,0.0179913767599622,7.22568382255774,NA,WCA,-2.0402208285265546,-4.017862704767126,-4.017862704767126,-1.900958761193047,-3.9997075154044,-3.9997075154044,64,427
TGO,14,2015,MSM,0.189,180,0.0179913767599622,10.505032634333901,NA,WCA,-1.6660082639224947,-4.017862704767126,-4.017862704767126,-1.4565210390557706,-3.9997075154044,-3.9997075154044,34,146
TGO,15,2015,MSM,0.096,311,0.0121826365252042,7.88006765213667,NA,WCA,-2.3434070875143007,-4.407743576643764,-4.407743576643764,-2.2424811689243405,-4.395486123539148,-4.395486123539148,30,281
TGO,16,2015,MSM,0.241,29,0.0257729054417047,9.35090537406091,NA,WCA,-1.422958345491482,-3.6584315155545797,-3.6584315155545797,-1.1472048439049751,-3.632320669668888,-3.632320669668888,7,22
TGO,17,2015,MSM,0.001,40,0.0127844297605419,0,NA,WCA,-6.907755278982137,-4.359527273459594,-4.359527273459594,-6.906754778648554,-4.346660419626828,-4.346660419626828,0,40
TGO,18,2015,MSM,0.08,40,0.00610482999869461,13.1043780116901,NA,WCA,-2.5257286443082556,-5.098675018048852,-5.098675018048852,-2.4423470353692043,-5.092551477386353,-5.092551477386353,3,37
TGO,19,2015,MSM,0.03,40,0.0127844297605419,2.34660446824094,NA,WCA,-3.506557897319982,-4.359527273459594,-4.359527273459594,-3.4760986898352733,-4.346660419626828,-4.346660419626828,1,39
TGO,20,2015,MSM,0.223,215,0.0239655414536676,9.30502657038333,NA,WCA,-1.5005835075220182,-3.731138253107408,-3.731138253107408,-1.2482685789075285,-3.706880865802761,-3.706880865802761,48,167
TGO,21,2015,MSM,0.001,39,0.0143007298221658,0,NA,WCA,-6.907755278982137,-4.2474447065035035,-4.2474447065035035,-6.906754778648554,-4.233040735782456,-4.233040735782456,0,39
TGO,22,2015,MSM,0.106,47,0.0257729054417047,4.11284634709733,NA,WCA,-2.24431618487007,-3.6584315155545797,-3.6584315155545797,-2.132266681061447,-3.632320669668888,-3.632320669668888,5,42
TGO,23,2015,MSM,0.001,41,0.0155716248394617,0,NA,WCA,-6.907755278982137,-4.162304941518641,-4.162304941518641,-6.906754778648554,-4.14661080546583,-4.14661080546583,0,41
TGO,24,2017,MSM,0.146,412,0.0108485901460427,13.4579699329186,NA,WCA,-1.9241486572738007,-4.523720147895555,-4.523720147895555,-1.7663245720802334,-4.512812282705168,-4.512812282705168,60,352
TGO,25,2017,MSM,0.22,678,0.0160212505912054,13.7317619962056,NA,WCA,-1.5141277326297755,-4.133839276018913,-4.133839276018913,-1.2656663733312759,-4.117688297726556,-4.117688297726556,149,529
TGO,26,2017,MSM,0.335,266,0.0160212505912054,20.9097284942221,NA,WCA,-1.0936247471570706,-4.133839276018913,-4.133839276018913,-0.6856565088307877,-4.117688297726556,-4.117688297726556,89,177
TGO,27,2017,MSM,0.2982,466,0.0213412208696326,13.9729588021987,NA,WCA,-1.2099908766514988,-3.847114824359199,-3.847114824359199,-0.8558840608184766,-3.8255425869391853,-3.8255425869391853,139,327
TGO,28,2017,MSM,0.001,45,0.0138664709762755,0,NA,WCA,-6.907755278982137,-4.278281512770433,-4.278281512770433,-6.906754778648554,-4.2643180041951485,-4.2643180041951485,0,45
TGO,37,2017,FSW,0.268,71,0.00471029353435798,56.8966664275051,NA,WCA,-1.3167682984712803,-5.358005051375975,-5.358005051375975,-1.0047935334504547,-5.353283629449948,-5.353283629449948,19,52
TGO,38,2011,FSW,0.131,1106,0.00676242485992937,19.3717494409791,NA,WCA,-2.0325579557809856,-4.996373746157128,-4.996373746157128,-1.8921458020642405,-4.989588352493769,-4.989588352493769,145,961
TGO,39,2011,FSW,0.173,600,0.00676242485992937,25.5825393380869,NA,WCA,-1.7544636844843582,-4.996373746157128,-4.996373746157128,-1.5645131005259123,-4.989588352493769,-4.989588352493769,104,496
TGO,40,2011,FSW,0.081,506,0.00279516572962484,28.9786037162353,NA,WCA,-2.513306124309698,-5.879863879097234,-5.879863879097234,-2.428836967683248,-5.877064799597089,-5.877064799597089,41,465
TGO,41,2015,FSW,0.1,539,0.00255872099237412,39.082025862935,NA,WCA,-2.3025850929940455,-5.968247757692363,-5.968247757692363,-2.197224577336219,-5.965685757578665,-5.965685757578665,54,485
TGO,42,2015,FSW,0.117,1184,0.00619038730514784,18.9002713776413,NA,WCA,-2.145581344184381,-5.084757624752256,-5.084757624752256,-2.021151265806204,-5.078547997556936,-5.078547997556936,139,1045
TGO,43,2015,FSW,0.13,645,0.00619038730514784,21.0003015307126,NA,WCA,-2.0402208285265546,-5.084757624752256,-5.084757624752256,-1.900958761193047,-5.078547997556936,-5.078547997556936,84,561
TGO,44,2017,FSW,0.132,1003,0.00587959466612634,22.4505272039383,NA,WCA,-2.0249533563957662,-5.136267453779937,-5.136267453779937,-1.8833897920739793,-5.130370506245104,-5.130370506245104,132,871
TGO,45,2017,FSW,0.188,584,0.00587959466612634,31.9749932904576,NA,WCA,-1.6713133161521878,-5.136267453779937,-5.136267453779937,-1.4630583773317287,-5.130370506245104,-5.130370506245104,110,474
TGO,46,2017,FSW,0.053,419,0.0024302586505949,21.8083782921732,NA,WCA,-2.9374633654300153,-6.0197575867200435,-6.0197575867200435,-2.8830071796339563,-6.0173243701976595,-6.0173243701976595,22,397
ZWE,3,2016,MSM,0.525,648,0.106719691985721,4.91942949076582,NA,ESA,-0.6443570163905132,-2.2375495830097587,-2.2375495830097587,0.10008345855698263,-2.124694730402302,-2.124694730402302,340,308
ZWE,4,2017,MSM,0.31,432,0.102919839823317,3.01205288049591,NA,ESA,-1.171182981502945,-2.273804847892026,-2.273804847892026,-0.8001193001121131,-2.16519479172136,-2.16519479172136,134,298
ZWE,5,2017,MSM,0.229,35,0.0860367040385302,2.66165472700402,NA,ESA,-1.4740332754278973,-2.4529812826323654,-2.4529812826323654,-1.21396637000909,-2.363016416706651,-2.363016416706651,8,27
ZWE,6,2017,MSM,0.078,51,0.102532248977996,0.760736263736294,NA,ESA,-2.551046452292545,-2.2775779057119103,-2.2775779057119103,-2.4698363968670023,-2.1693998144377282,-2.1693998144377282,4,47
ZWE,7,2019,MSM,0.211,1176,0.0949850722606106,2.22140168953158,NA,ESA,-1.5558971455060706,-2.354035533827288,-2.354035533827288,-1.3189081873698079,-2.254231693148697,-2.254231693148697,248,928
ZWE,8,2019,MSM,0.302,682,0.0949850722606106,3.17944696795516,NA,ESA,-1.1973282616072674,-2.354035533827288,-2.354035533827288,-0.8377920853875028,-2.254231693148697,-2.254231693148697,206,476
ZWE,9,2019,MSM,0.085,494,0.0333187783023706,2.55111394627432,NA,ESA,-2.4651040224918206,-3.4016341279508144,-3.4016341279508144,-2.3762728087852047,-3.367747633090361,-3.367747633090361,42,452
ZWE,10,2011,FSW,0.506,237,0.202469751439178,2.4991387424704,NA,ESA,-0.6812186096946715,-1.5971647792021881,-1.5971647792021881,0.024001152099543045,-1.3709292633896264,-1.3709292633896264,120,117
ZWE,11,2011,FSW,0.506,338,0.144596173816233,3.4994010328591,NA,ESA,-0.6812186096946715,-1.9338104300762087,-1.9338104300762087,0.024001152099543045,-1.777628819852989,-1.777628819852989,171,167
ZWE,12,2011,FSW,0.696,229,0.202469751439178,3.43755052323991,NA,ESA,-0.3624056186477175,-1.5971647792021881,-1.5971647792021881,0.8283219589281977,-1.3709292633896264,-1.3709292633896264,159,70
ZWE,13,2015,FSW,0.45,249,0.191666926500444,2.34782290411986,NA,ESA,-0.7985076962177716,-1.6519961711993247,-1.6519961711993247,-0.20067069546215124,-1.4392150854767616,-1.4392150854767616,112,137
ZWE,14,2015,FSW,0.631,393,0.136881208289559,4.60983657205289,NA,ESA,-0.4604494164409239,-1.988641822073345,-1.988641822073345,0.536509218500686,-1.8414388744241936,-1.8414388744241936,248,145
ZWE,15,2015,FSW,0.618,241,0.191666926500444,3.22434345499127,NA,ESA,-0.4812668215244463,-1.6519961711993247,-1.6519961711993247,0.48106784885111553,-1.4392150854767616,-1.4392150854767616,149,92
ZWE,16,2017,FSW,0.655,200,0.129550356795267,5.05594902401633,NA,ESA,-0.4231200433468851,-2.0436856178653677,-2.0436856178653677,0.6410908186038923,-1.9049402482903872,-1.9049402482903872,131,69
ZWE,17,2017,FSW,0.554,202,0.129550356795267,4.27632940351916,NA,ESA,-0.5905905922348531,-2.0436856178653677,-2.0436856178653677,0.21684573472721994,-1.9049402482903872,-1.9049402482903872,112,90
ZWE,18,2011,FSW,0.251,411,0.0614257615419088,4.08623342551074,NA,ESA,-1.3823023398503531,-2.7899259627370747,-2.7899259627370747,-1.0932860443854355,-2.726532639964764,-2.726532639964764,103,308
ZWE,19,2011,FSW,0.5,2026,0.16683583009986,2.9969581456257,NA,ESA,-0.6931471805599453,-1.790745003373429,-1.790745003373429,0,-1.6082204298531413,-1.6082204298531413,1013,1013
ZWE,20,2011,FSW,0.563,56,0.16683583009986,3.37457487197453,NA,ESA,-0.5744756508424468,-1.790745003373429,-1.790745003373429,0.25334643304410004,-1.6082204298531413,-1.6082204298531413,32,24
ZWE,21,2012,FSW,0.444,831,0.164949368068102,2.69173507725527,NA,ESA,-0.8119307165499123,-1.8021167123661006,-1.8021167123661006,-0.22494373181835772,-1.621853793440657,-1.621853793440657,369,462
ZWE,22,2014,FSW,0.462,18565,0.160773262592772,2.87361214513769,NA,ESA,-0.7721903879003982,-1.8277602134710262,-1.8277602134710262,-0.15229366908004557,-1.6524858516535579,-1.6524858516535579,8577,9988
ZWE,23,2015,FSW,0.328,177,0.0581483744559422,5.64074237790635,NA,ESA,-1.1147416705979933,-2.8447573547342087,-2.8447573547342087,-0.7172447321390056,-2.7848498278842704,-2.7848498278842704,58,119
ZWE,24,2015,FSW,0.571,892,0.157934262071717,3.61542829598756,NA,ESA,-0.5603660693261269,-1.8455763953705622,-1.8455763953705622,0.285932290727993,-1.6736792011322006,-1.6736792011322006,509,383
ZWE,25,2015,FSW,0.631,715,0.157934262071717,3.99533319574107,NA,ESA,-0.4604494164409239,-1.8455763953705622,-1.8455763953705622,0.536509218500686,-1.6736792011322006,-1.6736792011322006,451,264
ZWE,26,2016,FSW,0.344,503,0.0569491201847845,6.04047962257911,NA,ESA,-1.0671136216087387,-2.8655970381146116,-2.8655970381146116,-0.6455191315706909,-2.806961995575739,-2.806961995575739,173,330
ZWE,27,2016,FSW,0.589,2883,0.154677019885263,3.80793475615779,NA,ESA,-0.5293290953305504,-1.8664160787509623,-1.8664160787509623,0.35983296915535207,-1.6983795790844913,-1.6983795790844913,1698,1185
ZWE,28,2016,FSW,0.64,2380,0.154677019885263,4.13765406441593,NA,ESA,-0.4462871026284195,-1.8664160787509623,-1.8664160787509623,0.5753641449035619,-1.6983795790844913,-1.6983795790844913,1523,857
ZWE,29,2017,FSW,0.296,639,0.0555945875894096,5.32425929995362,NA,ESA,-1.2173958246580767,-2.8896694279781983,-2.8896694279781983,-0.866418901833982,-2.8324696852483773,-2.8324696852483773,189,450
ZWE,30,2017,FSW,0.562,2705,0.150998033019263,3.72190278749065,NA,ESA,-0.5762534290884459,-1.890488468614553,-1.890488468614553,0.2492829395172452,-1.7267946927617355,-1.7267946927617355,1520,1185
ZWE,31,2017,FSW,0.644,2066,0.150998033019263,4.2649562191174,NA,ESA,-0.4400565528777834,-1.890488468614553,-1.890488468614553,0.5927679952523233,-1.7267946927617355,-1.7267946927617355,1331,735
ZWE,32,2018,FSW,0.213,5439,0.0540059172071656,3.94401226782125,NA,ESA,-1.546463113272712,-2.9186616605106095,-2.9186616605106095,-1.3069360827079783,-2.863142695584926,-2.863142695584926,1159,4280
ZWE,33,2018,FSW,0.216,74,0.146683114728899,1.47256213095293,NA,ESA,-1.5324768712979722,-1.9194807011469621,-1.9194807011469621,-1.289130612666243,-1.7608563957116283,-1.7608563957116283,16,58
ZWE,34,2018,FSW,0.414,18588,0.146683114728899,2.82241075099311,NA,ESA,-0.8818893051568227,-1.9194807011469621,-1.9194807011469621,-0.3474538157516984,-1.7608563957116283,-1.7608563957116283,7695,10893
ZWE,35,2018,FSW,0.415,18367,0.146683114728899,2.82922816826604,NA,ESA,-0.8794767587514388,-1.9194807011469621,-1.9194807011469621,-0.34333332700115815,-1.7608563957116283,-1.7608563957116283,7622,10745
ZWE,36,2018,FSW,0.499,11595,0.146683114728899,3.40189121919218,NA,ESA,-0.6951491832306184,-1.9194807011469621,-1.9194807011469621,-0.004000005333346128,-1.7608563957116283,-1.7608563957116283,5786,5809
ZWE,37,2019,FSW,0.25,7448,0.0525580289121724,4.75664717978227,NA,ESA,-1.3862943611198906,-2.945837407179984,-2.945837407179984,-1.0986122886681098,-2.891847819044441,-2.891847819044441,1862,5586
ZWE,38,2019,FSW,0.311,167,0.142750568521519,2.17862529880656,NA,ESA,-1.1679623668029029,-1.946656447816337,-1.946656447816337,-0.7954483588344246,-1.7926300969848032,-1.7926300969848032,52,115
ZWE,39,2019,FSW,0.422,26029,0.142750568521519,2.95620538937739,NA,ESA,-0.8627499649461253,-1.946656447816337,-1.946656447816337,-0.31456855463636585,-1.7926300969848032,-1.7926300969848032,10984,15045
ZWE,40,2019,FSW,0.425,25540,0.142750568521519,2.97722106750092,NA,ESA,-0.8556661100577202,-1.946656447816337,-1.946656447816337,-0.3022808718729335,-1.7926300969848032,-1.7926300969848032,10854,14686
ZWE,41,2019,FSW,0.491,18581,0.142750568521519,3.43956598621872,NA,ESA,-0.7113111511876165,-1.946656447816337,-1.946656447816337,-0.036003888756002175,-1.7926300969848032,-1.7926300969848032,9123,9458
ZWE,42,2018,FSW,0.324,142,0.146683114728899,2.20884319642939,NA,ESA,-1.1270117631898076,-1.9194807011469621,-1.9194807011469621,-0.7354495602506346,-1.7608563957116283,-1.7608563957116283,46,96
ZWE,43,2019,FSW,0.28,322,0.142750568521519,1.96146329153002,NA,ESA,-1.2729656758128873,-1.946656447816337,-1.946656447816337,-0.9444616088408512,-1.7926300969848032,-1.7926300969848032,90,232
AGO,2,2011,MSM,0.082,328,0.007177674042072,11.4243137149105,NA,ESA,-2.501036031717884,-4.9367798979771464,-4.9367798979771464,-2.4154781433562373,-4.9295763405031545,-4.9295763405031545,27,301
AGO,3,2016,MSM,0.064,358,0.0137331493662911,4.66025660196286,NA,ESA,-2.7488721956224653,-4.2879427070429035,-4.2879427070429035,-2.68273239311792,-4.274114385635055,-4.274114385635055,23,335
AGO,4,2017,MSM,0.02,455,0.0133869878437719,1.49398806015236,NA,ESA,-3.912023005428146,-4.313472100240946,-4.313472100240946,-3.8918202981106265,-4.299994698858792,-4.299994698858792,9,446
AGO,5,2011,FSW,0.072,489,0.00987203486160568,7.29332918788835,NA,ESA,-2.631089159966082,-4.618049280463339,-4.618049280463339,-2.5563656137701454,-4.608128193972329,-4.608128193972329,35,454
AGO,6,2016,FSW,0.047,2579,0.0222132967591021,2.11584982228004,NA,ESA,-3.0576076772720784,-3.80706421629202,-3.80706421629202,-3.0094673019441434,-3.784600488712853,-3.784600488712853,121,2458
AGO,7,2017,FSW,0.08,503,0.022048306743813,3.62839654443981,NA,ESA,-2.5257286443082556,-3.8145194717017223,-3.8145194717017223,-2.4423470353692043,-3.792224468135927,-3.792224468135927,40,463
GHA,4,2011,MSM,0.113,146,0.0166832042694816,6.77327917195797,NA,WCA,-2.1803674602697964,-4.0933527980139495,-4.0933527980139495,-2.060457163597239,-4.076528861654978,-4.076528861654978,16,130
GHA,5,2011,MSM,0.136,302,0.0140481784224038,9.68097043692933,NA,WCA,-1.995100393246085,-4.2652625412586,-4.2652625412586,-1.8489178830680035,-4.25111475318792,-4.25111475318792,41,261
GHA,6,2012,MSM,0.175,1252,0.0127524451126071,13.7228585149521,NA,WCA,-1.742969305058623,-4.362032252226085,-4.362032252226085,-1.550597412411167,-4.349197796717229,-4.349197796717229,219,1033
GHA,7,2017,MSM,0.18,3879,0.0111969128732736,16.0758596621439,NA,WCA,-1.7147984280919266,-4.492117174990616,-4.492117174990616,-1.5163474893680886,-4.480857104801213,-4.480857104801213,698,3181
GHA,8,2002,FSW,0.155,148,0.0339623123019932,4.56388241830352,NA,WCA,-1.8643301620628905,-3.382503830870097,-3.382503830870097,-1.6959115104379272,-3.3479513995195758,-3.3479513995195758,23,125
GHA,9,2002,FSW,0.54,149,0.0339623123019932,15.8999774573155,NA,WCA,-0.616186139423817,-3.382503830870097,-3.382503830870097,0.16034265007517948,-3.3479513995195758,-3.3479513995195758,80,69
GHA,10,2002,FSW,0.23,300,0.0338254288504675,6.79961815168002,NA,WCA,-1.4696759700589417,-3.3865424264995965,-3.3865424264995965,-1.2083112059245342,-3.352131680878609,-3.352131680878609,69,231
GHA,11,2006,FSW,0.24,300,0.030298602796701,7.92115734215084,NA,WCA,-1.4271163556401458,-3.496653679850118,-3.496653679850118,-1.1526795099383855,-3.465886587038843,-3.465886587038843,72,228
GHA,12,2006,FSW,0.393,300,0.030298602796701,12.970895147772,NA,WCA,-0.9339456671128757,-3.496653679850118,-3.496653679850118,-0.43471917919023695,-3.465886587038843,-3.465886587038843,118,182
GHA,13,2006,FSW,0.368,315,0.0301764857485348,12.1949256472937,NA,WCA,-0.9996723408132061,-3.500692275479617,-3.500692275479617,-0.5408064559779265,-3.470051107370424,-3.470051107370424,116,199
GHA,14,2006,FSW,0.522,255,0.0301764857485348,17.2982369236068,NA,WCA,-0.6500876910994983,-3.500692275479617,-3.500692275479617,0.08805685539118287,-3.470051107370424,-3.470051107370424,133,122
GHA,19,2011,FSW,0.081,337,0.0243200851664224,3.33058044187415,NA,WCA,-2.513306124309698,-3.7164527199814867,-3.7164527199814867,-2.428836967683248,-3.6918320175099377,-3.6918320175099377,27,310
GHA,20,2011,FSW,0.111,305,0.00858430106198405,12.9305809754936,NA,WCA,-2.198225077669803,-4.7578202018102305,-4.7578202018102305,-2.0805670342015703,-4.749198843409241,-4.749198843409241,34,271
GHA,21,2011,FSW,0.044,222,0.0143517431593529,3.06582967040667,NA,WCA,-3.123565645063876,-4.243883869634573,-4.243883869634573,-3.07856827913314,-4.229428144124987,-4.229428144124987,10,212
GHA,22,2011,FSW,0.041,83,0.0158652245545146,2.58426849611361,NA,WCA,-3.1941832122778293,-4.143625699964915,-4.143625699964915,-3.15231900817913,-4.127633275572063,-4.127633275572063,3,80
GHA,23,2011,FSW,0.048,357,0.0225400488901117,2.12954285210346,NA,WCA,-3.036554268074246,-3.792461601335073,-3.792461601335073,-2.987364023883474,-3.7696636426415613,-3.7696636426415613,17,340
GHA,24,2011,FSW,0.08,412,0.0327560857641942,2.4422942526133,NA,WCA,-2.5257286443082556,-3.4186665093032853,-3.4186665093032853,-2.4423470353692043,-3.385361932060634,-3.385361932060634,33,379
GHA,25,2011,FSW,0.13,501,0.0271958105864272,4.78014801532998,NA,WCA,-2.0402208285265546,-3.6046923401007014,-3.6046923401007014,-1.900958761193047,-3.577119878872975,-3.577119878872975,65,436
GHA,26,2011,FSW,0.105,233,0.0251855497068515,4.16905730556422,NA,WCA,-2.2537949288246137,-3.6814848732666583,-3.6814848732666583,-2.142863368117332,-3.6559767397799763,-3.6559767397799763,24,209
GHA,27,2016,FSW,0.034,1886,0.010360577533304,3.28167034035576,NA,WCA,-3.3813947543659757,-4.5697472972466615,-4.5697472972466615,-3.3468033095963565,-4.559332675318434,-4.559332675318434,64,1822
GHA,28,2016,FSW,0.069,3865,0.024002478023677,2.87470318406024,NA,WCA,-2.6736487743848776,-3.729598202977666,-3.729598202977666,-2.6021527726798075,-3.705302971446713,-3.705302971446713,267,3598
GHA,29,2016,FSW,0.096,1931,0.024002478023677,3.9995870386925,NA,WCA,-2.3434070875143007,-3.729598202977666,-3.729598202977666,-2.2424811689243405,-3.705302971446713,-3.705302971446713,185,1746
GHA,30,2011,FSW,0.111,3528,0.0250415953165457,4.43262494249555,NA,WCA,-2.198225077669803,-3.6872170240550126,-3.6872170240550126,-2.0805670342015703,-3.661856553297556,-3.661856553297556,392,3136
GIN,1,2012,MSM,0.52,98,0.0102623399407101,50.6707050248052,NA,WCA,-0.6539264674066639,-4.579274400845549,-4.579274400845549,0.08004270767353656,-4.568959040036935,-4.568959040036935,51,47
GIN,2,2012,MSM,0.566,242,0.0102623399407101,55.1531135462302,NA,WCA,-0.5691612007789542,-4.579274400845549,-4.579274400845549,0.2655495441027779,-4.568959040036935,-4.568959040036935,137,105
GIN,3,2012,MSM,0.597,144,0.00589254838013164,101.314399388378,NA,WCA,-0.515838165589535,-5.134066712728357,-5.134066712728357,0.39298055144591904,-5.128156734781582,-5.128156734781582,86,58
GIN,4,2017,MSM,0.114,281,0.00515623897003315,22.1091382037453,NA,WCA,-2.1715568305876416,-5.267547847028657,-5.267547847028657,-2.0505185022105854,-5.262378268785054,-5.262378268785054,32,249
GIN,5,2011,FSW,0.259,58,0.01688561677613,15.3384980503721,NA,WCA,-1.3509272172825992,-4.081293097761399,-4.081293097761399,-1.051172563596549,-4.06426329352408,-4.06426329352408,15,43
GIN,6,2011,FSW,0.327,101,0.0212278675609809,15.4042792598283,NA,WCA,-1.1177951080848836,-3.852440452919458,-3.852440452919458,-0.7217851587474744,-3.8309840339511796,-3.8309840339511796,33,68
GIN,7,2011,FSW,0.419,42,0.0212278675609809,19.7382049231439,NA,WCA,-0.8698843590599994,-3.852440452919458,-3.852440452919458,-0.32687983692977346,-3.8309840339511796,-3.8309840339511796,18,24
GIN,8,2012,FSW,0.148,574,0.0168650631184868,8.77553786548055,NA,WCA,-1.9105430052180221,-4.082511067902932,-4.082511067902932,-1.7503742530652007,-4.0655021701269,-4.0655021701269,85,489
GIN,9,2012,FSW,0.167,969,0.0212020283909862,7.87660486630602,NA,WCA,-1.7897614665653818,-3.8536584230609927,-3.8536584230609927,-1.6070398297500874,-3.832228403320965,-3.832228403320965,162,807
GIN,10,2012,FSW,0.195,395,0.0212020283909862,9.19723322712379,NA,WCA,-1.6347557204183902,-3.8536584230609927,-3.8536584230609927,-1.4178427188548164,-3.832228403320965,-3.832228403320965,77,318
GIN,11,2016,FSW,0.142,1804,0.0166049079564711,8.55168847501265,NA,WCA,-1.9519282213808764,-4.0980569672900735,-4.0980569672900735,-1.7987770418867017,-4.0813126524695065,-4.0813126524695065,256,1548
GIN,12,2017,FSW,0.107,497,0.0164335857705657,6.51105616837735,NA,WCA,-2.234926444520231,-4.108428125427555,-4.108428125427555,-2.121757746414593,-4.0918580104434294,-4.0918580104434294,53,444
GIN,13,2017,FSW,0.108,539,0.0206595937190008,5.2275955407909,NA,WCA,-2.2256240518579173,-3.879575480585612,-3.879575480585612,-2.1113349054557897,-3.8586994918497104,-3.8586994918497104,58,481
LBR,1,2013,MSM,0.198,207,0.0129855932986716,15.2476668139803,NA,WCA,-1.6194882482876019,-4.343914743831401,-4.343914743831401,-1.3988415771719793,-4.330844100631464,-4.330844100631464,41,166
LBR,2,2013,PWID,0.039,155,0.0129855932986716,3.00332831184461,NA,WCA,-3.2441936328524905,-4.343914743831401,-4.343914743831401,-3.204412762840646,-4.330844100631464,-4.330844100631464,6,149
LBR,3,2013,FSW,0.098,346,0.0178690425129699,5.48434533797033,NA,WCA,-2.322787800311565,-4.0246855319418815,-4.0246855319418815,-2.2196470413920517,-4.006654910352599,-4.006654910352599,34,312
NAM,7,2008,MSM,0.124,201,0.0680118582443871,1.82321146930629,NA,ESA,-2.0874737133771,-2.688073203062623,-2.688073203062623,-1.9550845253313547,-2.61763801524695,-2.61763801524695,25,176
NAM,13,2019,MSM,0.084,215,0.0568577084399811,1.47737223860631,NA,ESA,-2.4769384801388235,-2.8672034753656344,-2.8672034753656344,-2.3891995658308165,-2.8086653600622777,-2.8086653600622777,18,197
NAM,24,2019,FSW,0.209,242,0.0913867622849373,2.2869833088993,NA,ESA,-1.565421027017326,-2.3926546437800496,-2.3926546437800496,-1.330963715802843,-2.2968188873711033,-2.2968188873711033,51,191
NAM,25,2019,FSW,0.436,302,0.293826640088699,1.48386817433702,NA,ESA,-0.8301130356331028,-1.2247653451232747,-1.2247653451232747,-0.2574120081490247,-0.8768708257736485,-0.8768708257736485,132,170
NAM,26,2016,FSW,0.407,1518,0.15719945671944,2.58906747194673,NA,ESA,-0.8989420935395421,-1.850239854976209,-1.850239854976209,-0.37638121355513054,-1.6792149025377565,-1.6792149025377565,618,900
RWA,6,2016,MSM,0.033,294,0.00643243149943482,5.13025284496221,NA,ESA,-3.4112477175156566,-5.046402663000745,-5.046402663000745,-3.377690933986814,-5.039949454267131,-5.039949454267131,10,284
RWA,7,2016,MSM,0.04,452,0.018957419192477402,2.10999185036076,NA,ESA,-3.2188758248682006,-3.965559909960452,-3.965559909960452,-3.1780538303479453,-3.9464204951139417,-3.9464204951139417,18,434
RWA,8,2016,MSM,0.054,158,0.018957419192477402,2.84848899798703,NA,ESA,-2.9187712324178627,-3.965559909960452,-3.965559909960452,-2.863258522487604,-3.9464204951139417,-3.9464204951139417,9,149
RWA,9,2011,FSW,0.421,492,0.0125285806939711,33.6031678514543,NA,ESA,-0.8651224452997557,-4.379742789117993,-4.379742789117993,-0.31866964389061386,-4.3671350640173845,-4.3671350640173845,207,285
RWA,10,2011,FSW,0.508,1112,0.0349961839704021,14.5158683709526,NA,ESA,-0.6772738314036552,-3.3525162528539454,-3.3525162528539454,0.032002731086173734,-3.316893029637792,-3.316893029637792,565,547
RWA,11,2011,FSW,0.577,620,0.0349961839704021,16.4875119095269,NA,ESA,-0.5499130124740376,-3.3525162528539454,-3.3525162528539454,0.3104700874618215,-3.316893029637792,-3.316893029637792,358,262
RWA,12,2016,FSW,0.34,800,0.0114098475243022,29.7988206482009,NA,ESA,-1.0788096613719298,-4.473278478536426,-4.473278478536426,-0.663294217410264,-4.461803039296915,-4.461803039296915,272,528
RWA,13,2016,FSW,0.458,1967,0.0318712177211634,14.3703326307446,NA,ESA,-0.780886094867952,-3.4460519422723763,-3.4460519422723763,-0.16839681732546127,-3.4136617812620935,-3.4136617812620935,901,1066
RWA,14,2016,FSW,0.539,1167,0.0318712177211634,16.9118106724265,NA,ESA,-0.6180397080731398,-3.4460519422723763,-3.4460519422723763,0.15631752791234874,-3.4136617812620935,-3.4136617812620935,629,538
SEN,6,2011,MSM,0.127,291,0.00203085576895432,62.5352139435249,NA,WCA,-2.0635681925235456,-6.199298013699099,-6.199298013699099,-1.927748469381011,-6.197265092946305,-6.197265092946305,37,254
SEN,7,2011,MSM,0.218,500,0.00560681163741593,38.8812776489976,NA,WCA,-1.523260216193048,-5.1837730565878966,-5.1837730565878966,-1.2773596777562222,-5.178150467781398,-5.178150467781398,109,391
SEN,8,2011,MSM,0.345,209,0.00560681163741593,61.5322971968082,NA,WCA,-1.0642108619507773,-5.1837730565878966,-5.1837730565878966,-0.6410908186038922,-5.178150467781398,-5.178150467781398,72,137
SEN,9,2013,MSM,0.185,1002,0.00464414976926771,39.8350632927953,NA,WCA,-1.6873994539038122,-5.372146965608867,-5.372146965608867,-1.4828322881625378,-5.3674919982707925,-5.3674919982707925,185,817
SEN,10,2014,MSM,0.176,646,0.00152595262372233,115.337787860461,NA,WCA,-1.7372712839439852,-6.485136392655329,-6.485136392655329,-1.54368653487132,-6.483609274580136,-6.483609274580136,114,532
SEN,11,2014,MSM,0.178,1012,0.00421286881108107,42.2514936928034,NA,WCA,-1.725971728690052,-5.469611435544128,-5.469611435544128,-1.5299568447640948,-5.465389667598519,-5.465389667598519,180,832
SEN,12,2014,MSM,0.18,366,0.00421286881108107,42.7262295769922,NA,WCA,-1.7147984280919266,-5.469611435544128,-5.469611435544128,-1.5163474893680886,-5.465389667598519,-5.465389667598519,66,300
SEN,13,2018,MSM,0.191,700,0.00109185558703352,174.931558960952,NA,WCA,-1.6554818509355071,-6.819876656711038,-6.819876656711038,-1.4435254890118618,-6.8187842046154525,-6.8187842046154525,134,566
SEN,14,2018,MSM,0.276,1147,0.00301440836190414,91.5602555672505,NA,WCA,-1.287354413264987,-5.804351699599832,-5.804351699599832,-0.9643905266685663,-5.801332738758051,-5.801332738758051,317,830
SEN,15,2018,MSM,0.409,447,0.00301440836190414,135.68168306886,NA,WCA,-0.8940401229393353,-5.804351699599832,-5.804351699599832,-0.3681008613632964,-5.801332738758051,-5.801332738758051,183,264
SEN,16,2011,PWID,0.094,139,0.00560681163741593,16.7653215550724,NA,WCA,-2.364460496712133,-5.1837730565878966,-5.1837730565878966,-2.2657445237729754,-5.178150467781398,-5.178150467781398,13,126
SEN,17,2017,PWID,0.001,32,0.00117418852694675,0,NA,WCA,-6.907755278982137,-6.747177985335127,-6.747177985335127,-6.906754778648554,-6.746003106908731,-6.746003106908731,0,32
SEN,18,2017,PWID,0.016,440,0.00324171415717773,4.93566034024719,NA,WCA,-4.135166556742356,-5.731653028223928,-5.731653028223928,-4.119037174812472,-5.728406048328319,-5.728406048328319,7,433
SEN,19,2017,PWID,0.017,408,0.00324171415717773,5.24413911151264,NA,WCA,-4.074541934925921,-5.731653028223928,-5.731653028223928,-4.05739577609095,-5.728406048328319,-5.728406048328319,7,401
SEN,20,2017,PWID,0.016,440,0.00184670173914026,8.66409537657601,NA,WCA,-4.135166556742356,-6.294354074757186,-6.294354074757186,-4.119037174812472,-6.292505665762204,-6.292505665762204,7,433
SEN,21,2019,PWID,0.037,669,0.00282905996520271,13.0785492195634,NA,WCA,-3.2968373663379125,-5.867810790279819,-5.867810790279819,-3.259135499153901,-5.864977720960886,-5.864977720960886,25,644
SEN,22,2019,PWID,0.035,312,0.00408153212967835,8.57521119226328,NA,WCA,-3.3524072174927233,-5.501282839076811,-5.501282839076811,-3.316780039849572,-5.497192954760645,-5.497192954760645,11,301
SEN,23,2019,FSW,0.065,355,0.00446751240419049,14.5494839452556,NA,WCA,-2.7333680090865,-5.410923534394985,-5.410923534394985,-2.66615925939305,-5.406446012835445,-5.406446012835445,23,332
SEN,24,2011,FSW,0.15,127,0.00183071596933574,81.9351567979307,NA,WCA,-1.8971199848858813,-6.303048148569074,-6.303048148569074,-1.7346010553881064,-6.301215754791218,-6.301215754791218,19,108
SEN,25,2011,FSW,0.185,672,0.00577792138614045,32.0184349416316,NA,WCA,-1.6873994539038122,-5.153711282752277,-5.153711282752277,-1.4828322881625378,-5.147916604601009,-5.147916604601009,124,548
SEN,26,2011,FSW,0.193,545,0.00577792138614045,33.4030159120805,NA,WCA,-1.6450650900772514,-5.153711282752277,-5.153711282752277,-1.430633479365063,-5.147916604601009,-5.147916604601009,105,440
SEN,27,2016,FSW,0.033,390,0.00140078274199829,23.558257116249,NA,WCA,-3.4112477175156566,-6.570724097172544,-6.570724097172544,-3.377690933986814,-6.569322332417236,-6.569322332417236,13,377
SEN,28,2016,FSW,0.066,1698,0.00442100942904053,14.9287173120379,NA,WCA,-2.7181005369557116,-5.421387231355747,-5.421387231355747,-2.649821696202417,-5.416956420365323,-5.416956420365323,112,1586
SEN,29,2016,FSW,0.076,1308,0.00442100942904053,17.1906441774982,NA,WCA,-2.577021938695806,-5.421387231355747,-5.421387231355747,-2.497978731355353,-5.416956420365323,-5.416956420365323,99,1209
SEN,30,2019,FSW,0.034,537,0.00120327467045671,28.2562251452489,NA,WCA,-3.3813947543659757,-6.722708546806776,-6.722708546806776,-3.3468033095963565,-6.7215045476201,-6.7215045476201,18,519
SEN,31,2019,FSW,0.048,1749,0.00379765434304676,12.6393809610094,NA,WCA,-3.036554268074246,-5.573371680989978,-5.573371680989978,-2.987364023883474,-5.569566797248703,-5.569566797248703,84,1665
SEN,32,2019,FSW,0.059,1128,0.00379765434304676,15.5359057645741,NA,WCA,-2.8302178350764176,-5.573371680989978,-5.573371680989978,-2.7694056956796604,-5.569566797248703,-5.569566797248703,67,1061
TZA,12,2013,MSM,0.182,346,0.0114955682696336,15.8321881729645,NA,ESA,-1.7037485919053417,-4.465793685744155,-4.465793685744155,-1.5028556495259517,-4.454231532650821,-4.454231532650821,63,283
TZA,13,2013,MSM,0.222,753,0.0401715729716567,5.52629592464884,NA,ESA,-1.5050778971098575,-3.2145956735071275,-3.2145956735071275,-1.2540491423061122,-3.1735949411687443,-3.1735949411687443,167,586
TZA,14,2013,MSM,0.265,407,0.0401715729716567,6.59670459473848,NA,ESA,-1.3280254529959148,-3.2145956735071275,-3.2145956735071275,-1.0201406732266145,-3.1735949411687443,-3.1735949411687443,108,299
TZA,15,2014,MSM,0.154,149,0.0113333560079048,13.5882081082239,NA,ESA,-1.870802676568508,-4.480005042338605,-4.480005042338605,-1.703566757192594,-4.468606974451739,-4.468606974451739,23,126
TZA,16,2014,MSM,0.176,387,0.0396047178535716,4.44391500655844,NA,ESA,-1.7372712839439852,-3.228807030101582,-3.228807030101582,-1.54368653487132,-3.1883967030705,-3.1883967030705,68,319
TZA,17,2014,MSM,0.192,260,0.0396047178535716,4.84790727988194,NA,ESA,-1.6502599069543555,-3.228807030101582,-3.228807030101582,-1.437066686493314,-3.1883967030705,-3.1883967030705,50,210
TZA,18,2018,MSM,0.084,753,0.0361088712957199,2.3262981363241,NA,ESA,-2.4769384801388235,-3.321216701569277,-3.321216701569277,-2.3891995658308165,-3.284439773791064,-3.284439773791064,63,690
TZA,19,2013,PWID,0.123,73,0.0114955682696336,10.699775523487,NA,ESA,-2.0955709236097197,-4.465793685744155,-4.465793685744155,-1.9643226369997655,-4.454231532650821,-4.454231532650821,9,64
TZA,20,2013,PWID,0.148,583,0.0401715729716567,3.68419728309922,NA,ESA,-1.9105430052180221,-3.2145956735071275,-3.2145956735071275,-1.7503742530652007,-3.1735949411687443,-3.1735949411687443,86,497
TZA,21,2013,PWID,0.155,620,0.0401715729716567,3.85844985729986,NA,ESA,-1.8643301620628905,-3.2145956735071275,-3.2145956735071275,-1.6959115104379272,-3.1735949411687443,-3.1735949411687443,96,524
TZA,22,2013,PWID,0.157,547,0.0401715729716567,3.90823630707147,NA,ESA,-1.851509473633829,-3.2145956735071275,-3.2145956735071275,-1.6807211526535473,-3.1735949411687443,-3.1735949411687443,86,461
TZA,23,2013,PWID,0.27,37,0.0401715729716567,6.7211707191675,NA,ESA,-1.3093333199837622,-3.2145956735071275,-3.2145956735071275,-0.9946225751440619,-3.1735949411687443,-3.1735949411687443,10,27
TZA,24,2011,FSW,0.315,537,0.0614670998978747,5.124692730312,NA,ESA,-1.155182640156504,-2.7892532083225263,-2.7892532083225263,-0.7768461994365923,-2.7258158408016517,-2.7258158408016517,169,368
TZA,25,2014,FSW,0.28,1909,0.062143922418823,4.50566988856805,NA,ESA,-1.2729656758128873,-2.7783022547238305,-2.7783022547238305,-0.9444616088408512,-2.7141434775609774,-2.7141434775609774,535,1374
TZA,26,2018,FSW,0.154,948,0.0613505016136049,2.51016692528312,NA,ESA,-1.870802676568508,-2.7911519315977635,-2.7911519315977635,-1.703566757192594,-2.727838790986872,-2.727838790986872,146,802
UGA,1,2013,MSM,0.132,306,0.0511136689022143,2.58247945872423,NA,ESA,-2.0249533563957662,-2.9737033243483864,-2.9737033243483864,-1.8833897920739793,-2.921237059244618,-2.921237059244618,40,266
UGA,2,2017,PWID,0.17,1172,0.044274499489008703,3.83968202830171,NA,ESA,-1.7719568419318752,-3.117346399973214,-3.117346399973214,-1.5856272637403817,-3.0720618594550997,-3.0720618594550997,199,973
UGA,3,2013,FSW,0.342,947,0.0770795290312312,4.43697573530097,NA,ESA,-1.0729445419195318,-2.562917545583969,-2.562917545583969,-0.6543941942627118,-2.482705333761582,-2.482705333761582,324,623
UGA,4,2017,FSW,0.313,1487,0.0729285885486882,4.29186970746097,NA,ESA,-1.1615520884419839,-2.6182745556809115,-2.6182745556809115,-0.7861311016821961,-2.542549874304395,-2.542549874304395,465,1022
UGA,5,2011,FSW,0.35,1000,0.0784467133209807,4.46162732870533,NA,ESA,-1.0498221244986778,-2.5453356958881086,-2.5453356958881086,-0.6190392084062235,-2.4636410183657143,-2.4636410183657143,350,650
ZMB,5,2019,MSM,0.22,332,0.0988138389212821,2.22640879457439,NA,ESA,-1.5141277326297755,-2.3145176139837464,-2.3145176139837464,-1.2656663733312759,-2.2104741873373963,-2.2104741873373963,73,259
ZMB,6,2019,MSM,0.117,332,0.0917452024725565,1.2752710424831,NA,ESA,-2.145581344184381,-2.388740082542031,-2.388740082542031,-2.021151265806204,-2.2925097568134465,-2.2925097568134465,39,293
ZMB,7,2019,MSM,0.127,332,0.0988138389212821,1.28524507686795,NA,ESA,-2.0635681925235456,-2.3145176139837464,-2.3145176139837464,-1.927748469381011,-2.2104741873373963,-2.2104741873373963,42,290
ZMB,8,2019,MSM,0.051,332,0.0988138389212821,0.516122038742246,NA,ESA,-2.9759296462578115,-2.3145176139837464,-2.3145176139837464,-2.923583165885602,-2.2104741873373963,-2.2104741873373963,17,315
ZMB,17,2015,FSW,0.564,1115,0.142050624526275,3.97041549011759,NA,ESA,-0.5727010274840783,-1.9515717741673175,-1.9515717741673175,0.25741200814902443,-1.798361589988024,-1.798361589988024,629,486
ZMB,18,2017,FSW,0.488,1988,0.140761664416789,3.46685301017083,NA,ESA,-0.7174398731289899,-1.960687142097461,-1.960687142097461,-0.048009219186360606,-1.8089782036390258,-1.8089782036390258,970,1018
