iso3,year,kp,is_national,logit_proportion,population_proportion
AGO,2011,MSM,0,-3.870965782141922,0.020412866411760332
AGO,2017,FSW,0,-2.998027925651956,0.04751504446670469
AGO,2017,FSW,0,-3.1927778530621325,0.03943841134193837
AGO,2017,FSW,0,-3.9156765891947907,0.019537732057793446
AGO,2017,FSW,0,-3.134868553306274,0.04169165688822002
AGO,2017,FSW,0,-5.3200705541099635,0.004868589405180442
AGO,2017,MSM,0,-3.368580610405126,0.03329195966503806
AGO,2017,MSM,0,-3.139429729751366,0.04150980256369924
AGO,2017,MSM,0,-5.91810195114045,0.0026830833543891055
AGO,2017,MSM,0,-5.650716606608161,0.0035026850745612896
AGO,2017,MSM,0,-6.520247356498851,0.0014711371925730412
AGO,2017,TG,0,-5.421352933016079,0.004401700438326631
AGO,2017,TG,0,-6.856303719028046,0.0010516909691183566
AGO,2017,TG,0,-10.109153105211941,4.070360845373635e-5
AGO,2017,TG,0,-7.388963997693441,6.176541761217781e-4
AGO,2017,TG,0,-8.502801985582158,2.0285789188251839e-4
AGO,2015,FSW,0,-3.1646998713129024,0.040515953771283725
AGO,2015,FSW,0,-4.370312501357947,0.01248933148786942
BWA,2012,MSM,0,-4.254903303192761,0.013995800364724014
BWA,2012,MSM,0,-4.6889111928815,0.009112885710369932
BWA,2017,MSM,0,-4.452210289455946,0.011518559198442364
BWA,2017,MSM,0,-6.1181738687497615,0.002197634067512992
BWA,2017,MSM,0,-4.197448608989101,0.014811215140660187
BWA,2017,MSM,0,-5.288385261310422,0.00502453452458177
BWA,2017,MSM,0,-5.718831333208814,0.0032727996438333138
BWA,2017,MSM,0,-4.1400782400337786,0.015672081053017265
BWA,2017,MSM,0,-5.296448325933547,0.00498438539119119
BWA,2017,MSM,0,-2.44978705087167,0.0794541231366244
BWA,2017,MSM,0,-5.407046223172491,0.004464843730269948
BWA,2012,FSW,0,-2.001845828717917,0.11900925802571556
BWA,2012,FSW,0,-3.219001182380516,0.03845690272708129
BWA,2012,FSW,0,-2.3671044027507406,0.0857157912712187
BWA,2017,FSW,1,-4.488138979782215,0.011116577589105739
SWZ,2015,FSW,0,-1.3258856697353607,0.20984073805940578
SWZ,2015,FSW,0,-2.243195748073119,0.09593800386345362
SWZ,2015,FSW,0,-5.334329507566272,0.004799991862478421
SWZ,2015,FSW,0,-1.731266742061114,0.1504256212589887
SWZ,2015,FSW,0,-4.749445561756866,0.008582201592693977
SWZ,2015,FSW,0,-4.0680449667698975,0.0168229536958546
SWZ,2015,FSW,0,-4.0680449667698975,0.0168229536958546
SWZ,2015,FSW,1,-4.2802299134400865,0.013650563144830383
SWZ,2015,FSW,0,-3.5165167352562237,0.028845915529230784
SWZ,2015,FSW,1,-3.14089578664709,0.04145151213252057
SWZ,2016,FSW,0,-3.634017864545934,0.02573032542884446
SWZ,2015,MSM,0,-2.594123085944917,0.06951760759884677
SWZ,2015,MSM,0,-2.246234432844351,0.095674770277643
SWZ,2015,MSM,0,-4.838165929895572,0.007859311369262267
SWZ,2015,MSM,0,-4.2699178362832235,0.013790105883027943
SWZ,2015,MSM,1,-4.691952223240291,0.009085466642067252
SWZ,2015,MSM,1,-3.8163875410406667,0.021533271332773565
SWZ,2016,MSM,0,-3.9510190691227622,0.018872083671973877
ETH,2015,PWID,0,-8.065261936424744,0.00031417005072266073
ETH,2013,FSW,0,-5.180568081625288,0.005593348631144275
ETH,2013,FSW,0,-4.617587146669964,0.009780004938502122
ETH,2013,FSW,0,-5.08168443851,0.0061711215667725455
ETH,2013,FSW,0,-4.71670919783606,0.008865268988830631
ETH,2020,FSW,1,-4.903624457972798,0.007364996458488846
ETH,2020,PWID,1,-8.557032087580895,1.9215191824124538e-4
ETH,2012,FSW,0,-4.574287202249016,0.010208362643691373
ETH,2013,FSW,0,-5.890493755711934,0.00275798331509007
ETH,2013,FSW,0,-5.8012486161886105,0.0030146611878578097
ETH,2013,FSW,0,-2.6588889087733083,0.06544325544724448
ETH,2013,FSW,0,-4.775150645741556,0.008366228714398924
ETH,2013,FSW,0,-5.2163541789724155,0.005397785054199703
ETH,2013,FSW,0,-5.189641027239626,0.005543110036428157
ETH,2013,FSW,0,-4.701683960237579,0.008998269849880353
ETH,2013,FSW,0,-4.90226852335034,0.007374915986520154
ETH,2013,FSW,0,-4.734053482978885,0.008714161355340286
ETH,2013,FSW,0,-4.6987860857054,0.009024147872043335
ETH,2013,FSW,0,-3.135297593877602,0.0416745186019983
ETH,2013,FSW,0,-5.836481536574649,0.0029105989926049352
ETH,2013,FSW,0,-5.5236522941478965,0.003975377390581727
ETH,2013,FSW,0,-6.902894436354404,0.0010038639202647882
ETH,2013,FSW,0,-5.15266339333716,0.005750717153897376
ETH,2013,FSW,0,-8.35525795789627,2.351015317636616e-4
ETH,2013,FSW,0,-6.7668790818976365,0.0011499581808025697
ETH,2013,FSW,0,-8.421717638272597,2.199879797832865e-4
KEN,2010,MSM,0,-4.718685903913891,0.008847917164292793
KEN,2010,MSM,0,-5.886204738594178,0.00276980492202734
KEN,2010,MSM,0,-3.9508743283074956,0.018874763869147975
KEN,2010,MSM,0,-4.60428887901636,0.009909633249093216
KEN,2010,FSW,0,-2.932850239682624,0.05055334458751978
KEN,2010,FSW,0,-4.1604550626790395,0.015360821284878045
KEN,2010,FSW,0,0.4153372138594421,0.6023669494795076
KEN,2010,PWID,0,-4.587112483981913,0.010079584759188336
KEN,2010,PWID,0,-5.130829586476783,0.005876911939279476
KEN,2010,PWID,0,-6.102944308195842,0.0022312839760406794
KEN,2010,PWID,0,-5.98627754298966,0.002506701855015289
KEN,2020,FSW,0,-5.313020541102822,0.004902865420941575
KEN,2020,FSW,0,-6.201097851516679,0.0020231026039818924
KEN,2020,FSW,0,-4.797979934284523,0.00817894175057179
KEN,2020,FSW,0,-4.421178632373664,0.011877290993265807
KEN,2020,FSW,0,-6.163247802248162,0.0021009808051616913
KEN,2020,FSW,0,-5.221868509931418,0.0053682611453038445
KEN,2020,FSW,0,-6.166506585824053,0.002094159621797964
KEN,2020,FSW,0,-5.472776715325282,0.004181992477366931
KEN,2020,FSW,0,-1.9387467588933673,0.1257856027818013
KEN,2020,FSW,0,-5.707825467326972,0.0033088987377653633
KEN,2020,FSW,0,-4.791416691442788,0.008232355306833616
KEN,2020,FSW,0,-4.981193080137271,0.006819047473302845
KEN,2020,FSW,0,-4.839605798255803,0.007848091886657046
KEN,2020,FSW,0,-4.817269244017754,0.008023941248432765
KEN,2020,FSW,0,-2.96718389300218,0.04893060814638257
KEN,2020,FSW,0,-4.219088999685998,0.014498735089687116
KEN,2020,FSW,0,-2.6513597935724564,0.06590524879407704
KEN,2020,FSW,0,-1.5367634598174351,0.17700626514703402
KEN,2020,FSW,0,-3.583590752317431,0.027025138633164986
KEN,2020,FSW,0,-4.452665116588675,0.01151338174077107
KEN,2020,FSW,0,-6.133322810257999,0.002164664659543131
KEN,2020,FSW,0,-4.404023907465142,0.012080317723032367
KEN,2020,FSW,0,-3.437201261726597,0.03115284589395405
KEN,2020,FSW,0,-3.8186192143735704,0.02148630106509478
KEN,2020,MSM,0,-6.555269084692853,0.0014205790997592854
KEN,2020,MSM,0,-6.736851422915554,0.001184970858823599
KEN,2020,MSM,0,-6.1705023838990645,0.0020858258976953407
KEN,2020,MSM,0,-3.800770273532655,0.02186479124153895
KEN,2020,MSM,0,-6.4238273647797035,0.0016198066564328437
KEN,2020,MSM,0,-6.300064391294927,0.0018328211372929174
KEN,2020,MSM,0,-6.838017056577638,0.0010710790190509242
KEN,2020,MSM,0,-6.252592585264887,0.001921755496275485
KEN,2020,MSM,0,-5.4371390536885675,0.004333058966735049
KEN,2020,MSM,0,-5.441792383123013,0.004313029418352606
KEN,2020,MSM,0,-5.7171865620838735,0.0032781694185930804
KEN,2020,MSM,0,-2.854917662889125,0.0544276729456571
KEN,2020,MSM,0,-4.279785932143519,0.013656542300004407
KEN,2020,MSM,0,-3.2000640916633514,0.039163310985332406
KEN,2020,MSM,0,-1.6029441034219356,0.16757053793115873
KEN,2020,MSM,0,-4.189549650808148,0.014926918327911794
KEN,2020,MSM,0,-5.574925246640568,0.0037774358916711323
KEN,2020,MSM,0,-5.47186108864649,0.004185807339419363
KEN,2020,MSM,0,-4.343147706807233,0.012828839626822462
KEN,2020,MSM,0,-5.790267851757943,0.003047845439291672
KEN,2020,PWID,0,-6.846268006459368,0.0010622873074863843
KEN,2020,PWID,0,-7.281887192178354,6.874133024810018e-4
KEN,2020,PWID,0,-6.627275107997563,0.0013220152555270652
KEN,2020,PWID,0,-4.2656188511545645,0.013848694189529099
KEN,2020,PWID,0,-7.105538999081806,8.19874555981749e-4
KEN,2020,PWID,0,-4.940637344323247,0.007099279749131855
KEN,2020,PWID,0,-1.7434861303711784,0.14887067232554513
KEN,2020,PWID,0,-4.816823471829583,0.00802749017610168
KEN,2020,PWID,0,-6.080078639993591,0.0022827737389777285
KEN,2020,PWID,0,-5.2320744012151605,0.005314041551062507
KEN,2020,PWID,0,-5.882202417657859,0.0027808818943906052
KEN,2012,FSW,0,-3.709896760964874,0.02389509725203594
KEN,2012,FSW,0,-5.157410505810532,0.005723638427825182
KEN,2012,FSW,0,-3.999289154397307,0.01799876972204935
KEN,2012,FSW,0,-4.99288988006673,0.0067402855804795615
KEN,2012,FSW,0,-4.617204992112789,0.009783706552864365
KEN,2012,FSW,0,-5.3390862624738835,0.0047773225143072535
KEN,2012,FSW,0,-4.447737231403308,0.011569600349685035
KEN,2012,FSW,0,-3.123710597885555,0.042139742607928105
KEN,2012,FSW,0,-3.757124277328571,0.022817976448129877
KEN,2012,FSW,0,-3.805324023093471,0.02176761321937506
KEN,2012,FSW,0,-3.3271746728875966,0.03465061317775512
KEN,2012,FSW,0,-2.8683216160406624,0.05374194021526498
KEN,2012,FSW,0,-5.315963726600757,0.004888527030809964
KEN,2012,FSW,0,-2.955299338550559,0.049486646815003525
KEN,2012,FSW,0,-3.3189052762950855,0.03492829103135187
KEN,2012,FSW,0,-3.9510037374504763,0.01887236755421009
KEN,2012,FSW,0,-4.335800022225768,0.012922226484016504
KEN,2012,FSW,0,-2.8349483460411724,0.05546459166695331
KEN,2012,FSW,0,-3.6701811280753085,0.02483915644785814
KEN,2012,FSW,0,-4.290257084090299,0.013516211380488365
KEN,2012,FSW,0,-3.649646272880415,0.025341438554697476
KEN,2012,FSW,0,-2.012683373468858,0.11787766763492584
KEN,2012,FSW,0,-3.586229280416186,0.026955845630845306
KEN,2012,FSW,0,-2.45927722559909,0.07876276513256258
KEN,2012,FSW,0,-3.2968112101629123,0.03568074566983855
KEN,2012,FSW,0,-3.2179360411710745,0.03849630885475238
KEN,2012,FSW,0,-5.19042686534187,0.005538779877834784
KEN,2012,FSW,0,-4.354879159907254,0.01268111542011606
KEN,2012,FSW,0,-4.978276504146097,0.006838828563480394
KEN,2012,FSW,0,-5.526408847984855,0.003964477522820229
KEN,2012,FSW,0,-6.564831155266076,0.0014070791819076897
KEN,2012,FSW,0,-5.889875419148966,0.0027596844966501595
KEN,2012,FSW,0,-5.255820014291051,0.005189989945880827
KEN,2012,FSW,0,-6.402609882288513,0.0016544846025342676
KEN,2012,FSW,0,-6.189049780149642,0.0020475743023362675
KEN,2012,FSW,0,-4.3727427955643,0.01245939330878992
KEN,2012,FSW,0,-5.830254276227445,0.0029287273533741107
KEN,2012,FSW,0,-3.845729560619159,0.02092364935362651
KEN,2012,FSW,0,-5.712470079452917,0.003293616322594131
KEN,2012,FSW,0,-4.612192366684589,0.009832388318367018
KEN,2012,FSW,0,-3.389477524565099,0.03262594138349638
KEN,2012,FSW,0,-6.394870806384068,0.001667317027332298
KEN,2012,FSW,0,-4.679759055051047,0.009195900438047536
KEN,2012,FSW,0,-5.942279907035993,0.002619157701872577
KEN,2012,FSW,0,-3.9692866847911845,0.018536797982991144
KEN,2012,FSW,0,-5.347666893233917,0.004736698780514037
KEN,2012,FSW,0,-6.133935046298626,0.0021633426456033875
KEN,2012,FSW,0,-2.072682210566387,0.11178045628074776
KEN,2012,FSW,0,-4.178594402321002,0.015088864434242536
KEN,2012,MSM,0,-6.69180803345396,0.0012394986434644257
KEN,2012,MSM,0,-7.76649128031703,4.235178534392119e-4
KEN,2012,MSM,0,-6.294428655577646,0.001843160501887208
KEN,2012,MSM,0,-7.123827196029414,8.050287644053858e-4
KEN,2012,MSM,0,-5.846745380909673,0.0028809634706964825
KEN,2012,MSM,0,-8.847462718561813,1.4372533807401573e-4
KEN,2012,MSM,0,-7.1415076327308595,7.909317497413063e-4
KEN,2012,MSM,0,-4.692302185871861,0.009082316497396485
KEN,2012,MSM,0,-4.852109678925668,0.007751327160422391
KEN,2012,MSM,0,-7.561712002521989,5.197140239329431e-4
KEN,2012,MSM,0,-8.650078984083766,1.7508235727055037e-4
KEN,2012,MSM,0,-6.828834390736787,0.0010809489952412854
KEN,2012,MSM,0,-9.352501711199839,8.674060405868029e-5
KEN,2012,MSM,0,-5.905337285672688,0.0027174578693898986
KEN,2012,MSM,0,-6.384081338223637,0.0016853734065466349
KEN,2012,MSM,0,-7.880399139141839,3.779392272254688e-4
KEN,2012,MSM,0,-7.360596267256231,6.354152190871878e-4
KEN,2012,MSM,0,-4.793682170561109,0.008213879205033522
KEN,2012,MSM,0,-5.781875220407966,0.003073453574752909
KEN,2012,MSM,0,-6.168059521946158,0.0020909168441033844
KEN,2012,MSM,0,-5.237051203126251,0.005287799819113578
KEN,2012,MSM,0,-5.488621133837279,0.004116524028698897
KEN,2012,MSM,0,-8.451363629705815,2.1356331415752001e-4
KEN,2012,MSM,0,-4.564196546180346,0.010310825701850816
KEN,2012,MSM,0,-7.822262977696816,4.005533422116362e-4
KEN,2012,MSM,0,-7.328624467400771,6.560452924824964e-4
KEN,2012,MSM,0,-8.542735277904612,1.9491827005666839e-4
KEN,2012,MSM,0,-6.481866546641499,0.0015286101939670001
KEN,2012,MSM,0,-7.995061433159712,3.3700981622349405e-4
KEN,2012,MSM,0,-9.036085765668318,1.1902169215548557e-4
KEN,2012,MSM,0,-7.273423957756778,6.932516801775499e-4
KEN,2012,MSM,0,-6.481607901425983,0.0015290050082170522
KEN,2012,MSM,0,-4.325063827361874,0.013059887812135301
KEN,2012,MSM,0,-8.660579732266175,1.7325379747725866e-4
KEN,2012,MSM,0,-5.74401469434305,0.003191668471655001
KEN,2012,MSM,0,-6.026840102611221,0.0024072980467470693
KEN,2012,MSM,0,-7.214075604933418,7.356092541660817e-4
KEN,2012,MSM,0,-7.534624878417758,5.339763558655074e-4
KEN,2012,MSM,0,-10.928401927167513,1.7941037553441114e-5
KEN,2012,MSM,0,-5.806644393474307,0.0029984871970768342
KEN,2012,MSM,0,-10.023180115946932,4.4357689829573186e-5
KEN,2012,MSM,0,-6.563904781215469,0.001408381430841301
KEN,2012,MSM,0,-4.885382524842848,0.007499564308853057
KEN,2012,MSM,0,-5.072302868582044,0.0062289264792247554
KEN,2012,PWID,1,-7.049670270605456,8.669427727735282e-4
KEN,2012,PWID,0,-6.500890078708543,0.0014998486840063796
KEN,2012,PWID,0,-5.666816880389873,0.0034469352708373286
KEN,2012,PWID,0,-7.389822889020859,6.171242333038442e-4
KEN,2012,PWID,0,-8.008899402402173,3.323799427208087e-4
KEN,2012,PWID,0,-8.133740398106307,2.933823580205112e-4
KEN,2012,PWID,0,-8.020485041558853,3.28552587830484e-4
KEN,2012,PWID,0,-8.001786119438519,3.347518900113814e-4
KEN,2012,PWID,0,-7.26487636193015,6.991985516701041e-4
KEN,2012,PWID,0,-5.963806486328929,0.0025635217059066986
KEN,2012,PWID,0,-6.094119637379934,0.0022510169397184357
KEN,2012,PWID,0,-8.261607688555234,2.581768097378259e-4
KEN,2012,PWID,0,-6.291634749214292,0.0018483077888339276
KEN,2012,PWID,0,-6.328925908937985,0.0017807720576648756
KEN,2012,PWID,0,-5.769852842154765,0.003110511175994949
KEN,2012,PWID,0,-5.992853590138474,0.002490312663325085
KEN,2012,PWID,0,-7.967590540765944,3.46392859952856e-4
KEN,2012,PWID,0,-10.271033706912242,3.462036975516932e-5
KEN,2012,PWID,0,-6.64111122267374,0.0013038733469027154
KEN,2012,PWID,0,-5.745416914735852,0.0031872104394529612
KEN,2012,PWID,0,-8.470783192653851,2.0945687826242422e-4
KEN,2012,PWID,0,-8.692506661153091,1.6781061839742437e-4
KEN,2012,PWID,0,-6.980969016101318,9.285391747389919e-4
KEN,2012,PWID,0,-8.90120162770198,1.3620658143678047e-4
KEN,2012,PWID,0,-8.339944311003338,2.3872863532938316e-4
KEN,2012,PWID,0,-8.05154370285362,3.1850822413919793e-4
KEN,2012,PWID,0,-7.847917252180511,3.9041208811347905e-4
KEN,2012,PWID,0,-8.851390288456534,1.4316203450799337e-4
KEN,2012,PWID,0,-6.014552674306416,0.002436987493960957
KEN,2012,PWID,0,-7.3937581312602285,6.147019620163329e-4
KEN,2012,PWID,0,-9.345631025532676,8.733857130297373e-5
KEN,2012,PWID,0,-8.86148535744292,1.4172427805314385e-4
KEN,2012,PWID,0,-9.15351850986029,1.0583552170530548e-4
KEN,2012,PWID,0,-8.800230958158465,1.5067555953633736e-4
KEN,2012,PWID,0,-6.670277245892776,0.0012664412342197197
KEN,2012,PWID,0,-7.38746915808882,6.185775889223368e-4
KEN,2012,PWID,0,-7.87388410496439,3.8040861286402753e-4
KEN,2012,PWID,0,-7.655617774897772,4.731533379912968e-4
KEN,2012,PWID,0,-10.116177504242236,4.0418703437181264e-05
KEN,2012,PWID,0,-9.92725905996789,4.882305665647326e-5
KEN,2012,PWID,0,-10.585892951681245,2.526935348063158e-5
KEN,2012,PWID,0,-9.27710604667175,9.35326875094379e-5
KEN,2012,PWID,0,-11.055106895866045,1.580597220072137e-5
KEN,2012,PWID,0,-10.207708516873263,3.6883531731165405e-5
KEN,2013,FSW,1,-4.431870072200035,0.011752466508048206
KEN,2013,FSW,0,-4.686565733312388,0.009134089240496883
KEN,2013,FSW,0,-3.1804667363041688,0.039907447183956356
KEN,2013,FSW,0,-3.822635089148822,0.021402030795244702
KEN,2013,FSW,0,-4.711358947484849,0.00891240364817075
KEN,2013,FSW,0,-3.6788602051045443,0.024629795056398524
KEN,2013,FSW,0,-5.828793922432846,0.002932994902430285
KEN,2013,FSW,0,-4.676407051592918,0.009226491967173206
KEN,2013,FSW,0,-4.33576118013475,0.012922721933681863
KEN,2013,FSW,0,-4.878482600474336,0.00755109757643579
KEN,2013,FSW,0,-4.414233282481675,0.011959080105467208
KEN,2013,PWID,1,-7.029521340423217,8.845723021389726e-4
KEN,2013,PWID,0,-8.035501663479366,3.2365728214961046e-4
KEN,2013,PWID,0,-5.395737498459611,0.004515392712648758
KEN,2013,PWID,0,-8.153461386377284,2.8765489354444203e-4
KEN,2013,PWID,0,-5.999061337148835,0.0024749394588459307
KEN,2013,PWID,0,-8.03041514034397,3.253072295434938e-4
KEN,2013,PWID,0,-10.306967350142475,3.3398460590092055e-5
KEN,2013,PWID,0,-8.027708005058109,3.261887856724328e-4
KEN,2018,MSM,0,-7.6134231510365575,4.935349860668485e-4
KEN,2018,TG,0,-10.240094572411275,3.570819723015117e-5
KEN,2018,MSM,0,-5.518418181506607,0.003996156145057718
KEN,2018,TG,0,-6.581057649215995,0.0013844628184568354
KEN,2018,MSM,0,-5.849265617919323,0.0028737327406803408
KEN,2018,MSM,0,-7.126553555390848,8.028387155525539e-4
KEN,2018,MSM,0,-6.897846256591863,0.0010089392927221815
KEN,2018,PWID,0,-8.72330801069193,1.6272144500663807e-4
KEN,2018,TG,0,-8.177546587656627,2.808113578492966e-4
KEN,2018,MSM,0,-6.256523982962769,0.0019142295768847743
KEN,2018,PWID,0,-8.96750886760879,1.274691294219236e-4
KEN,2018,TG,0,-7.687750187888756,4.5819830317308944e-4
KEN,2018,MSM,0,-6.595013165619207,0.0013653023120936342
KEN,2018,TG,0,-8.653683372417325,1.7445253829339994e-4
KEN,2018,FSW,1,-4.3545618543707985,0.012685088796491373
KEN,2018,MSM,1,-5.993610464361335,0.0024884332115393316
KEN,2018,TG,0,-10.183662564703964,3.7781146614958614e-5
KEN,2018,MSM,0,-5.822846912158593,0.002950437805240657
KEN,2018,PWID,0,-6.820388844009766,0.0010901068658591593
KEN,2018,TG,0,-8.710657892062528,1.6479262408333336e-4
KEN,2018,MSM,0,-4.712814999174068,0.008899551575467818
KEN,2018,PWID,0,-5.060313116609706,0.00630358566849111
KEN,2018,TG,0,-7.311603934088941,6.672995873651237e-4
KEN,2018,MSM,0,-9.372521747019873,8.502146770710639e-5
KEN,2018,TG,0,-11.386908524372346,1.134288517613532e-5
KEN,2018,PWID,0,-9.850098981292977,5.273919071959422e-5
KEN,2018,TG,0,-8.690296227894882,1.6818190038084485e-4
KEN,2018,MSM,0,-4.760980644834481,0.008484609081143818
KEN,2018,PWID,0,-7.10036082006639,8.241275161962887e-4
KEN,2018,TG,0,-7.188324286195901,7.547836886408286e-4
KEN,2018,MSM,0,-8.644455306902962,1.7606956383237608e-4
KEN,2018,TG,0,-9.01649088584309,1.2137662176546924e-4
KEN,2018,MSM,0,-5.558292680745155,0.003840546437714208
KEN,2018,PWID,0,-5.369559974768837,0.004634600164938966
KEN,2018,TG,0,-8.131517155060529,2.940351519111342e-4
KEN,2018,MSM,0,-6.924115132543975,9.828063834236742e-4
KEN,2018,TG,0,-6.65398638799091,0.0012872148418628534
KEN,2018,MSM,0,-3.038840255245803,0.04570172418049424
KEN,2018,PWID,0,-7.418697278470628,5.995704782052443e-4
KEN,2018,TG,0,-5.117686183555238,0.005954201453679439
KEN,2018,MSM,0,-5.045750233892158,0.006395464339399833
KEN,2018,MSM,0,-8.947285613663327,1.3007287404430024e-4
KEN,2018,PWID,0,-9.340560311555869,8.778252597336651e-5
KEN,2018,TG,0,-10.895665302996283,1.8538074843019234e-5
KEN,2018,MSM,0,-6.055031144458468,0.0023405380833848594
KEN,2018,PWID,0,-7.818068162221423,4.0223644139073867e-4
KEN,2018,TG,0,-7.271089181774705,6.948710325173413e-4
KEN,2018,MSM,0,-4.88662913015884,0.007490291120029378
KEN,2018,PWID,0,-5.6139648672709,0.0036333331929578353
KEN,2018,TG,0,-6.636110082318313,0.0013104019672427057
KEN,2018,TG,0,-11.877051732220382,6.947986307969171e-6
KEN,2018,MSM,0,-5.024938981457342,0.006529078473706346
KEN,2018,PWID,0,-6.384310339615017,0.0016849881481315679
KEN,2018,TG,0,-7.194218792808767,7.503510265790704e-4
KEN,2018,MSM,0,-5.656187849699234,0.0034836399414526786
KEN,2018,PWID,0,-10.846259173486736,1.9476953743861815e-5
KEN,2018,TG,0,-8.874391032883555,1.3990723670837457e-4
KEN,2018,MSM,0,-8.452090393737715,2.1340819352024939e-4
KEN,2018,TG,0,-10.121624992030775,4.0199130498278286e-5
KEN,2018,MSM,0,-6.02481594143739,0.0024121639751431
KEN,2018,TG,0,-9.762941276232196,5.7541805642014225e-5
KEN,2018,MSM,0,-7.47859398610462,5.647322246411138e-4
KEN,2018,TG,0,-10.023442959983123,4.434603272444688e-5
KEN,2018,MSM,0,-5.773371170141525,0.003099620468867403
KEN,2018,PWID,0,-8.34037015563419,2.3862701991865648e-4
KEN,2018,TG,0,-7.863178764820055,3.845013184298846e-4
KEN,2018,TG,0,-8.724799927977047,1.624788984893373e-4
KEN,2018,MSM,0,-6.772430471801272,0.0011435992818472963
KEN,2018,TG,0,-8.903686687211803,1.3586856613329498e-4
KEN,2018,TG,0,-8.11456195387715,2.990615777328324e-4
KEN,2018,MSM,0,-6.514665120456352,0.0014793602088346344
KEN,2018,MSM,0,-3.7569782341885483,0.022821233045174583
KEN,2018,TG,0,-6.564111222110289,0.0014080911226842451
KEN,2010,FSW,1,-4.301003364012739,0.013373672156817968
KEN,2010,FSW,0,-5.2428744747004545,0.005257258419523864
KEN,2010,MSM,0,-4.201213810369798,0.014756374163196485
KEN,2011,FSW,0,-3.6064270923728357,0.026431104075127634
KEN,2011,MSM,0,-4.796687847318934,0.008189429883821948
KEN,2011,MSM,0,-4.221177529964742,0.01446892331882884
KEN,2011,PWID,0,-4.379099197125994,0.01238142503362314
KEN,2011,PWID,0,-5.9445575564668225,0.0026132145388054785
KEN,2011,PWID,0,-4.184886194009524,0.014995645633054683
KEN,2011,PWID,0,-4.633420031243258,0.00962785772443479
KEN,2012,MSM,1,-6.378205907062227,0.0016952880125061626
KEN,2013,PWID,1,-7.118427806512661,8.0938365645716e-4
KEN,2013,PWID,1,-8.58209569189672,1.8739664220814134e-4
KEN,2015,FSW,1,-4.494976364165788,0.011041664928607696
KEN,2015,MSM,1,-6.515815716063929,0.0014776615560896777
KEN,2015,MSM,1,-6.822399856149334,0.0010879192330900589
KEN,2015,PWID,1,-7.179721566226521,7.612999265825563e-4
KEN,2019,FSW,1,-4.384909709231698,0.012310574304934119
KEN,2019,MSM,1,-6.024069563785467,0.0024139606847961848
KEN,2019,PWID,1,-7.429478747088146,5.931447637099553e-4
LSO,2014,FSW,0,-2.281626279091949,0.09265613963848458
LSO,2014,FSW,0,-4.451569375350579,0.011525858855901164
LSO,2016,FSW,1,-4.369458996349229,0.0124998624434513
LSO,2014,MSM,0,-1.703496236946065,0.15400918788397944
LSO,2014,MSM,0,-3.94144701920739,0.01905013770733041
LSO,2016,MSM,1,-3.880581884357253,0.0202214652593573
MWI,2011,FSW,0,-6.3533514769601265,0.001737877277272191
MWI,2011,FSW,0,-4.728750262528131,0.00876009132363938
MWI,2011,FSW,0,-5.530331303505058,0.0039490187831699355
MWI,2011,FSW,0,-6.092302558019455,0.0022551017021952458
MWI,2011,FSW,0,-6.312586932279644,0.0018100539520995438
MWI,2011,FSW,0,-5.305180014376059,0.0049412668679005
MWI,2011,FSW,0,-5.635166302866722,0.0035573833133729495
MWI,2011,FSW,0,-4.560193945062563,0.01035175045441404
MWI,2011,FSW,0,-3.2331376977201467,0.037937560252461235
MWI,2014,FSW,0,-7.6431220315174855,4.790999845576905e-4
MWI,2014,FSW,0,-6.098725670946006,0.0022406957004856894
MWI,2014,FSW,0,-4.969547564424133,0.0068983719798556475
MWI,2014,FSW,0,-6.954516835858023,9.534050716097428e-4
MWI,2014,FSW,0,-5.744549629932931,0.0031899670360671394
MWI,2014,FSW,0,-5.596125949173242,0.0036984876241851366
MWI,2014,FSW,0,-5.477524694901552,0.004162265976082374
MWI,2014,FSW,0,-5.900113906381087,0.002731650442977519
MWI,2014,FSW,0,-5.739401478600983,0.003206379022013732
MWI,2014,FSW,0,-5.746290315831151,0.0031844368023477634
MWI,2014,FSW,0,-5.66651000900775,0.0034479895512185502
MWI,2014,FSW,0,-5.037430301317776,0.00644855158003988
MWI,2014,FSW,0,-4.488122401798357,0.01111675983234757
MWI,2014,FSW,0,-5.329551110933572,0.004822872130720859
MWI,2018,FSW,0,-6.032081224158654,0.002394744246166041
MWI,2018,FSW,0,-5.794587569889672,0.0030347478703388613
MWI,2018,FSW,0,-4.836967690495537,0.007868660203933262
MWI,2018,FSW,0,-4.085977647137297,0.016528903925196722
MWI,2018,FSW,0,-5.534274724766952,0.003933537937933674
MWI,2018,FSW,0,-4.234746864616581,0.014276699775265822
MWI,2018,FSW,0,-4.929517822436687,0.007178091062912488
MWI,2018,FSW,0,-4.024813062559411,0.017553145896425794
MWI,2018,FSW,0,-4.166089678314705,0.015275830788993416
MWI,2018,FSW,0,-4.7118486658331715,0.008908079019501036
MWI,2018,FSW,0,-4.896909824790811,0.0074142482181280885
MWI,2018,FSW,0,-5.1754024698961345,0.005622153590743597
MWI,2018,FSW,0,-5.8121914125893985,0.00298195003743024
MWI,2018,FSW,0,-3.751093357830387,0.0229528374688931
MWI,2018,FSW,0,-4.852995373251486,0.007744518038274294
MWI,2018,FSW,0,-2.8195343937108026,0.05627765703946274
MWI,2018,FSW,0,-5.633601678570702,0.003562933791632798
MWI,2018,FSW,0,-5.087975220105878,0.006132659570712478
MWI,2018,FSW,0,-4.528108313197886,0.0106856721405599
MWI,2018,FSW,0,-4.6933020620302415,0.009073322199587683
MWI,2018,FSW,0,-4.801256328548987,0.008152406270416282
MWI,2014,FSW,0,-5.530718754259507,0.003947495067930474
MWI,2014,FSW,0,-5.487497724340453,0.004121132100428527
MWI,2014,FSW,0,-5.965226022593672,0.002559894584391232
MWI,2014,FSW,0,-5.922066436538104,0.0026724957381590027
MWI,2014,FSW,0,-7.043768830698114,8.720696348128748e-4
MWI,2014,FSW,0,-7.000683747527004,9.104290452528644e-4
MWI,2014,FSW,0,-5.608545609139525,0.0036530044896317527
MWI,2014,FSW,0,-5.758798532161109,0.0031449777431953457
MWI,2014,FSW,0,-5.565337634079802,0.0038136878719707856
MWI,2014,FSW,0,-5.715613059555185,0.0032833147374673076
MWI,2014,FSW,0,-5.8377064219776145,0.0029070463826562703
MWI,2014,FSW,0,-4.989585582086004,0.0067624434679373095
MWI,2014,FSW,0,-5.7945314802061185,0.0030349175765481693
MWI,2014,FSW,0,-4.946239365311321,0.007059900613798684
MWI,2014,FSW,0,-5.682434306334512,0.0033937024668274397
MWI,2014,FSW,0,-6.005668789444329,0.0024586803959918756
MWI,2014,FSW,0,-5.63923781968599,0.0035429800252235197
MWI,2014,FSW,0,-5.962513678383143,0.0025668294779982014
MWI,2014,FSW,0,-6.040089051211171,0.0023756895016606864
MWI,2014,FSW,0,-5.99693760874335,0.0024801880933261675
MWI,2014,FSW,0,-4.714035416264854,0.008888793519269548
MWI,2014,FSW,0,-5.7766218467177035,0.0030895920439361797
MWI,2014,FSW,0,-4.670594154173263,0.009279781652912237
MWI,2014,FSW,0,-5.7334388259398414,0.0032254928075614343
MWI,2014,FSW,0,-5.710655301023951,0.003299579193266196
MWI,2014,FSW,0,-5.667462983008447,0.003444716585397622
MWI,2014,FSW,0,-5.549890173814752,0.0038728271081534594
MWI,2014,FSW,0,-5.494338768063653,0.0040931504739897635
MWI,2014,FSW,0,-5.506672454696263,0.004043179748211441
MWI,2014,FSW,0,-5.451111278278237,0.004273194397957013
MWI,2014,FSW,0,-6.033772573815108,0.002390706994672126
MWI,2014,FSW,0,-6.4907224669309285,0.0015151531302342626
MWI,2014,FSW,0,-5.940112346596775,0.002624826123978398
MWI,2014,FSW,0,-5.990620467548698,0.002495866155350913
MWI,2014,FSW,0,-6.4476090275372755,0.0015817996209294208
MWI,2014,FSW,0,-5.896949889226915,0.002740283397805955
MWI,2014,FSW,0,-5.704659286466203,0.0033193570819038325
MWI,2014,FSW,0,-5.6614660925730265,0.003465364436842807
MWI,2014,FSW,0,-5.7408889533962935,0.0032016284179842013
MWI,2014,FSW,0,-5.697700972675967,0.0033424572849222556
MWI,2014,FSW,0,-5.933860841296868,0.002641243160070031
MWI,2014,FSW,0,-5.8906976578946315,0.002757422564104292
MWI,2014,FSW,0,-4.5006036546486214,0.010980385116452917
MWI,2014,FSW,0,-5.79519865843001,0.0030328995600017953
MWI,2014,FSW,0,-4.457068493310751,0.011463375330372614
MWI,2014,FSW,0,-5.7520181470409195,0.0031663066119172432
MWI,2014,FSW,0,-5.531104415439321,0.003945978972034766
MWI,2014,FSW,0,-5.487883452749477,0.004119549316573043
MWI,2014,FSW,0,-5.590623164172527,0.0037188198115760884
MWI,2014,FSW,0,-5.547412272183484,0.0038823981885886204
MWI,2014,FSW,0,-5.861335374580614,0.0028393538592256127
MWI,2014,FSW,0,-5.818163427939513,0.0029642474866637103
MWI,2014,FSW,0,-4.9316679034663125,0.007162784593135277
MWI,2014,FSW,0,-4.8883038237184655,0.007477851398735346
MWI,2014,FSW,0,-4.634937674004917,0.009613397518923837
MWI,2014,FSW,0,-4.591463927669854,0.010036258545647086
MWI,2016,FSW,0,-5.311302548362455,0.004911254344209451
MWI,2016,FSW,0,-4.044166729753118,0.01722248897065187
MWI,2016,FSW,0,-4.557751254904225,0.010376804771760256
MWI,2016,FSW,0,-4.9483149002002484,0.007045365868904742
MWI,2016,FSW,0,-5.3362330096626645,0.004790907490246843
MWI,2016,FSW,0,-4.039450229154996,0.017302501912254197
MWI,2016,FSW,0,-3.305260376138438,0.0353911676618668
MWI,2016,FSW,0,-4.254767013658333,0.013997681273698171
MWI,2016,FSW,0,-4.2873766278556245,0.013554671879048144
MWI,2016,FSW,1,-5.202458995929431,0.005472898429097505
MWI,2016,MSM,0,-8.470863175658021,2.0944012945062427e-4
MWI,2016,MSM,0,-8.13403699789388,2.9329537929674424e-4
MWI,2016,MSM,0,-7.646923576657508,4.772829895075489e-4
MWI,2016,MSM,0,-5.3190467120128995,0.004873552319118983
MWI,2016,MSM,0,-5.949110263028171,0.002601375259738794
MWI,2016,MSM,0,-5.279656621994306,0.0050683605819846845
MWI,2016,MSM,0,-4.396754663227292,0.012167380082626572
MWI,2016,MSM,0,-5.1094423096585055,0.006003194135997236
MWI,2016,MSM,0,-5.4661063179767355,0.004209863444307648
MWI,2016,MSM,1,-6.601422568483419,0.0013565913565987474
MWI,2017,FSW,1,-4.907464427591129,0.007336976428003524
MWI,2017,MSM,1,-4.5613569416221695,0.010339842811751827
MWI,2019,FSW,1,-4.584156136712461,0.010109125918169861
MWI,2019,MSM,1,-4.800844663284549,0.008155735646988294
MWI,2019,TG,0,-7.2272018774622255,7.260235071624055e-4
"NAM",2013,FSW,0,-1.3440458547916105,0.20684550653794967
"NAM",2013,FSW,0,-0.9980253112989367,0.2693298458327927
"NAM",2013,FSW,0,-2.6572960007852924,0.06554074585703933
"NAM",2013,MSM,0,-1.8476283894165395,0.13615159179451916
"NAM",2013,MSM,0,-1.8139199939734372,0.14016502607226783
"NAM",2013,MSM,0,-2.6434435259183378,0.06639426597024135
"NAM",2013,MSM,0,-4.007241263922294,0.017858755068918833
"NAM",2013,FSW,0,-3.0671138221320025,0.04448434482922004
"NAM",2013,FSW,0,-2.5198201178227086,0.07448034403909766
"NAM",2013,FSW,1,-4.137395131357725,0.015713525773008004
"NAM",2013,MSM,1,-3.6334079574177265,0.025745619172336993
"NAM",2013,FSW,0,-3.5507670990168165,0.027901760027672865
RWA,2010,FSW,0,-4.628602854801977,0.009673898952547262
RWA,2010,FSW,1,-6.666774173031342,0.0012708798017348206
RWA,2010,FSW,1,-6.66833743877104,0.0012688971499380424
RWA,2018,FSW,1,-5.419977860528368,0.004407730561994939
ZAF,2018,FSW,0,-6.05776810466477,0.0023341558142895118
ZAF,2018,FSW,0,-6.78989859721362,0.0011238184660388936
ZAF,2014,FSW,0,-6.532904470147142,0.001452661064876358
ZAF,2014,FSW,0,-7.417984581210424,5.999976862729336e-4
ZAF,2014,FSW,0,-9.190439596090236,1.0199960666639871e-4
ZAF,2014,FSW,0,-4.6940440992578445,0.009066652974893062
ZAF,2014,FSW,0,-5.852964354174158,0.0028631535710188613
ZAF,2014,FSW,0,-6.3475044209602105,0.0017480506935593821
ZAF,2014,FSW,0,-6.933274867320678,9.73853967955882e-4
ZAF,2015,PWID,1,-5.993790639803463,0.0024879860127734214
ZAF,2015,TG,1,-5.410316131993501,0.004450332809216718
ZAF,2015,TG,1,-5.343453739392062,0.0047566021949613626
ZAF,2015,FSW,1,-5.876679174018289,0.002796240810270401
ZAF,2016,MSM,0,-5.257583860901271,0.005180891054261478
ZAF,2013,FSW,0,-3.1262495883448573,0.042037377890137756
ZAF,2013,TG,0,-7.351902134216133,6.409601318045412e-4
ZAF,2013,TG,0,-7.934181257290383,3.5815687174248515e-4
ZAF,2013,TG,0,-8.06509965709261,3.14221022144334e-4
ZAF,2013,TG,0,-7.426613004911628,5.94845989029209e-4
ZAF,2013,TG,0,-7.619984286126972,4.903090186222725e-4
ZAF,2013,TG,0,-7.927659913122137,3.604993236298138e-4
ZAF,2013,TG,0,-8.07418507328018,3.113800077614527e-4
ZAF,2013,TG,0,-8.075426165513052,3.1099391627348614e-4
ZAF,2013,TG,0,-8.001654895712878,3.3479580557616674e-4
ZAF,2013,TG,1,-7.895736040956583,3.721891744768229e-4
ZAF,2017,FSW,0,-4.7301677401819155,0.008747791432783227
ZAF,2017,FSW,0,-4.8958052215774375,0.007422381724016236
ZAF,2017,FSW,0,-4.943762987675669,0.007077281373600202
ZAF,2017,FSW,0,-5.037657462451959,0.006447096329139006
ZAF,2017,FSW,0,-4.803978811414462,0.008130421876655964
ZAF,2017,FSW,0,-4.796572084510789,0.008190370204920321
ZAF,2017,MSM,0,-4.122552403584791,0.01594475029533135
ZAF,2017,MSM,0,-5.869224099412787,0.0028171059471564395
ZAF,2017,MSM,0,-4.125144281261035,0.015904133380376127
ZAF,2017,MSM,0,-4.16843057291504,0.015240657855668208
ZAF,2017,MSM,0,-4.007835942126574,0.01784832751038102
ZAF,2017,MSM,0,-3.890287306733486,0.02003006875076845
ZAF,2017,MSM,0,-3.8186112832518706,0.02148646781470561
ZAF,2017,PWID,0,-8.784963414986887,1.5299330128323437e-4
ZAF,2017,PWID,0,-8.497218842718135,2.0399341237110056e-4
ZAF,2017,PWID,0,-7.833723862251892,3.959906605975636e-4
ZAF,2017,PWID,0,-8.086113612467562,3.0768890051417703e-4
ZAF,2017,PWID,0,-6.566171917605585,0.0014051965364898032
ZAF,2017,FSW,0,-5.085846463410343,0.006145648099571093
ZAF,2017,FSW,0,-4.8386755432941,0.007855338633534758
ZAF,2016,MSM,0,-4.395772306093938,0.012179193022163587
ZAF,2016,MSM,0,-4.748559429926947,0.008589744571558224
ZAF,2016,MSM,0,-4.516219357312004,0.010812090040631953
ZAF,2016,MSM,0,-5.831511886671612,0.0029250572371036644
ZAF,2017,MSM,0,-4.082047991246126,0.01659290474075245
ZAF,2015,PWID,1,-6.827119850306924,0.0010828019071984934
ZAF,2015,PWID,1,-6.566180776481903,0.0014051841055749282
ZAF,2017,PWID,0,-8.729779811422366,1.6167191433670886e-4
ZAF,2013,SW,1,-7.6725720878458485,4.652026695876308e-4
UGA,2019,FSW,1,-4.375873898081011,0.012420926484939821
UGA,2019,MSM,1,-6.084929731669484,0.0022717517076048894
UGA,2019,PWID,1,-7.93089434297433,3.5933561582475644e-4
UGA,2020,FSW,0,-4.16961694014916,0.015222862641318427
UGA,2020,MSM,0,-3.665514475497425,0.02495244391201298
UGA,2020,PWID,0,-5.679130072178353,0.0034048963567627787
UGA,2017,FSW,1,-3.7136088443236734,0.023808669015880666
UGA,2018,FSW,0,-11.539279044621502,9.739811589599773e-6
UGA,2018,FSW,0,-7.395991383454762,6.13331550289791e-4
UGA,2018,FSW,0,-7.458754134398165,5.76041793254399e-4
UGA,2018,FSW,0,-7.195034016614763,7.497400302615508e-4
UGA,2018,FSW,0,-4.974082056399099,0.006867376510678233
UGA,2018,FSW,0,-7.535683870187622,5.33411480083229e-4
UGA,2018,FSW,0,-5.946779970450466,0.0026074284691923904
UGA,2018,FSW,0,-5.721152592087763,0.0032652362163830117
UGA,2018,FSW,0,-5.385796984604586,0.004560296158004174
UGA,2018,FSW,0,-7.2111989875940115,7.37726803652361e-4
UGA,2018,FSW,0,-6.017967207153399,0.0024287006855967914
UGA,2018,FSW,0,-7.042008945696561,8.736043864229631e-4
UGA,2018,FSW,0,-6.162316979364808,0.00210293324213567
UGA,2018,FSW,0,-6.04320699429494,0.0023683112881205436
UGA,2018,FSW,0,-6.802768059993019,0.0011094641366035493
UGA,2018,FSW,0,-5.880662172175634,0.0027851564967926196
UGA,2018,FSW,0,-6.461850925247384,0.0015594663355930553
UGA,2018,FSW,0,-5.99009217960864,0.0024971817461915706
UGA,2018,FSW,0,-5.035005480100255,0.006464105938841763
UGA,2018,FSW,0,-4.934616062444632,0.007141849255571108
UGA,2018,FSW,0,-5.741101015636835,0.003200951718510791
UGA,2018,FSW,0,-5.118628325253576,0.005948627748257869
UGA,2018,FSW,0,-5.0596016819578224,0.006308043554341524
UGA,2018,FSW,0,-5.088749154756236,0.006127944202825681
UGA,2018,FSW,0,-5.923082169792324,0.0026697898171043457
UGA,2018,FSW,0,-6.739789004642124,0.0011814991245682226
UGA,2018,FSW,0,-5.267744412566117,0.005128785484882181
UGA,2018,FSW,0,-5.432732517591861,0.004352111596437157
UGA,2018,FSW,0,-4.243143138763073,0.014159020671565704
UGA,2018,FSW,0,-5.620206398476301,0.003610807884110835
UGA,2018,FSW,0,-5.780195876974349,0.0030786033919231975
UGA,2018,FSW,0,-5.500696607027315,0.004067314944659677
UGA,2018,FSW,0,-5.1539983291208635,0.005743089496903876
UGA,2018,FSW,0,-5.225997992342404,0.005346256986063272
UGA,2018,FSW,0,-4.806606161187363,0.008109261450358727
UGA,2018,FSW,0,-5.1739336642975315,0.005630370980047482
UGA,2018,FSW,0,-5.825690273308859,0.002942085206987223
UGA,2018,FSW,0,-5.037016879506074,0.006451200900802543
UGA,2018,FSW,0,-5.044169023885938,0.00640552008334969
UGA,2018,FSW,0,-7.709745873946853,4.48234417589133e-4
UGA,2018,FSW,0,-5.293859333455807,0.004997242076132344
UGA,2018,FSW,0,-5.321103814457077,0.004863585936557874
UGA,2018,FSW,0,-5.159791912253804,0.005710102073030761
UGA,2018,FSW,0,-4.868437629061126,0.007626748964459771
UGA,2018,FSW,0,-5.250891551174867,0.005215498020549282
UGA,2018,FSW,0,-5.082945285751617,0.006163393554501668
UGA,2018,FSW,0,-5.3572518673716285,0.004691726528159509
UGA,2018,FSW,0,-5.097214046572781,0.00607660462461015
UGA,2018,FSW,0,-5.198679984356806,0.00549350587146078
UGA,2018,FSW,0,-4.258405513530922,0.013947552321235988
UGA,2018,FSW,0,-4.713655615438759,0.008892140106260975
UGA,2018,FSW,0,-5.0141159728390265,0.006599657636781488
UGA,2018,FSW,0,-5.155194020605447,0.005736266004633576
UGA,2018,FSW,0,-5.0519610530716745,0.006356118051464573
UGA,2018,FSW,0,-5.086128747475482,0.0061439241829646845
UGA,2018,FSW,0,-5.093195464022401,0.006100923813009199
UGA,2018,FSW,0,-4.2939271241147425,0.013467364083428796
UGA,2018,FSW,0,-5.290695798886862,0.005012996680964668
UGA,2018,FSW,0,-5.72764272204902,0.0032441815566989565
UGA,2018,FSW,0,-5.050617399583209,0.0063646098189342045
UGA,2018,FSW,0,-4.47264418866348,0.011288208512419544
UGA,2018,FSW,0,-4.669197549770606,0.009292630372826674
UGA,2018,FSW,0,-5.177846503960636,0.005608506604497119
UGA,2018,FSW,0,-5.15648228240236,0.005728923258655806
UGA,2018,FSW,0,-5.270204945974283,0.005116245934881903
UGA,2018,FSW,0,-5.331686736544546,0.004812632788464711
UGA,2018,FSW,0,-5.021224372950532,0.006553217314576137
UGA,2018,FSW,0,-5.026014945424062,0.006522102992009512
UGA,2018,FSW,0,-4.435607724976137,0.01170913524099618
UGA,2018,FSW,0,-4.922824378758431,0.007225950024041768
UGA,2018,FSW,0,-3.430942017974919,0.031342319972558784
UGA,2018,FSW,0,-3.6935453731092687,0.024279462722427456
UGA,2018,FSW,0,-4.841692394091494,0.00783186128301355
UGA,2018,FSW,0,-4.797112413407713,0.008185982123844665
UGA,2018,FSW,0,-4.0192423626721965,0.017649471431813855
UGA,2018,FSW,0,-4.623286550097956,0.00972496381597019
UGA,2018,FSW,0,-4.996691615061837,0.006714881189241004
UGA,2018,FSW,0,-4.255139630036962,0.013992539448218242
UGA,2018,FSW,0,-5.293672553967013,0.004998170879986426
UGA,2018,FSW,0,-3.785040104219579,0.02220375037441356
UGA,2018,FSW,0,-4.3424301313673785,0.012837930366691138
UGA,2018,FSW,0,-4.942064684092961,0.007089225677526212
UGA,2018,FSW,0,-3.586440511803268,0.026950305748204645
UGA,2018,FSW,0,-3.4967820980625084,0.02940392860094624
UGA,2018,FSW,0,-3.636862590121075,0.025659109194227248
UGA,2018,FSW,0,-4.756836813358152,0.008519540659878746
UGA,2018,FSW,0,-3.4742822444555275,0.03005290371145445
UGA,2018,FSW,0,-3.3719408330185012,0.0331839850195142
UGA,2018,FSW,0,-3.1507083137338943,0.04106337773690577
UGA,2018,FSW,0,-4.518658129726038,0.010786038002808402
UGA,2018,FSW,0,-3.5678448035035255,0.027442272864056195
UGA,2018,FSW,0,-3.584068192802968,0.027012587274941654
UGA,2018,FSW,0,-3.5632993151209997,0.02756384922508725
UGA,2018,FSW,0,-2.441423187988274,0.08006802155584368
UGA,2018,FSW,0,-3.533146247658288,0.02838369142442924
UGA,2018,FSW,0,-3.588459867369796,0.02689740075031752
UGA,2018,FSW,0,-3.4995746394413354,0.029324335968916957
UGA,2018,FSW,0,-3.4847590254961096,0.029749007430553722
UGA,2018,FSW,0,-3.1247256974512867,0.04209878818264552
UGA,2018,FSW,0,-5.531747095144911,0.00394345378356254
UGA,2018,FSW,0,-2.870549297555972,0.05362876682442787
UGA,2018,FSW,0,-3.4999073968431604,0.029314865706037564
UGA,2018,FSW,0,-3.586997473235294,0.026935703846527614
UGA,2018,FSW,0,-3.859914080304172,0.02063503352619387
UGA,2018,FSW,0,-3.369323308106035,0.033268065258981995
UGA,2018,FSW,0,-3.6460638165645047,0.025430073162378733
UGA,2018,FSW,0,-2.363327178973704,0.08601227058076936
UGA,2018,FSW,0,-2.5479468602156032,0.07256453826242022
UGA,2018,FSW,0,-2.3270154828971528,0.08891012797874888
UGA,2018,FSW,1,-3.7560284744752073,0.022842422691493624
UGA,2018,MSM,0,-11.547363728025907,9.661386505405612e-6
UGA,2018,MSM,0,-7.325058630356694,6.583872759745317e-4
UGA,2018,MSM,0,-7.2418681169689165,7.154607381553628e-4
UGA,2018,MSM,0,-7.081728570606325,8.396137972107759e-4
UGA,2018,MSM,0,-5.544137566018764,0.0038950831393078076
UGA,2018,MSM,0,-7.509046802758294,5.478030376911177e-4
UGA,2018,MSM,0,-5.914537037562619,0.0026926395831232135
UGA,2018,MSM,0,-5.687880235684479,0.0033753330500773614
UGA,2018,MSM,0,-5.35331625288626,0.004710140594679857
UGA,2018,MSM,0,-7.127152415339683,8.023584571828194e-4
UGA,2018,MSM,0,-5.950342136732323,0.002598180987877266
UGA,2018,MSM,0,-6.159826753964175,0.0021081654919537134
UGA,2018,MSM,0,-6.001204455610916,0.0024696541352233667
UGA,2018,MSM,0,-6.7014416382781095,0.0012276297243143032
UGA,2018,MSM,0,-5.28217818525818,0.0050556610205536
UGA,2018,MSM,0,-5.992000233249563,0.0024924333968007564
UGA,2018,MSM,0,-5.869574201651486,0.0028161226216715774
UGA,2018,MSM,0,-4.816459666079654,0.008030387697898496
UGA,2018,MSM,0,-5.07055291576407,0.006239768274701158
UGA,2018,MSM,0,-6.391054405378718,0.0016736816651034847
UGA,2018,MSM,0,-5.937120286249527,0.0026326708161421423
UGA,2018,MSM,0,-5.022489461024445,0.006544986385564492
UGA,2018,MSM,0,-5.005150789352382,0.0066586950476769805
UGA,2018,MSM,0,-5.337554436235496,0.004784611109371316
UGA,2018,MSM,0,-6.1060391741798865,0.002224404462919527
UGA,2018,MSM,0,-5.710582222972384,0.003299819533191323
UGA,2018,MSM,0,-6.434321965683803,0.0016029234268200945
UGA,2018,MSM,0,-6.1297908590885655,0.0021723070293612695
UGA,2018,MSM,0,-5.039846382932061,0.0064330902675523195
UGA,2018,MSM,0,-5.039474523501308,0.0064354675198522344
UGA,2018,MSM,0,-5.119185126050943,0.005945336156196404
UGA,2018,MSM,0,-5.153039320810537,0.005748568132847731
UGA,2018,MSM,0,-4.93300857418393,0.007153256738123382
UGA,2018,MSM,0,-6.051905047279968,0.0023478490757423637
UGA,2018,MSM,0,-5.125934950519856,0.005905577504325034
UGA,2018,MSM,0,-5.170889842342084,0.005647438003239521
UGA,2018,MSM,0,-5.802794610012221,0.003010018158886771
UGA,2018,MSM,0,-6.669338206045986,0.0012676295233261692
UGA,2018,MSM,0,-5.137311425149521,0.005839163647926208
UGA,2018,MSM,0,-4.967238661549937,0.006914207798169028
UGA,2018,MSM,0,-5.347297736784349,0.004738439399124923
UGA,2018,MSM,0,-4.200784669046855,0.014762614586753533
UGA,2018,MSM,0,-4.702823761107961,0.008988111588562742
UGA,2018,MSM,0,-5.625227485976065,0.003592788116955814
UGA,2018,MSM,0,-5.650882648802442,0.003502105565960294
UGA,2018,MSM,0,-5.211658859680186,0.005423051204835661
UGA,2018,MSM,0,-5.359856910784796,0.00467957740274408
UGA,2018,MSM,0,-4.98464410359698,0.006795714985610578
UGA,2018,MSM,0,-5.0146919897725715,0.006595882284007559
UGA,2018,MSM,0,-4.734366001528288,0.008711462164317655
UGA,2018,MSM,0,-5.095111501012212,0.006089316522509705
UGA,2018,MSM,0,-5.118535900684404,0.005949174302019573
UGA,2018,MSM,0,-5.823493795516287,0.0029485354590336084
UGA,2018,MSM,0,-4.9221519462247905,0.007230775476061152
UGA,2018,MSM,0,-5.064882486225089,0.006275028292191456
UGA,2018,MSM,0,-7.6727100659653376,4.651385160803049e-4
UGA,2018,MSM,0,-5.197451680674405,0.005500220574152216
UGA,2018,MSM,0,-5.6238086019774185,0.0035978711307301623
UGA,2018,MSM,0,-5.183162009323335,0.005578939528763172
UGA,2018,MSM,0,-5.164183937717592,0.005685220418903735
UGA,2018,MSM,0,-5.242621878175166,0.005258579568374243
UGA,2018,MSM,0,-5.1530026831869336,0.005748777539786987
UGA,2018,MSM,0,-5.075137399716073,0.006211404906740138
UGA,2018,MSM,0,-5.101643293147692,0.006049911834550113
UGA,2018,MSM,0,-4.938909184347322,0.007111471723609052
UGA,2018,MSM,0,-5.461616854294475,0.004228725859689562
UGA,2018,MSM,0,-5.07676164453993,0.0062013867674423455
UGA,2018,MSM,0,-4.855480840771542,0.007725441711927882
UGA,2018,MSM,0,-5.031647087228911,0.006485710405649427
UGA,2018,MSM,0,-4.217042038715331,0.014528012221533416
UGA,2018,MSM,0,-4.579293748212501,0.010157899591506439
UGA,2018,MSM,0,-4.89529431105922,0.007426146697377405
UGA,2018,MSM,0,-4.605551156429657,0.009897256158043185
UGA,2018,MSM,0,-5.101851473985396,0.006048660107274208
UGA,2018,MSM,0,-5.064857553930427,0.006275183763226105
UGA,2018,MSM,0,-4.971065852638937,0.006887978298010811
UGA,2018,MSM,0,-5.042721664399925,0.006414738371465899
UGA,2018,MSM,0,-4.607997495269838,0.009873312468080627
UGA,2018,MSM,0,-4.809309444696413,0.00808754647392584
UGA,2018,MSM,0,-5.1848785953699785,0.005569424305071092
UGA,2018,MSM,0,-5.671383005728524,0.0034312858935395545
UGA,2018,MSM,0,-4.961515497552689,0.0069536164442478106
UGA,2018,MSM,0,-5.0197460355949515,0.006562848718010482
UGA,2018,MSM,0,-4.596132791281004,0.009989976858405265
UGA,2018,MSM,0,-4.601750678482193,0.009934567635782106
UGA,2018,MSM,0,-4.552742108468639,0.010428370693601302
UGA,2018,MSM,0,-5.1306822423984375,0.005877772841146428
UGA,2018,MSM,0,-5.244776009535418,0.005247323465085472
UGA,2018,MSM,0,-4.916946084464774,0.007268241736889845
UGA,2018,MSM,0,-5.237096036501215,0.005287564008010031
UGA,2018,MSM,0,-4.42093330142588,0.011880170596298001
UGA,2018,MSM,0,-4.874933506282999,0.007577741305460698
UGA,2018,MSM,0,-5.231549258076773,0.005316818075207559
UGA,2018,MSM,0,-4.731639020080288,0.00873504278773407
UGA,2018,MSM,0,-4.866021387989072,0.00764505825585353
UGA,2018,MSM,0,-5.095506408682395,0.006086926913918733
UGA,2018,MSM,0,-4.001638963149298,0.017957284295324987
UGA,2018,MSM,0,-4.573679654503306,0.010214503225521733
UGA,2018,MSM,0,-5.003618992951378,0.006668834556089005
UGA,2018,MSM,0,-5.286856159651624,0.005032184733744678
UGA,2018,MSM,0,-4.89679345376212,0.007415104673872862
UGA,2018,MSM,0,-5.017292705860988,0.006578863261183503
UGA,2018,MSM,0,-4.740836363662224,0.008655764130468964
UGA,2018,MSM,0,-3.271265354839198,0.0365702200786257
UGA,2018,MSM,0,-3.948271413213748,0.018923026384200067
UGA,2018,MSM,0,-3.5148699446491594,0.028892084250693034
UGA,2018,MSM,0,-5.491412532805831,0.004105096295962804
UGA,2018,MSM,0,-2.8678521364861758,0.053765820010972666
UGA,2018,MSM,0,-3.738557512287823,0.023235653992985803
UGA,2018,MSM,1,-5.352532527889814,0.004713816088861284
UGA,2017,PWID,1,-6.9500517471928465,9.576675420334647e-4
UGA,2018,PWID,0,-11.19928167110782,1.368383491465484e-5
UGA,2018,PWID,0,-9.950374783229684,4.770747365993129e-5
UGA,2018,PWID,0,-9.165028320344422,1.0462448512611157e-4
UGA,2018,PWID,0,-8.996951862667736,1.2377122679668522e-4
UGA,2018,PWID,0,-8.851284794131594,1.4317713592435042e-4
UGA,2018,PWID,0,-8.034149176661911,3.24095178544752e-4
UGA,2018,PWID,0,-8.750735184173148,1.5831980054263202e-4
UGA,2018,PWID,0,-8.54557617248808,1.9436542109202955e-4
UGA,2018,PWID,0,-8.557051827612208,1.9214812592262723e-4
UGA,2018,PWID,0,-7.831000510357742,0.00039707012351556943
UGA,2018,PWID,0,-7.5037560925632345,5.507073849654998e-4
UGA,2018,PWID,0,-6.863418435128879,0.0010442428271023026
UGA,2018,PWID,0,-8.054618669540893,3.1753063674517113e-4
UGA,2018,PWID,0,-7.780707176242403,4.175422564697304e-4
UGA,2018,PWID,0,-7.829888236743367,3.9751184418724406e-4
UGA,2018,PWID,0,-6.843560879015941,0.0010651638833392718
UGA,2018,PWID,0,-6.620826509656145,0.0013305565678705365
UGA,2018,PWID,0,-6.961638337417965,9.466459195460844e-4
UGA,2018,PWID,0,-7.672544099694826,4.652156838751418e-4
UGA,2018,PWID,0,-6.986752648728385,9.231892889032179e-4
UGA,2018,PWID,0,-6.676438170468145,0.001258672561700587
UGA,2018,PWID,0,-7.827802402875843,3.983415225570551e-4
UGA,2018,PWID,0,-6.796526385010973,0.0011164029525432043
UGA,2018,PWID,0,-6.6292255551752755,0.0013194426464980806
UGA,2018,PWID,0,-6.568648949090135,0.0014017250007603355
UGA,2018,PWID,0,-6.855064302456828,0.0010529938870356634
UGA,2018,PWID,0,-5.994833725881717,0.002485398628932928
UGA,2018,PWID,0,-7.1964293326591395,7.486954181481813e-4
UGA,2018,PWID,0,-6.874867505492075,0.0010323676695577415
UGA,2018,PWID,0,-6.745778470001521,0.0011744520128385422
UGA,2018,PWID,0,-6.857583572397464,0.0010503472327422522
UGA,2018,PWID,0,-6.849826528856526,0.0010585178465246246
UGA,2018,PWID,0,-7.999874412778745,3.353922346760553e-4
UGA,2018,PWID,0,-7.861697583657859,3.8507103705951546e-4
UGA,2018,PWID,0,-6.701028109148444,0.0012281368663407614
UGA,2018,PWID,0,-6.468217661240933,0.001549584501414271
UGA,2018,PWID,0,-6.604111933717117,0.0013529528179127036
UGA,2018,PWID,0,-6.399465797789172,0.0016596859810095474
UGA,2018,PWID,0,-7.3144797075184504,6.653846166476471e-4
UGA,2018,PWID,0,-7.0019579501530735,9.09270767088528e-4
UGA,2018,PWID,0,-6.9211047920342095,9.857665020691667e-4
UGA,2018,PWID,0,-6.790533082940038,0.0011231064459977002
UGA,2018,PWID,0,-6.847460970808954,0.0010610221360042823
UGA,2018,PWID,0,-6.679131047560419,0.0012552919198118122
UGA,2018,PWID,0,-6.503997007805283,0.0014952029487428594
UGA,2018,PWID,0,-6.870209810848119,0.0010371823396072078
UGA,2018,PWID,0,-6.867140354194102,0.00104036749959579
UGA,2018,PWID,0,-6.704721146693228,0.0012236152150111367
UGA,2018,PWID,0,-6.970914919123364,9.379130857888891e-4
UGA,2018,PWID,0,-7.318293512483722,6.628534812774023e-4
UGA,2018,PWID,0,-6.928766006558428,9.782505487663242e-4
UGA,2018,PWID,0,-6.900656466951562,0.0010061107899326128
UGA,2018,PWID,0,-6.834490303439852,0.0010748590518392122
UGA,2018,PWID,0,-6.740163261896848,0.0011810575448322478
UGA,2018,PWID,0,-6.846124044289878,0.0010624400851905367
UGA,2018,PWID,0,-7.6149790051757495,4.927680927387922e-4
UGA,2018,PWID,0,-7.4471181512525275,5.827798253769387e-4
UGA,2018,PWID,0,-6.840642363645382,0.0010682737955210438
UGA,2018,PWID,0,-7.475651175660673,5.663956295792579e-4
UGA,2018,PWID,0,-7.072111847190404,8.477202021518959e-4
UGA,2018,PWID,0,-6.692371037993999,0.00123880186075476
UGA,2018,PWID,0,-6.382276000074643,0.001688413681705578
UGA,2018,PWID,0,-6.855563542305999,0.0010524688748699371
UGA,2018,PWID,0,-6.415040871779406,0.0016340784269793277
UGA,2018,PWID,0,-6.972186846717229,9.367220033698729e-4
UGA,2018,PWID,0,-6.791575599867946,0.00112193751156767
UGA,2018,PWID,0,-6.558554605060484,0.0014159260148917897
UGA,2018,PWID,0,-6.513473738810531,0.0014811211297409159
UGA,2018,PWID,0,-6.5435401748410325,0.0014373149504234282
UGA,2018,PWID,0,-6.603037191636143,0.0013544057044310603
UGA,2018,PWID,0,-6.463940070331441,0.0015562168497487686
UGA,2018,PWID,0,-6.802800738326605,0.0011094279219789089
UGA,2018,PWID,0,-6.42073400691692,0.0016248169019604584
UGA,2018,PWID,0,-6.2636477608955285,0.0019006673136356023
UGA,2018,PWID,0,-6.597923911743291,0.0013613394439588244
UGA,2018,PWID,0,-7.360664450216706,6.353719235996085e-4
UGA,2018,PWID,0,-6.548056105170228,0.0014308480366712168
UGA,2018,PWID,0,-6.744698544045484,0.0011757195271489254
UGA,2018,PWID,0,-6.859779674411808,0.001048045508898717
UGA,2018,PWID,0,-6.968577751953726,9.401056458849874e-4
UGA,2018,PWID,0,-7.398943158406236,6.115249084095007e-4
UGA,2018,PWID,0,-5.900541904953938,0.0027304847422890406
UGA,2018,PWID,0,-6.270566159207209,0.0018875878576899861
UGA,2018,PWID,0,-5.142054954320639,0.005811691587246892
UGA,2018,PWID,0,-6.834623299023227,0.0010747162634601982
UGA,2018,PWID,0,-6.496248401341956,0.0015068161654135776
UGA,2018,PWID,0,-6.50532625167115,0.001493219745525719
UGA,2018,PWID,0,-6.015135784077687,0.0024355703369814473
UGA,2018,PWID,0,-6.129277400589199,0.0021734202804382066
UGA,2018,PWID,0,-6.602378485604417,0.0013552969440029632
UGA,2018,PWID,0,-6.440520257879421,0.0015930345452181375
UGA,2018,PWID,0,-6.520792117260423,0.0014703371710400003
UGA,2018,PWID,0,-6.6521301690664805,0.0012896033291870054
UGA,2018,PWID,0,-5.875009123171842,0.002800901485471555
UGA,2018,PWID,0,-4.938277546855118,0.0071159330407321334
UGA,2018,PWID,0,-5.827685847640006,0.0029362371334294124
UGA,2018,PWID,0,-5.228075593302817,0.005335220326637131
UGA,2018,PWID,0,-5.443198397196774,0.004306995599497824
UGA,2018,PWID,0,-6.04555511518521,0.002362769854988876
UGA,2018,PWID,0,-6.258354782189384,0.0019107349031592293
UGA,2018,PWID,0,-6.102186524900693,0.0022329716695618025
UGA,2018,PWID,0,-5.260387292259804,0.005166462055720859
UGA,2018,PWID,0,-5.485481252170695,0.00412941628215959
UGA,2018,PWID,0,-6.082228626784806,0.0022778822454933277
UGA,2018,PWID,0,-5.529284245189195,0.003953139447387421
UGA,2018,PWID,0,-7.350220084817611,6.420384728671845e-4
UGA,2018,PWID,0,-4.778381640873133,0.008339466154431955
UGA,2018,PWID,0,-6.206947753497609,0.0020113259357588263
UGA,2018,PWID,0,-4.011335736838839,0.01778708034545668
UGA,2018,PWID,1,-6.99277991690632,9.17646805347067e-4
UGA,2017,FSW,0,-6.188081514907417,0.0020495537921098542
UGA,2017,FSW,0,-5.1108545197668285,0.005994773134383954
UGA,2017,FSW,0,-5.30838122153641,0.00492555192830394
UGA,2017,FSW,0,-5.099418531394567,0.006063304729753943
UGA,2017,FSW,0,-5.561283200113594,0.003829122278150453
UGA,2017,FSW,0,-5.319951796629828,0.0048691648054953116
UGA,2017,FSW,0,-5.018510616591662,0.006570908287422769
UGA,2017,FSW,0,-6.719381354008987,0.0012058290857147455
UGA,2017,FSW,0,-4.516889878759982,0.010804921038965081
UGA,2017,FSW,0,-4.0077597118642725,0.017849663858059573
UGA,2017,FSW,0,-3.983821416464595,0.018274207136668368
UGA,2017,FSW,0,-3.518981846301171,0.028776938478851932
UGA,2017,MSM,0,-6.084673151309414,0.0022723333445778637
UGA,2017,MSM,0,-6.378596403511508,0.0016946272594259716
UGA,2017,MSM,0,-5.85869652945354,0.00284683501054069
UGA,2017,MSM,0,-5.5479960879803585,0.003880141036889484
UGA,2017,MSM,0,-7.492554271661431,5.569075366009827e-4
UGA,2017,MSM,0,-5.892477814378925,0.002752531786111193
UGA,2017,MSM,0,-4.701882574173107,0.008996498922342827
UGA,2017,MSM,0,-3.838992844071979,0.02106210304202643
UGA,2016,PWID,0,-7.402696353193395,6.092354337209929e-4
UGA,2017,PWID,0,-5.607153744789796,0.0036580739040722975
TZA,2013,FSW,0,-5.141301535135385,0.005816046401108592
TZA,2013,FSW,0,-4.342419976844316,0.012838059056795848
TZA,2013,FSW,0,-5.3062447454918775,0.0049360345024128975
TZA,2013,FSW,0,-4.8244898256503985,0.007966672301263121
TZA,2013,FSW,0,-4.289531874823567,0.01352588438746139
TZA,2013,FSW,0,-4.042983491862133,0.017242527751733988
TZA,2011,FSW,0,-4.3819496013491985,0.012346618335236207
TZA,2011,MSM,0,-4.94759626464478,0.007050395029664375
TZA,2011,PWID,0,-5.336758791026666,0.004788401241137566
TZA,2014,PWID,0,-12.565145044661536,3.491606766066811e-6
TZA,2014,PWID,0,-11.41324659912603,1.1048038608757543e-5
TZA,2014,PWID,0,-11.539009083934317,9.742441285154337e-6
TZA,2014,PWID,0,-10.609490266563212,2.4680059528226618e-5
TZA,2014,PWID,0,-10.310155898101451,3.3292141134530236e-5
TZA,2014,PWID,0,-10.339607975946736,3.2325948134891284e-5
TZA,2014,PWID,0,-10.325161382386419,3.279632212336886e-5
TZA,2014,PWID,0,-10.367708964136654,3.1430229826252575e-5
TZA,2014,PWID,0,-10.221601665645217,3.637466504238328e-5
TZA,2014,PWID,0,-9.728850679613217,5.9537141187054285e-5
TZA,2014,PWID,0,-9.746149770359905,5.851611987930741e-5
TZA,2014,PWID,0,-9.65914896124325,6.383475300104301e-5
TZA,2014,PWID,0,-9.253354748573493,9.578058706634455e-5
TZA,2014,PWID,0,-9.216432166991632,9.938279431323898e-5
TZA,2014,PWID,0,-8.2376725182695,2.644292092309995e-4
TZA,2014,PWID,0,-8.588569294511641,1.8618765416143266e-4
TZA,2014,PWID,0,-8.612018238671562,1.8187332521191638e-4
TZA,2014,PWID,0,-8.417755791021262,2.2086107445474783e-4
TZA,2014,PWID,0,-7.669818670323451,4.664847334691605e-4
TZA,2015,PWID,0,-11.565149570658853,9.491071325519285e-6
TZA,2015,PWID,0,-10.634249128183672,2.4076526289751974e-5
TZA,2015,PWID,0,-10.332419674830737,3.255914636361976e-5
TZA,2015,PWID,0,-10.358383908384182,3.1724679921633044e-5
TZA,2015,PWID,0,-10.347118341477833,3.2084085612464525e-5
TZA,2015,PWID,0,-10.393074747500647,3.0643028058567146e-5
TZA,2015,PWID,0,-10.2479352342803,3.542932594545433e-5
TZA,2015,PWID,0,-9.775572903973089,5.6819571373098655e-5
TZA,2015,PWID,0,-9.754992451205412,5.8000991433728965e-5
TZA,2015,PWID,0,-9.763260882867508,5.7523418895441234e-5
TZA,2015,PWID,0,-9.272131861427981,9.399905161965346e-5
TZA,2015,PWID,0,-9.238390572328075,9.72245018559531e-5
TZA,2015,PWID,0,-8.262437244459012,2.5796278167591403e-4
TZA,2015,PWID,0,-8.617996130578033,1.8078954527804116e-4
TZA,2015,PWID,0,-8.443126320053851,2.1532938635749886e-4
TZA,2015,PWID,0,-7.69389266867226,4.5539373292224314e-4
TZA,2019,FSW,0,-4.310055800986297,0.013254751582652533
TZA,2019,MSM,0,-4.7874503558273664,0.008264802030984017
TZA,2019,PWID,0,-5.748539066574014,0.003177306570491746
TZA,2019,PWID,0,-6.631914116091704,0.0013159046707727823
ZMB,2017,FSW,0,-3.991093471281165,0.018144200582573586
ZMB,2015,FSW,0,-4.647016546813251,0.009499073379344594
ZMB,2015,FSW,0,-4.690406911550577,0.009099389520381418
ZMB,2015,FSW,0,-3.1831465792423965,0.03980489592752205
ZMB,2015,FSW,0,-2.8553123518523154,0.05440736373111417
ZMB,2015,FSW,0,-4.4187061445859355,0.011906343704504796
ZMB,2015,FSW,0,-3.3250112750547074,0.03472305162129264
ZMB,2015,FSW,0,-3.865173918957522,0.02052900382864049
ZMB,2015,FSW,0,-3.2376154870988962,0.03777446626139335
ZMB,2015,FSW,0,-3.6298275263997253,0.025835579002825265
ZMB,2015,FSW,0,-2.964130224347935,0.049072910803185196
ZMB,2017,FSW,0,-5.139048670630203,0.005829087472813811
ZMB,2017,FSW,0,-5.157882904654927,0.005720950691074332
ZMB,2017,FSW,0,-4.269770560303304,0.01379210897078237
ZMB,2017,FSW,0,-3.5490616460870403,0.027948054719494513
ZMB,2017,FSW,0,-4.0824584419354055,0.016586208507415878
ZMB,2017,FSW,0,-4.023479899392568,0.01757615113229543
ZMB,2017,FSW,0,-3.4209104832625905,0.03164831317212663
ZMB,2015,FSW,0,-5.38623576817016,0.004558304733020443
ZMB,2015,FSW,0,-4.608048362067141,0.00987281521530615
ZMB,2016,PWID,0,-6.557988707793816,0.0014167263748143624
ZMB,2015,MSM,0,-5.647291521466829,0.0035146604003512085
ZMB,2015,MSM,0,-5.779638504267566,0.003080314512648003
ZMB,2015,MSM,0,-4.4181067458846295,0.011913397443536826
ZMB,2015,FSW,0,-4.334869583033598,0.012934099841692194
ZMB,2015,FSW,0,-4.064320217544923,0.01688467183532318
ZMB,2015,FSW,0,-5.122493224388217,0.005925817250106041
ZMB,2015,FSW,0,-3.58913068593983,0.0268798483628209
ZMB,2015,MSM,0,-3.289123846752042,0.035946195814276806
ZMB,2015,FSW,0,-4.225471456967262,0.01440782123245356
ZMB,2015,PWID,1,-8.086092415483803,3.07695420653094e-4
ZMB,2015,FSW,0,-2.6505997636851566,0.06595205300131715
ZMB,2015,MSM,0,-5.125604841214194,0.005907515793700728
ZMB,2015,FSW,0,-5.011631191819405,0.006615968103087188
ZMB,2016,PWID,0,-4.528776227761097,0.010678613596538497
ZMB,2016,PWID,0,-5.900968170266069,0.0027293242554036587
ZMB,2014,FSW,0,-4.445209491382397,0.011598542656712965
ZMB,2014,MSM,0,-6.175258691131011,0.002075949171022776
ZMB,2019,FSW,1,-3.4508894595132813,0.030742344841899267
ZMB,2019,MSM,1,-4.115579621071311,0.016054526920182197
ZMB,2019,PWID,1,-5.764221928567356,0.003128020659225184
ZWE,2019,MSM,0,-5.130615167272938,0.005878164789161949
ZWE,2019,MSM,0,-1.9254112331728674,0.12725935770278732
ZWE,2019,MSM,0,-4.928176424648562,0.0071876569451633735
ZWE,2019,MSM,0,-5.637200833569362,0.0035501787340483063
ZWE,2019,TGW,0,-8.181089789867025,2.79818424956603e-4
ZWE,2019,TGW,0,-6.243775374823232,0.0019387419443421777
ZWE,2019,TGW,0,-8.680190909376542,1.6988975800936608e-4
ZWE,2019,TGW,0,-8.128889042115544,2.9480869772213525e-4
ZWE,2019,MSM,0,-4.780876017585917,0.008318863137863269
ZWE,2019,MSM,0,-3.944829775356997,0.018987026103990307
ZWE,2019,MSM,0,-6.088215174352068,0.0022643171174342924
ZWE,2019,MSM,0,-4.309283457666428,0.013264856908138842
ZWE,2019,TGW,0,-5.3578606732424365,0.004688884435832098
ZWE,2019,TGW,0,-4.526420653083676,0.010703527961168096
ZWE,2019,TGW,0,-6.662660335624352,0.0012761120778303828
ZWE,2019,TGW,0,-4.888241903482853,0.007478310980599664
ZWE,2016,FSW,1,-4.381171624214449,0.012356108727964957
ZWE,2016,FSW,0,-3.3520462390471466,0.03382822130918782
ZWE,2016,FSW,0,-3.684180928118219,0.024502297214980796
ZWE,2017,FSW,1,-4.40450744809782,0.012074548324893897
ZWE,2017,FSW,0,-3.692572098713054,0.024302530242670508
ZWE,2017,FSW,0,-3.147615137254218,0.041185351346918114
ZWE,2017,FSW,0,-3.5346467615479926,0.02834233943730921
ZWE,2017,FSW,0,-3.833621136291246,0.021173144961930217
ZWE,2017,FSW,0,-4.707329269371271,0.00894806821421377
BEN,2020,TG,0,-5.094976413559324,0.006090134158308454
BEN,2020,TG,0,-7.832392796907662,3.965178918539123e-4
BEN,2020,TG,0,-6.836427548289169,0.0010727810339564744
BEN,2020,TG,0,-7.083157464958639,8.384159396714412e-4
BEN,2020,TG,0,-5.364617605845468,0.00465745581954525
BEN,2020,TG,0,-6.795098168707936,0.0011179967727232352
BEN,2020,TG,0,-6.043775250124478,0.0023669690483116195
BEN,2020,TG,0,-6.053353230380114,0.0023444593868590297
BEN,2020,TG,0,-6.1097683340423785,0.002216143099885399
BEN,2020,TG,0,-6.319932808765405,0.0017968300408396343
BEN,2020,TG,0,-6.588709716974154,0.0013739237447924094
BEN,2020,TG,0,-6.7336509162415945,0.0011887649257959444
BEN,2014,FSW,0,-4.593491116857623,0.010016137334747493
BEN,2012,MSM,1,-7.396542964536753,6.129935488128351e-4
BEN,2012,MSM,0,-7.171488361503959,7.675889072410291e-4
BEN,2012,MSM,0,-8.228169822446366,2.669533026272473e-4
BEN,2012,MSM,0,-6.482141476013064,0.0015281906340414721
BEN,2012,MSM,0,-7.587635849205529,5.064209090522962e-4
BEN,2012,MSM,0,-7.90117581735842,3.7017079279556153e-4
BEN,2012,MSM,0,-7.598877019605623,5.007628571876776e-4
BEN,2012,MSM,0,-8.02904015950269,3.25754682593631e-4
BEN,2012,MSM,0,-6.286750989756015,0.0018573397508612345
BEN,2012,MSM,0,-6.432970397796123,0.0016050878716593778
BEN,2012,MSM,0,-5.363212735908511,0.004663972999098318
BEN,2012,MSM,0,-5.340038442028341,0.004772797510963592
BEN,2012,MSM,0,-5.679666778550495,0.0034030756347129356
BEN,2012,MSM,0,-6.355074665255266,0.0017348903571999938
BEN,2012,MSM,0,-6.850061837908255,0.0010582690605582842
BEN,2012,MSM,0,-7.132022797657527,7.984632781743014e-4
BEN,2012,MSM,0,-7.795546989439684,4.113942866700144e-4
BEN,2012,MSM,0,-8.391012849808694,2.2684587827137922e-4
BEN,2012,PWID,1,-11.770258211177902,7.731049442753578e-6
BEN,2013,MSM,1,-7.414724978860921,6.019554518993807e-4
BEN,2017,FSW,0,-4.197939536691515,0.014804053306719087
BEN,2012,FSW,1,-5.1736259066905514,0.005632094275477928
BEN,2014,MSM,1,-6.45278775533829,0.0015736419435021223
BEN,2014,PWID,1,-6.897626195894104,0.0010091611209519671
BEN,2016,FSW,1,-5.1382398656157235,0.005833776460079884
BEN,2016,MSM,1,-5.236884111385304,0.005288678767421741
BEN,2016,PWID,1,-9.49102618546338,7.552085541659118e-5
BEN,2014,FSW,1,-5.01391593320626,0.006600969246500141
BEN,2017,FSW,1,-4.5057081940805,0.010925088907700154
BFA,2014,FSW,1,-4.868213819801186,0.007628443069800369
BFA,2014,FSW,0,-4.824036386439481,0.00797025672369431
BFA,2014,FSW,0,-4.0406389032162195,0.01728230233049534
BFA,2014,FSW,0,-5.193918105185016,0.005519582932241141
BFA,2014,FSW,0,-3.9126439103251083,0.019595910808725907
BFA,2014,FSW,0,-4.427359705776393,0.0118049669907172
BFA,2017,FSW,1,-5.3091720844506565,0.004921677196424747
BFA,2013,MSM,0,-7.722001190688214,4.4277710397202613e-4
BFA,2014,MSM,1,-5.009673136713761,0.006628849267144607
BFA,2014,MSM,0,-5.302874005712057,0.0049526181220006914
BFA,2014,MSM,0,-5.88400040047323,0.00277590027574721
BDI,2011,FSW,1,-4.330752115828169,0.012986772317737915
BDI,2014,MSM,0,-4.558727265312086,0.010366786785390675
BDI,2014,MSM,1,-5.47770149273459,0.004161533223641129
BDI,2014,FSW,0,-2.8856638341161935,0.052866818090001315
BDI,2014,FSW,1,-3.7809658039812057,0.022292378872429946
BDI,2013,MSM,0,-3.8036884537964144,0.021802467934054277
BDI,2013,MSM,1,-5.837940430690761,0.0029063681649579578
BDI,2013,FSW,0,-3.029220211418614,0.04612312230427621
BDI,2013,FSW,1,-4.38705418877667,0.012284526778067135
BDI,2011,MSM,1,-5.784570776999938,0.00306520542259351
CMR,2013,FSW,0,-4.580903342910321,0.010141728326551223
CMR,2013,FSW,0,-4.055649190387381,0.017029211829391714
CMR,2013,FSW,0,-4.113553308005709,0.016086567548917262
CMR,2013,FSW,0,-4.244644255472955,0.014138082543907488
CMR,2013,FSW,0,-3.4140274674098103,0.03185993624438427
CMR,2013,FSW,0,-4.882868388517253,0.007518301022347357
CMR,2013,FSW,0,-4.064460585234132,0.016882341948682173
CMR,2013,MSM,0,-5.562815511745465,0.003823281778176003
CMR,2013,MSM,0,-5.070641247125191,0.006239220570520348
CMR,2013,MSM,0,-4.406060788109564,0.012056032951410956
CMR,2013,MSM,0,-4.28901744223812,0.01353275014598858
CMR,2013,MSM,0,-4.449711010858565,0.0115470504583769
CMR,2013,MSM,0,-3.7698752065300885,0.022535388186369635
CMR,2013,MSM,0,-5.95500718581635,0.0025861198462544376
CMR,2013,MSM,0,-5.016685841438789,0.00658283066114347
CMR,2013,MSM,0,-4.497649949425975,0.011012508188300775
CMR,2016,FSW,0,-5.540880990402405,0.003907738799724137
CMR,2016,FSW,0,-5.265972002801616,0.005137837109050207
CMR,2016,FSW,0,-3.4571179728123704,0.030557293716361508
CMR,2016,FSW,0,-3.602135097316609,0.026541772611438474
CMR,2016,FSW,0,-3.334829254768882,0.03439547786222993
CMR,2016,FSW,0,-3.826487717092286,0.021321490023248856
CMR,2016,FSW,0,-5.599520528297261,0.003686000298932852
CMR,2016,FSW,0,-4.671533087514715,0.009271153388286648
CMR,2018,FSW,1,-4.446421065372804,0.01158466136827379
CMR,2018,FSW,0,-5.07073099231883,0.006238664148708522
CMR,2018,FSW,0,-3.4682757223044365,0.030228487290754485
CMR,2018,FSW,0,-3.9117203067462056,0.019613662873946135
CMR,2018,FSW,0,-3.4103651482626174,0.031973093921496006
CMR,2018,FSW,0,-3.3066725904035366,0.03534298821732779
CMR,2018,FSW,0,-3.034096625953575,0.0459090548616441
CMR,2018,FSW,0,-2.863928456963993,0.05396578729092964
CMR,2018,FSW,0,-3.9099474564156242,0.019647782003355915
CMR,2018,FSW,0,-3.7603564764850983,0.022746018128241605
CMR,2018,FSW,0,-4.490316653346967,0.011092663893802727
CMR,2018,MSM,0,-6.3739459646622345,0.0017025129244615928
CMR,2018,MSM,0,-5.810600518178013,0.0029866836006507084
CMR,2018,MSM,0,-5.249659377010442,0.005221894804636752
CMR,2018,MSM,0,-6.148092220477126,0.0021329964687575942
CMR,2018,MSM,0,-5.104916023103898,0.00603026367353523
CMR,2018,MSM,0,-5.39433669933924,0.004521693682527362
CMR,2018,MSM,0,-5.201305683567606,0.005479179427421972
CMR,2018,MSM,0,-5.733839496167158,0.0032242048734906527
CMR,2018,MSM,0,-4.764377529986025,0.008456080035651759
CMR,2018,MSM,0,-6.035240341027106,0.002387208937845773
CMR,2018,MSM,1,-6.770696849331894,0.0011455812976009525
CMR,2018,PWID,0,-7.4769881038634916,5.656393332769342e-4
CMR,2018,PWID,0,-8.03920122235499,3.224624905555238e-4
CMR,2018,PWID,0,-6.690379890946602,0.0012412678899638605
CMR,2018,PWID,0,-7.578189238203978,5.112250805454361e-4
CMR,2018,PWID,0,-8.35090528931019,2.3612683897489557e-4
CMR,2018,PWID,0,-7.130118466174854,7.999840480913654e-4
CMR,2018,PWID,0,-7.667003040923547,4.6779941713149647e-4
CMR,2018,PWID,0,-7.073616868047012,8.464464042809983e-4
CMR,2018,PWID,0,-7.0058488979416005,9.057429142551343e-4
CMR,2018,PWID,0,-8.961882432658005,1.281882554113482e-4
CMR,2015,FSW,1,-3.88024372767422,0.020228166095200315
CMR,2015,FSW,0,-4.919286974864531,0.0072513707098634935
CMR,2015,FSW,0,-3.700383155240478,0.024118001707387874
CMR,2015,FSW,0,-5.2559771530724255,0.005189178692954612
CMR,2015,FSW,0,-4.5217452445278745,0.010753149112783614
COG,2012,FSW,0,-0.469542233645328,0.3847245964869318
COG,2012,FSW,0,-0.4318445443803791,0.3936859575270378
COG,2012,FSW,0,-4.943820059432334,0.007076880330607132
COG,2012,FSW,0,3.9740866041360214,0.9815503263279232
COG,2012,FSW,0,-5.074444394275014,0.006215684171097651
COG,2012,FSW,0,-7.759958545306116,4.262924569191255e-4
COG,2012,FSW,0,-2.243517663191302,0.09591008654027898
COG,2012,FSW,0,4.080040124973871,0.9833742999195229
COG,2012,FSW,0,-2.8606963160145105,0.05413103742602795
COG,2012,FSW,0,-0.6694120993778667,0.33862849407806483
COG,2012,FSW,0,-5.108801665841082,0.006007018167549064
COG,2012,FSW,0,-4.83902907120403,0.00785258384632655
COG,2012,FSW,0,-5.02365605784294,0.0065374053635731885
COG,2017,FSW,0,-4.34806242363319,0.012766747166129562
COG,2017,FSW,0,-4.448562261740214,0.011560169314342842
COG,2017,FSW,0,-2.0181099717553592,0.1173145652977962
COG,2017,FSW,0,-3.756831911253501,0.02282449633656519
COG,2017,FSW,0,-3.6687360770118587,0.024874182768442905
COG,2017,MSM,0,-6.036175923306431,0.0023849818761196456
COG,2017,MSM,0,-6.175281962231445,0.002075900962248049
COG,2017,PWID,0,-8.920924066151848,1.335469279059391e-4
COG,2017,PWID,0,-6.890300234368193,0.0010165738002392343
CIV,2014,MSM,0,-6.039356942935481,0.002377425263945473
CIV,2014,MSM,0,-4.8146457548548955,0.008044850036429445
CIV,2014,MSM,0,-4.242575910328511,0.014166940536316152
CIV,2014,MSM,0,-3.7641789211992362,0.02266120521855497
CIV,2014,MSM,0,-3.353664739277295,0.033775362347195914
CIV,2020,PWID,0,-7.842306092102125,3.926080479432171e-4
CIV,2020,MSM,0,-6.414910717260846,0.0016342907759037064
CIV,2020,MSM,0,-5.984066354291812,0.0025122368382136484
CIV,2020,MSM,0,-8.376323127157818,2.3020200413314501e-4
CIV,2020,MSM,0,-5.179569977064533,0.005598902892071309
CIV,2020,MSM,0,-7.793839229463997,4.1209715984143425e-4
CIV,2020,MSM,0,-5.512400189150833,0.004020180518265802
CIV,2020,MSM,0,-4.470680016485816,0.011310151271633914
CIV,2020,MSM,0,-6.465455778752174,0.0015538635278987288
CIV,2020,MSM,0,-5.589331709486489,0.003723607706534172
CIV,2020,MSM,0,-5.815903874778839,0.00297093301281034
CIV,2020,MSM,0,-5.26748683790998,0.0051300999222217945
CIV,2020,MSM,0,-5.12183555931521,0.005929692618131809
CIV,2020,MSM,0,-5.5524206056155165,0.0038630773818593396
CIV,2020,MSM,0,-5.190533619363149,0.005538191896856079
CIV,2020,MSM,0,-5.469026141212283,0.004197640837454609
CIV,2020,FSW,0,-4.501007163789688,0.010976003945891098
CIV,2020,FSW,0,-5.106046890643912,0.006023489152113559
CIV,2020,FSW,0,-4.294351934638713,0.013461721219651855
CIV,2020,FSW,0,-4.978601510088926,0.006836621457720481
CIV,2020,FSW,0,-4.6685278846841864,0.009298797521726866
CIV,2020,FSW,0,-5.379039639310692,0.004591074048867042
CIV,2020,FSW,0,-4.642300498903357,0.00954354872328749
CIV,2020,FSW,0,-5.278781960806182,0.005072773121628596
CIV,2020,FSW,0,-4.898193221448915,0.007404809314847528
CIV,2020,FSW,0,-4.606563882849455,0.009887337071640061
CIV,2020,FSW,0,-5.426326769195985,0.004379957112007308
CIV,2020,FSW,0,-5.149277572789836,0.005770108510316085
CIV,2020,FSW,0,-3.608860218298997,0.02636856575106496
CIV,2020,FSW,0,-3.3775092855333826,0.03300579707554643
CIV,2020,TG,0,-8.607779185722263,1.8264579115829385e-4
CIV,2020,TG,0,-8.156042877147362,2.869134855282713e-4
CIV,2014,PWID,0,-7.229206262349106,7.2457078742578e-4
CIV,2014,PWID,0,-10.608914977571484,2.469426142888202e-5
CIV,2015,FSW,0,-5.84610737636751,0.0028827968244824658
CIV,2016,FSW,0,-5.557389264604606,0.0038440042738499005
CIV,2016,FSW,0,-5.863082451136908,0.0028344116694056214
CIV,2016,MSM,0,-5.085221585898278,0.00614946595393254
CIV,2016,MSM,0,-5.090672671040906,0.006116240355590143
CIV,2016,MSM,0,-5.206446971431441,0.005451234847344307
CIV,2016,MSM,0,-5.223682586724161,0.005358583672071157
CIV,2016,MSM,0,-5.319489313249388,0.004871406261614873
CIV,2016,MSM,0,-5.1699392980739605,0.005652778335867768
CIV,2016,MSM,0,-5.307882343127127,0.004927997680500786
CIV,2016,MSM,0,-5.207474890034292,0.005445664799282806
CIV,2016,MSM,0,-5.273334727901331,0.005100339775594064
CIV,2016,MSM,0,-5.257650389080274,0.005180548176026409
CIV,2016,MSM,0,-5.254401282389583,0.0051973200797736496
CIV,2016,PWID,0,-7.284725693744763,6.854661810040476e-4
CIV,2017,MSM,0,-5.294528564678098,0.004993915580135221
CIV,2019,MSM,0,-5.046101386349388,0.006393233305936084
CIV,2019,FSW,0,-4.795924320964945,0.008195633851474812
CIV,2019,PWID,0,-9.300718206528021,9.13502479417399e-5
CIV,2019,PWID,0,-6.72914398198147,0.0011941282904910325
CIV,2019,PWID,0,-5.398614273836816,0.004502480010633844
COD,2013,FSW,0,-3.0749193760466476,0.04415374310196372
COD,2013,FSW,0,-2.7693401043421986,0.0590036416708014
COD,2013,MSM,0,-4.155664433078151,0.015433447396915828
COD,2013,MSM,0,-4.191072274570672,0.014904546035701445
COD,2013,PWID,0,-8.371157828196532,2.3139386667752972e-4
COD,2013,PWID,0,-7.626004836100631,4.8736739133997903e-4
COD,2017,FSW,0,-6.576902140256124,0.0013902199215251715
COD,2019,FSW,0,-4.611836126743879,0.009835857173681335
COD,2017,MSM,0,-7.535994917320355,5.332456782332633e-4
COD,2019,MSM,0,-4.92246678575251,0.007228515753830245
COD,2019,PWID,0,-6.978079827497167,9.312232768969496e-4
GMB,2018,FSW,0,-4.939571623074118,0.007106795837755708
GHA,2011,FSW,0,-6.504901302465473,0.0014938534747987332
GHA,2011,FSW,0,-5.8486046120098765,0.0028756274587344545
GHA,2011,FSW,0,-5.521796819151255,0.003982731046610937
GHA,2011,FSW,0,-5.323610969884542,0.00485146652729682
GHA,2011,FSW,0,-5.336053511454581,0.004791763405650233
GHA,2011,FSW,0,-5.102604508999332,0.006044134488757682
GHA,2011,FSW,0,-5.52947378079848,0.003952393218787235
GHA,2011,FSW,0,-3.7949624490495197,0.021989347102245264
GHA,2011,FSW,0,-4.093559573499415,0.016406105135136895
GHA,2011,FSW,0,-6.98678794373461,9.2315673558612e-4
GHA,2011,FSW,0,-7.107450513661269,8.183101319580885e-4
GHA,2011,FSW,0,-7.1572519281427764,7.785862229245656e-4
GHA,2011,FSW,0,-6.221599799744902,0.001982128730288465
GHA,2011,FSW,0,-7.590310681368617,5.050688114016353e-4
GHA,2011,FSW,0,-7.3199029294524,6.617882370786142e-4
GHA,2011,FSW,0,-6.869228745032839,0.0010381993261149498
GHA,2011,FSW,0,-6.9329841601709346,9.741368395972981e-4
GHA,2011,FSW,0,-7.0497029772312,8.669144430451674e-4
GHA,2017,MSM,0,-4.866328299284438,0.007642730190950203
GHA,2017,MSM,0,-4.999275678217167,0.006697667977530713
GHA,2017,MSM,0,-4.190802893120475,0.01490850171893997
GHA,2017,MSM,0,-5.2353404092809335,0.005296805939427384
GHA,2017,MSM,0,-4.4579938357351265,0.01145289412007365
GHA,2017,MSM,0,-4.6391601828660045,0.009573278229144428
GHA,2017,MSM,0,-4.299450586690907,0.013394176258736082
GHA,2020,FSW,0,-3.639546782502926,0.025592087827248464
GHA,2020,FSW,0,-5.090448134683249,0.006117605425750672
GHA,2020,FSW,0,-4.3022468003391845,0.01335727516572657
GHA,2020,FSW,0,-6.005554609950652,0.0024589604525565192
GHA,2020,FSW,0,-5.049826006818073,0.006369616622849478
GHA,2020,FSW,0,-5.484639115283728,0.004132880902336989
GHA,2020,FSW,0,-7.039059999508726,8.761821404776752e-4
GHA,2020,FSW,0,-4.927036924965717,0.007195792976655779
GHA,2020,FSW,0,-4.293343673232294,0.013475118009332704
GHA,2020,FSW,0,-5.708069252992473,0.00330809484219226
GHA,2020,FSW,0,-5.787950307580923,0.0030548955437457804
GHA,2020,FSW,0,-5.727775099622624,0.0032437535212002
GHA,2020,FSW,0,-6.165983422833692,0.0020952531991108737
GHA,2020,FSW,0,-5.947771193884068,0.002604851934518976
GHA,2020,FSW,0,-5.1583452922819015,0.0057183211289022675
GHA,2020,FSW,0,-5.687076615370959,0.00337803745991509
GHA,2011,MSM,0,-0.7108459552903689,0.3294119419489361
GHA,2011,MSM,0,-5.208517877672198,0.005440018881047685
GHA,2011,MSM,0,-3.113538480538178,0.0425522474434596
GHA,2011,MSM,0,-6.304787383784273,0.0018242009005215078
GHA,2013,PWID,0,-6.578980854512745,0.0013873370581408552
GHA,2015,FSW,0,-6.820466658253058,0.0010900221357769762
GHA,2015,FSW,0,-6.502719080019227,0.0014971120691120744
GHA,2015,FSW,0,-5.513948786205225,0.004013984666856259
GHA,2015,FSW,0,-5.569846726774268,0.0037965954517505365
GHA,2015,FSW,0,-5.038177609841967,0.006443765363964433
GHA,2015,FSW,0,-4.3403234199576755,0.012864656388085288
GHA,2015,FSW,0,-4.94878237248453,0.007042096313139
GHA,2015,FSW,0,-4.818783496311533,0.008011897444700933
GHA,2015,FSW,0,-3.0201275753423946,0.04652481491240545
GIN,2011,MSM,0,-5.539946071748304,0.003911379629393597
GIN,2011,MSM,0,-6.104135878848271,0.0022286327487519293
GIN,2011,MSM,0,-7.926824172189681,3.608006248545697e-4
GIN,2011,MSM,0,-6.442491441459958,0.0015899024622025846
GIN,2011,MSM,0,-6.323731205526601,0.0017900301071177675
GIN,2017,MSM,1,-7.536484488492877,5.329848195229205e-4
GIN,2017,FSW,0,-4.633513905177519,0.009626962662459706
GIN,2017,FSW,0,-4.750937368978992,0.008569517781082623
GIN,2017,FSW,0,-5.007144874977374,0.006645518420875774
GIN,2017,FSW,0,-6.7110070671313755,0.0012159571140378204
GIN,2017,FSW,0,-6.497332853634472,0.00150518543912958
GIN,2017,FSW,0,-6.155799695540912,0.002116654308792385
GIN,2017,FSW,0,-5.783696125084899,0.003067879354648699
GIN,2017,MSM,0,-7.223736235188164,7.285421736860006e-4
GIN,2017,MSM,0,-8.548542410472233,1.93789852781944e-4
GIN,2017,MSM,0,-8.85757184900926,1.4227992485158812e-4
GIN,2017,MSM,0,-8.980053683577538,1.2588024093782474e-4
GIN,2017,MSM,0,-9.82732499528611,5.395398789025549e-5
GIN,2017,MSM,0,-8.560778645026152,1.91433494504139e-4
GIN,2017,MSM,0,-7.958736008648913,3.4947254925544823e-4
GIN,2011,FSW,0,-3.465175884319758,0.03031949063906773
GIN,2011,FSW,0,-5.06311992167074,0.00628602860179513
GIN,2011,FSW,0,-5.955932541033148,0.002583734053867375
GIN,2011,FSW,0,-3.0131012943660114,0.04683749753558876
GIN,2011,FSW,0,-4.6783584083530805,0.009208670977456304
GIN,2012,FSW,1,-5.705370174038417,0.003317006055068472
GIN,2013,FSW,0,-4.57702873091545,0.010180698984873575
GIN,2013,FSW,1,-5.736427792224164,0.0032158972699317737
GIN,2013,FSW,0,-7.547487049926059,5.27155838314233e-4
GIN,2013,FSW,0,-5.924710474419021,0.0026654577013127583
GIN,2013,FSW,0,-8.145277087646377,2.9001812184030815e-4
GIN,2013,FSW,0,-5.308020859755354,0.004927318481354455
GIN,2013,FSW,0,-8.08699694659769,3.0741731192988284e-4
GIN,2013,FSW,0,-8.314308187666267,2.4492631592482533e-4
GIN,2013,FSW,0,-7.451637641517641,5.80153425142508e-4
GIN,2013,FSW,0,-7.630029854843343,4.854106213270028e-4
GIN,2013,FSW,0,-7.435373049917129,5.896609278871206e-4
GIN,2013,FSW,0,-6.472307908729482,0.001543269023560884
GIN,2013,MSM,1,-7.3381958552136535,6.498000443551643e-4
GIN,2013,MSM,0,-7.986244389493196,3.399933699558664e-4
GIN,2013,MSM,0,-8.02806019691056,3.260739623205833e-4
GIN,2013,MSM,0,-8.031323942764958,3.250118198870516e-4
GIN,2013,MSM,0,-7.85860571163078,3.862630093096767e-4
GIN,2013,MSM,0,-7.814644477354842,4.036153755478016e-4
GIN,2013,MSM,0,-7.781767720529827,4.170998537511919e-4
GIN,2013,MSM,0,-7.5568855823798575,5.222271320127734e-4
GIN,2013,MSM,0,-8.10131621089869,3.0304801343088644e-4
GIN,2013,MSM,0,-8.063258812937644,3.147998045467141e-4
GIN,2013,MSM,0,-8.79513717101986,1.5144491031929437e-4
GIN,2013,MSM,0,-7.431361787100016,5.920295599501233e-4
GIN,2013,MSM,0,-7.3175017579128685,6.633781580789128e-4
GIN,2013,MSM,0,-7.294927366108905,6.78513548923349e-4
GIN,2013,MSM,0,-7.514201908973709,5.44987856396823e-4
GIN,2013,MSM,0,-7.747919863512906,4.3145324414953755e-4
GIN,2013,MSM,0,-7.247318999245796,7.115742230519442e-4
GIN,2013,MSM,0,-7.228483335734838,7.250944083660885e-4
GIN,2013,MSM,0,-7.5892100108720175,5.056247505538347e-4
GIN,2013,MSM,0,-8.281123355639211,2.5318842689015994e-4
GIN,2013,MSM,0,-7.662154599718527,4.700719536099279e-4
GIN,2013,MSM,0,-7.343320059422526,6.46480999819452e-4
GIN,2013,MSM,0,-6.966251718978696,9.422928448521173e-4
GIN,2013,MSM,0,-6.6283761890654675,0.001320562331869116
GIN,2013,MSM,1,-7.396568277492832,6.129780418417049e-4
GIN,2017,MSM,1,-8.15607109719208,2.8690539125408084e-4
GIN,2017,PWID,0,-6.406136816835123,0.0016486692253002136
MLI,2014,FSW,1,-4.540022433179126,0.010560453631320963
MLI,2015,FSW,1,-4.6633250391505925,0.009346850423836707
MLI,2015,FSW,0,-4.86529982801425,0.0076505343961769225
MLI,2015,FSW,0,-5.0942018629898325,0.006094824341347753
MLI,2015,FSW,0,-5.273259582535791,0.005100721101880608
MLI,2015,FSW,0,-5.340934664601111,0.0047685423265666806
MLI,2015,FSW,0,-5.031713026914354,0.006485285527487923
MLI,2015,FSW,0,-3.1952360007843263,0.03934539462881359
MLI,2015,FSW,0,-5.190590310108655,0.0055378796801747905
MLI,2015,FSW,0,-4.967679312710602,0.006911182767689842
MLI,2015,FSW,0,-4.315685752912746,0.013181318512363668
MLI,2019,FSW,0,-5.238879828096866,0.005278190242106181
MLI,2019,FSW,0,-5.972896957016085,0.0025403826190317346
MLI,2019,FSW,0,-6.18567496162827,0.0020544819466183964
MLI,2019,FSW,0,-4.040929434041932,0.017277368756028165
MLI,2019,FSW,0,-6.25343800313695,0.0019201346147075396
MLI,2019,FSW,0,-4.302835636258515,0.013349517203834182
MLI,2014,MSM,1,-5.073139101910852,0.0062237522255475285
MLI,2015,MSM,1,-5.824930540374727,0.002944314671676343
MLI,2015,MSM,0,-5.933842897615231,0.0026412904289401747
MLI,2015,MSM,0,-5.826857245943969,0.002938663960111244
MLI,2015,MSM,0,-6.502028557313046,0.001498144666697712
MLI,2015,MSM,0,-6.199717145053503,0.0020258921812267936
MLI,2015,MSM,0,-5.392513885824439,0.004529906032988243
MLI,2015,MSM,0,-3.404029590098275,0.03216976713118416
MLI,2015,MSM,0,-5.955821766269544,0.0025840195426298225
MLI,2015,MSM,0,-6.010868124338721,0.002445961255356324
MLI,2015,MSM,0,-6.1823657843653645,0.002061277815833538
MLI,2019,MSM,0,-6.5267210156824245,0.0014616581871129922
MLI,2019,MSM,0,-7.025723994037133,8.879347270822562e-4
MLI,2019,MSM,0,-6.913760424555916,9.930257689003757e-4
MLI,2019,MSM,0,-7.317985757361444,6.630573739430629e-4
MLI,2019,MSM,0,-7.550373776732009,5.256370764955542e-4
MLI,2019,MSM,0,-5.095704271942487,0.006085729982660498
MLI,2019,MSM,0,-7.180624450791676,7.606133934258751e-4
MLI,2019,MSM,0,-5.873345840907282,0.0028055509706767625
MLI,2015,PWID,1,-6.683200706604094,0.001250200064567624
MLI,2018,PWID,0,-6.327264858640451,0.0017837271870716136
MLI,2019,TG,0,-8.643810002354355,1.7618319896581017e-4
MLI,2019,TG,0,-8.643810002354355,1.7618319896581017e-4
NER,2015,FSW,0,-8.246801409810622,2.620268781715885e-4
NER,2015,FSW,0,-3.461791887794709,0.03041913916442249
NER,2015,FSW,0,-10.48424177313836,2.7973029432279508e-5
NER,2015,FSW,0,-8.667174603643634,1.7211516631354955e-4
NER,2015,FSW,0,-3.536094383763195,0.028302500503228016
NER,2015,FSW,0,-4.969048004117553,0.00690179520301781
NER,2015,FSW,0,-8.787232075341132,1.5264665778510816e-4
NER,2015,FSW,0,-1.0768721131580903,0.2540983964534056
NER,2015,FSW,0,-10.649656901099359,2.370841262344658e-5
NER,2015,FSW,0,-9.493253559236162,7.53528421029651e-5
NER,2015,FSW,0,-9.042475832266101,1.1826365011121984e-4
NER,2015,FSW,0,-9.469301552610007,7.717934142007335e-5
NER,2015,FSW,0,-7.926451200682524,3.609351697260958e-4
NER,2015,FSW,0,-8.572538507143241,1.8919587178271123e-4
NER,2015,FSW,0,-7.839698457748379,3.936327586386983e-4
NER,2015,FSW,0,-7.699877445463668,4.5267767243450306e-4
NER,2015,FSW,0,-6.631744783403703,0.0013161272220229697
NER,2015,FSW,0,-5.469287052054638,0.004196550365815883
NER,2015,FSW,0,-5.455968128382503,0.0042525784971350605
NER,2012,FSW,1,-4.8848598701092385,0.007503455597284925
NER,2013,FSW,1,-4.909058832076214,0.0073253732654135475
NER,2012,FSW,1,-4.87056722666893,0.00761064782010328
NER,2014,FSW,1,-4.610696596907976,0.009846961384749105
NER,2015,FSW,1,-4.5449811815273495,0.01050876556794279
NER,2015,FSW,1,-4.5444054917195995,0.010514753468551304
NER,2016,FSW,1,-4.524349722651754,0.010725479201072155
NER,2016,FSW,1,-4.523699173263469,0.010732384016008468
NER,2017,FSW,1,-4.5431966405130995,0.010527338035271724
NER,2017,FSW,1,-4.542241650698282,0.010537290350641205
NER,2018,FSW,1,-4.581406949850857,0.01013667392710137
NER,2019,FSW,1,-4.554182439610046,0.010413517500094024
NER,2015,FSW,0,-10.598413772935153,2.4954940778246523e-5
NER,2015,FSW,0,-5.897138850405957,0.0027397670580808753
NER,2013,FSW,0,-4.856191102107919,0.00771999892277503
NER,2015,FSW,0,-4.466260657698116,0.011359676444485163
NER,2015,FSW,0,-7.37411717530775,6.268869987316283e-4
NER,2013,FSW,0,-7.10949799426119,8.166377387741289e-4
NER,2015,MSM,0,-3.4984887525959376,0.029355260910099167
NER,2015,MSM,0,-3.5604007421365855,0.027641649301448225
NER,2013,MSM,0,-7.994084094313705,3.373392388505536e-4
NER,2013,MSM,1,-5.873626369139643,0.002804766251947912
NER,2012,MSM,1,-5.7899227296333535,0.003048894292098291
NER,2015,MSM,1,-5.885859209817118,0.0027707594824913978
NER,2015,MSM,1,-5.88344469855089,0.002777438991958118
NER,2016,MSM,1,-5.869192846890242,0.002817193742165032
NER,2016,MSM,1,-5.866836022104971,0.0028238224333230672
NER,2018,MSM,1,-5.949410007024504,0.0026005976574763287
NER,2017,MSM,1,-5.880287657155944,0.002786196868303652
NER,2017,MSM,1,-5.879472707805738,0.00278846206900959
NER,2013,MSM,0,-6.152243748917167,0.0021241784001664135
NGA,2015,MSM,0,-7.2833908404340555,6.863811603142918e-4
NGA,2015,MSM,0,-6.647262578211094,0.0012958877384915528
NGA,2015,MSM,0,-2.8981066023311883,0.052247239887999626
NGA,2015,MSM,0,-5.494541656561669,0.00409232350321516
NGA,2015,MSM,0,-5.8549263442238,0.0028575576358510547
NGA,2015,MSM,0,-5.386978393330061,0.004554936291107365
NGA,2015,MSM,0,-5.94519687977747,0.002611548745467777
NGA,2015,MSM,0,-6.5661042598568145,0.0014052914785313074
NGA,2019,FSW,0,-3.035463603737157,0.04584921645538641
NGA,2019,FSW,0,-3.254453108548539,0.037167200435831924
NGA,2019,FSW,0,-4.087475426364009,0.0165045740991065
NGA,2019,FSW,0,-3.070875421956796,0.0443247298766627
NGA,2019,FSW,0,-4.177275025178729,0.015108484499124913
NGA,2019,FSW,0,4.686212537057299,0.9908627135468396
NGA,2019,FSW,0,-4.876869391508827,0.007563196700261278
NGA,2019,MSM,0,-3.681355431650965,0.024569922858100245
NGA,2019,MSM,0,-4.760618842608094,0.008487653327296035
NGA,2019,MSM,0,-5.683929170183986,0.0033886503118169434
NGA,2019,MSM,0,-5.037362542890687,0.006448985720616362
NGA,2019,MSM,0,-3.827492364751131,0.021300536235510953
NGA,2019,MSM,0,-2.3587108524075795,0.08637587345220843
NGA,2019,MSM,0,-3.8702175303014257,0.020427833961654634
NGA,2019,PWID,0,-4.8196178771771185,0.00800526875160082
NGA,2019,PWID,0,-4.506758382543849,0.01091374667995565
NGA,2019,PWID,0,-4.522893588911288,0.010740940438171344
NGA,2019,PWID,0,-6.516517131944907,0.0014766269941368813
NGA,2019,PWID,0,-6.613292889000578,0.0013406048406265911
NGA,2019,PWID,0,-2.7422345884784263,0.0605267125441668
NGA,2019,PWID,0,-4.857725706746431,0.007708252113067887
NGA,2012,FSW,0,-9.585628397434188,6.870441442783357e-5
NGA,2012,FSW,0,-7.406712739365096,6.067948980787172e-4
NGA,2012,FSW,0,-8.149281294066807,2.888594861215176e-4
NGA,2012,FSW,0,-6.577626596294427,0.0013892145316846806
NGA,2012,FSW,0,-6.467216579394777,0.0015511341316378983
NGA,2012,FSW,0,-7.207624485375965,7.40366572516285e-4
NGA,2012,FSW,0,-6.967136665717485,9.414601194490447e-4
NGA,2012,FSW,0,-5.813994466205612,0.002976594255467571
NGA,2012,FSW,0,-5.982125942396791,0.0025171040628266706
NGA,2012,FSW,0,-5.3876044742932345,0.004552098402160991
NGA,2012,FSW,0,-5.817612550675528,0.0029658760286437754
NGA,2012,FSW,0,-3.7328646752252386,0.023365208526915367
NGA,2012,FSW,0,-5.557547054197392,0.0038434001088383657
NGA,2012,FSW,0,-5.986382655597056,0.0025064390432715192
NGA,2012,FSW,0,-4.561906719184459,0.01033421849041955
NGA,2012,FSW,0,-5.268966306939617,0.005122554560496021
NGA,2012,FSW,0,-4.7045390091745904,0.00897284617620803
NGA,2012,FSW,0,-4.342375407445374,0.012838623907896465
NGA,2012,FSW,0,-4.6572016322551,0.009403720716547328
NGA,2012,FSW,0,-4.705144403660449,0.008967464406089243
NGA,2012,FSW,0,-4.721168453689154,0.008826172641988603
NGA,2012,FSW,0,-4.5847393269752885,0.010103291640179507
NGA,2012,FSW,0,-4.972285909076295,0.006879637479479889
NGA,2012,FSW,0,-4.912095973786115,0.00730332105924075
NGA,2012,FSW,0,-4.485472357276813,0.01114593001683284
NGA,2012,FSW,0,-4.819958064151268,0.008002567716199399
NGA,2012,FSW,0,-4.817280564742153,0.008023851140976524
NGA,2012,FSW,0,-5.760411890618003,0.0031399237766819464
NGA,2012,FSW,0,-4.166857289197983,0.015264288313086703
NGA,2012,FSW,0,-4.7761991239980395,0.008357534774700805
NGA,2012,FSW,0,-4.613253426813662,0.009822063512921584
NGA,2012,FSW,0,-5.45746910350329,0.004246227353988849
NGA,2012,FSW,0,-4.620410825172933,0.009752697247498108
NGA,2012,FSW,0,-4.7462539105546195,0.00860940054493802
NGA,2012,FSW,0,-4.1685806864903485,0.015238405057994196
NGA,2012,FSW,0,-4.3778200103626,0.0123970768504774
NGA,2012,FSW,0,-3.995219625106145,0.01807083916143047
NGA,2012,FSW,0,-3.4635276254831395,0.030367987343030235
NGA,2012,FSW,0,-4.811133809240725,0.008072924296070871
NGA,2012,FSW,0,-4.502444311088182,0.010960413907788125
NGA,2012,FSW,0,-3.7187669789416615,0.023689078608829142
NGA,2012,FSW,0,-4.442485687332813,0.011629809967064895
NGA,2012,FSW,0,-3.4878149371123417,0.029660928227841485
NGA,2012,FSW,0,-4.016413392403617,0.01769858701481655
NGA,2012,FSW,0,-3.9426729611749325,0.01902724175056876
NGA,2012,FSW,0,-4.110112451487048,0.016141119482278306
NGA,2012,FSW,0,-4.137929327431717,0.015705265707305446
NGA,2012,FSW,0,-4.5018778481398165,0.010966556227988939
NGA,2012,FSW,0,-3.288131866719504,0.035980587785517625
NGA,2012,FSW,0,-4.038453661571235,0.01731945482943023
NGA,2012,FSW,0,-4.067100073876486,0.01683858930672032
NGA,2012,FSW,0,-4.1159141607895595,0.01604924312564792
NGA,2012,FSW,0,-3.772506510000886,0.022477499793894677
NGA,2012,FSW,0,-4.472332646905112,0.011291686092407695
NGA,2012,FSW,0,-3.826452341242173,0.02132222821951291
NGA,2012,FSW,0,-4.076716730011713,0.016680122592404673
NGA,2012,FSW,0,-3.5081611585370838,0.029080910978470518
NGA,2012,FSW,0,-4.120429476381466,0.015978094369270546
NGA,2012,FSW,0,-3.5072346401729475,0.029107082837836088
NGA,2012,FSW,0,-3.6991003012170376,0.024148213814904354
NGA,2012,FSW,0,-3.475511253848587,0.030017099107697516
NGA,2012,FSW,0,-3.4022590217213367,0.032224939239162684
NGA,2012,FSW,0,-4.8503039714243545,0.007765227649337527
NGA,2012,FSW,0,-4.291849637203249,0.013494993479354869
NGA,2012,FSW,0,-3.8926290504856818,0.0199841546055128
NGA,2012,FSW,0,-3.891806478853981,0.020000270859226926
NGA,2012,FSW,0,-3.584614063095755,0.026998243920245645
NGA,2012,FSW,0,-3.4809794591262073,0.02985829496085436
NGA,2012,FSW,0,-3.7741373130994846,0.0224416952518226
NGA,2012,FSW,0,-2.970879457374531,0.04875891626893348
NGA,2012,FSW,0,-2.9693829495290602,0.04882837341461572
NGA,2012,FSW,0,-4.77078180181797,0.008402551629137037
NGA,2012,FSW,0,-2.86756356811795,0.05378050283363338
NGA,2012,FSW,0,-2.572740481902559,0.07091353551251194
NGA,2012,FSW,0,-3.3762163928990407,0.033047086496385034
NGA,2012,FSW,0,-4.570134254067425,0.01025041013075586
NGA,2012,FSW,0,-3.553581237749664,0.027825532756222578
NGA,2012,FSW,0,-3.586280502981918,0.02695450213504302
NGA,2012,FSW,0,-2.114946716486226,0.10765254488763497
NGA,2012,FSW,0,-2.4582594552897703,0.07883664539157936
NGA,2012,FSW,0,-3.6767831581441848,0.02467974160257145
NGA,2012,FSW,0,-3.7741412531719765,0.022441608814416578
NGA,2012,FSW,0,-4.334947370718954,0.012933106778803652
NGA,2012,FSW,0,-3.260277445883674,0.036959332802105976
NGA,2012,FSW,0,-4.004420584708922,0.017908296616382074
NGA,2012,FSW,0,-3.6953801690715014,0.02423603437898769
NGA,2012,FSW,0,-2.4628194940091355,0.07850612421036582
NGA,2012,FSW,0,-4.299844518392432,0.013388971538755508
NGA,2012,FSW,0,-3.425611413616351,0.03150456194204261
NGA,2012,FSW,0,-3.871826427632026,0.02039566388998828
NGA,2012,FSW,0,-4.3271614455161584,0.013032878523105425
NGA,2012,FSW,0,-3.501774793466947,0.02926177467337833
NGA,2012,FSW,0,-3.9441608193089364,0.018999490436757048
NGA,2012,FSW,0,-3.0926315240556432,0.04341222267460401
NGA,2012,FSW,0,-2.7903593038547734,0.05784736972716292
NGA,2012,FSW,0,-3.058465217632867,0.044853409641021996
NGA,2012,FSW,0,-1.4850303827321578,0.1846688117392955
NGA,2012,FSW,0,-2.127804223642853,0.10642362443178725
NGA,2012,FSW,0,-4.50596984836171,0.01092226190361716
NGA,2012,FSW,0,-5.323439402617369,0.004852294912389019
NGA,2012,FSW,0,-4.631798752091639,0.009643329180807557
NGA,2012,FSW,0,-4.370180742827549,0.012490956616073868
NGA,2012,FSW,0,-4.643689109774146,0.009530431856912385
NGA,2012,FSW,0,-0.3165450449657403,0.4215179768534383
NGA,2012,FSW,0,-4.0177572345311505,0.017675238989304398
NGA,2012,FSW,1,-5.322875075774725,0.004855020667285207
NGA,2013,FSW,0,-1.4943981386144598,0.18326250837062572
NGA,2013,FSW,0,-5.346120878024401,0.0047439926853646425
NGA,2013,FSW,0,-4.656597522906012,0.009409349838934026
NGA,2013,FSW,0,-4.392710046802226,0.012216089724549815
NGA,2013,FSW,0,-4.668037070636851,0.009303320151796983
NGA,2013,FSW,0,0.07404931692151737,0.5185038748095285
NGA,2013,FSW,0,-3.2138439581207607,0.03864806099449542
NGA,2013,FSW,0,-2.9964794379652218,0.047585174062673326
NGA,2013,FSW,0,-4.04496196603296,0.017209034067252684
NGA,2013,FSW,1,-5.349312297319158,0.00472894823152994
NGA,2015,FSW,0,-6.074178558998757,0.0022962510813674553
NGA,2015,FSW,0,-6.074178558998757,0.0022962510813674553
NGA,2015,FSW,0,-6.073481062562238,0.002297849585426883
NGA,2015,FSW,0,-5.513181791832141,0.004017052179428229
NGA,2015,FSW,0,-5.296082904284623,0.004986198042817885
NGA,2015,FSW,0,-5.699028959564633,0.0033380362983012083
NGA,2015,FSW,0,-4.663129538232151,0.009348660835667174
NGA,2015,FSW,0,-1.554082704631851,0.17449738077126448
NGA,2015,FSW,0,-1.3097621258936867,0.21252665179038258
NGA,2015,FSW,0,-4.447439504861871,0.011573005569560037
NGA,2015,FSW,0,-4.681676237825036,0.00917844876859045
NGA,2015,FSW,0,-4.0814828257805456,0.016602129393569
NGA,2015,FSW,0,-4.08131745192924,0.016604829585387098
NGA,2015,FSW,0,-4.402049513165289,0.012103903615786466
NGA,2015,FSW,0,-4.23480768380074,0.014275843899735864
NGA,2019,FSW,0,-4.824360885048054,0.007967691409857222
NGA,2019,MSM,0,-6.20103208664041,0.002023235388250915
NGA,2019,PWID,0,-6.2806589836833435,0.0018686680029192887
NGA,2019,FSW,0,-3.629710888310132,0.025838514724503575
NGA,2019,MSM,0,-6.01137038933484,0.002444736045760487
NGA,2019,PWID,0,-6.76476570631047,0.0011523882406165205
NGA,2013,MSM,0,-9.228856362647011,9.815580220813918e-5
NGA,2013,MSM,0,-8.475150037728053,2.0854439705580576e-4
NGA,2013,MSM,0,-7.996507527595605,3.3652298429453207e-4
NGA,2013,MSM,0,-4.581650708512216,0.010134228363795801
NGA,2013,MSM,0,-3.5686611345788948,0.027420494047872643
NGA,2013,MSM,0,-6.976280536485876,9.328987623487545e-4
NGA,2013,MSM,0,-6.013880008766885,0.0024386233240096173
NGA,2013,MSM,0,-7.0050526054605,9.064637837263846e-4
NGA,2019,FSW,0,-4.834531105743587,0.007887704825636764
NGA,2019,MSM,0,-6.9569177879902755,9.511209120381245e-4
NGA,2019,PWID,0,-8.326094558748384,2.4205716390633423e-4
NGA,2019,FSW,0,-5.701813629344739,0.0033287847988094934
NGA,2019,MSM,0,-6.4702642089617255,0.0015464213448281043
NGA,2019,PWID,0,-7.502464497874654,5.514187427739332e-4
NGA,2019,FSW,0,-1.4763651708584793,0.18597706662957078
NGA,2019,MSM,0,-2.633901889508776,0.06698816713431646
NGA,2019,PWID,0,-1.9751926146810577,0.12183224158816602
NGA,2019,FSW,0,-5.654621313658416,0.0034890824099864134
NGA,2019,MSM,0,-7.449164352962227,5.815892523300837e-4
NGA,2019,PWID,0,-6.9359546313423275,9.712502939750061e-4
NGA,2019,FSW,0,-4.391546627695431,0.012230136506322585
NGA,2019,MSM,0,-5.404555743243873,0.004475927359475398
NGA,2019,PWID,0,-6.021653683026126,0.0024197854472968075
NGA,2013,PWID,0,-10.312298508709018,3.322088777086772e-5
NGA,2013,PWID,0,-9.576290403251711,6.934893594413803e-5
NGA,2013,PWID,0,-9.397088256169344,8.295840519454788e-5
NGA,2013,PWID,0,-8.833505285807718,1.457451453172448e-4
NGA,2013,PWID,0,-5.2835195985871675,0.0050489180534423524
NGA,2013,PWID,0,-8.523680207452982,1.9866731929921904e-4
NGA,2013,PWID,0,-2.495563132326177,0.0761698068622182
NGA,2013,PWID,1,-8.349169891026351,2.3653687184159629e-4
NGA,2015,PWID,0,-8.128919853265028,2.9479961714495373e-4
NGA,2015,PWID,0,-8.12621635084768,2.9559745102085346e-4
NGA,2015,PWID,0,-6.9505294038373595,9.572106527584298e-4
NGA,2015,PWID,0,-7.135763425135548,7.954844751814739e-4
NGA,2015,PWID,0,-6.973932927240533,9.350893665212689e-4
NGA,2015,PWID,0,-3.5396722146445256,0.02820427078082825
NGA,2015,PWID,0,-3.6703421191343115,0.02483525719290334
NGA,2015,PWID,0,-6.838297303517059,0.0010707792158575575
NGA,2015,PWID,0,-6.765773063313888,0.0011512292945092895
NGA,2015,PWID,0,-7.093698482360153,8.296318924789236e-4
NGA,2015,PWID,0,-7.074348843012393,8.458275772698997e-4
NGA,2015,PWID,0,-5.734123642384651,0.003223291810603925
NGA,2015,PWID,0,-4.981584252458434,0.006816398750978066
NGA,2019,FSW,0,-5.448749871193285,0.004283253800731916
NGA,2019,MSM,0,-5.036994038017214,0.006451347306869607
NGA,2019,PWID,0,-6.75031059175087,0.001169147505833979
NGA,2019,MSM,0,-2.2564267623177363,0.09479654541371345
NGA,2019,PWID,0,-2.4904324138949114,0.07653163110184501
NGA,2019,FSW,0,-5.182462261230002,0.005582822945093188
NGA,2019,MSM,0,-6.206929297829054,0.0020113629818029792
NGA,2019,PWID,0,-5.571908267949983,0.003788806299859082
NGA,2019,FSW,0,-5.029967491148042,0.0064965421040597
NGA,2019,MSM,0,-6.904281412177597,0.0010024739452108749
NGA,2019,PWID,0,-7.225885970948652,7.269788200975496e-4
SEN,2015,PWID,0,-7.241487655483332,7.157328003357577e-4
SEN,2012,FSW,0,-5.30628243561087,0.004935849384437805
SEN,2015,FSW,0,-4.720369391483443,0.008833165799255886
SEN,2015,FSW,0,-4.475933309887391,0.011251558283861
SEN,2015,FSW,0,-4.087809232929994,0.016499156567541643
SEN,2016,FSW,1,-5.1706695967403835,0.005648674936876247
SEN,2012,MSM,0,-6.346027976657061,0.001750628977728194
SEN,2012,MSM,0,-6.127877826357408,0.0021764576479864034
SEN,2015,MSM,0,-5.405806280604092,0.004470358549820953
SEN,2015,MSM,0,-5.2595493351409015,0.005170770748696242
SEN,2015,MSM,0,-4.136183593381613,0.015732275158012378
SEN,2016,MSM,1,-5.897683559233753,0.002738279174586872
SEN,2019,MSM,1,-4.278629704213621,0.013672125498870648
SEN,2016,PWID,1,-7.766061268365139,4.236999331601788e-4
SEN,2016,PWID,1,-7.7630554838790395,4.249748577333789e-4
TGO,2015,FSW,0,-5.272122957304121,0.005106492384013178
TGO,2015,FSW,0,-4.702263451141601,0.008993103825107412
TGO,2015,FSW,0,-4.705431460183141,0.008964913680262452
TGO,2015,FSW,0,-4.651848950106682,0.009453713669498051
TGO,2015,FSW,0,-4.36501511366679,0.012554835026083825
TGO,2015,FSW,0,-4.472222207232887,0.011292919127769318
TGO,2015,MSM,0,-6.054670611754746,0.0023413800999349467
TGO,2015,MSM,0,-5.410842375719173,0.0044480018799122004
TGO,2015,MSM,0,-5.128839762624856,0.0058885486717129695
TGO,2015,MSM,0,-5.142968453588014,0.005806415847421261
TGO,2017,FSW,0,-4.0205786506348495,0.01762631784173147
TGO,2017,MSM,0,-4.664506933463778,0.009335913032899794
TGO,2017,MSM,0,-5.704163922988575,0.003320996315470837
TGO,2017,PWID,0,-6.187937801178059,0.002049847758471187
TGO,2019,FSW,1,-5.260226332294239,0.005167289418775243
TGO,2019,MSM,1,-4.7254036837612166,0.008789198670009069
