iso3,year,kp,is_national,population_proportion
BDI,2011,FSW,1,0.012986772317737915
BDI,2013,FSW,1,0.022967150550731775
BDI,2013,FSW,0,0.05559800377930922
BDI,2014,FSW,1,0.022292378872429946
BDI,2014,FSW,0,0.052866818090001315
BDI,2011,MSM,1,0.00306520542259351
BDI,2013,MSM,1,0.004267996831534661
BDI,2013,MSM,0,0.010953130260052115
BDI,2014,MSM,1,0.004161533223641129
BDI,2014,MSM,0,0.010366786785390675
BWA,2012,FSW,0,0.06642160382068452
BWA,2012,FSW,0,0.0857157912712187
BWA,2012,FSW,0,0.03845690272708129
BWA,2012,FSW,0,0.11900925802571556
BWA,2012,FSW,0,0.06717330509195159
BWA,2017,FSW,0,0.031693586630914934
BWA,2017,FSW,0,0.007023282425456346
BWA,2017,FSW,0,0.01406337144158835
BWA,2017,FSW,0,4.190932496197301e-5
BWA,2012,MSM,0,0.013520405165839217
BWA,2012,MSM,0,0.01441833287051681
BWA,2012,MSM,0,0.012401834212074891
BWA,2012,MSM,0,0.01384932667435515
BWA,2017,MSM,0,0.00841163163899116
BWA,2017,MSM,0,0.015672081053017265
BWA,2017,MSM,0,0.0794541231366244
BWA,2017,MSM,0,0.004464843730269948
BWA,2017,TG,0,9.241161086126772e-5
BEN,2000,FSW,0,0.006578021608244335
BEN,2001,FSW,0,0.009183679368292223
BEN,2004,FSW,0,0.00445468767349192
BEN,2004,FSW,0,7.036107802634263e-4
BEN,2004,FSW,0,0.005368488770201736
BEN,2004,FSW,0,0.004447539462664192
BEN,2012,FSW,1,0.005632094275477928
BEN,2014,FSW,1,0.006180053943361588
BEN,2014,FSW,0,0.010016137334747493
BEN,2014,FSW,1,0.006600969246500141
BEN,2017,FSW,1,0.010925088907700154
BEN,2017,FSW,0,0.014804053306719087
BEN,2013,MSM,1,6.019554518993807e-4
BEN,2014,MSM,1,0.0015736419435021223
BEN,2015,MSM,0,0.003797679646327297
BEN,2016,MSM,0,0.003573295620871197
BEN,2014,PWID,1,0.0010091611209519671
BFA,2000,FSW,0,0.02049010626122323
BFA,2014,FSW,1,0.007628443069800369
BFA,2014,FSW,0,0.00797025672369431
BFA,2014,FSW,0,0.01728230233049534
BFA,2014,FSW,0,0.005519582932241141
BFA,2014,FSW,0,0.019595910808725907
BFA,2014,FSW,0,0.0118049669907172
BFA,2017,FSW,1,0.004921677196424747
BFA,2013,MSM,0,4.4277710397202613e-4
BFA,2014,MSM,1,0.006628849267144607
BFA,2014,MSM,0,0.0049526181220006914
BFA,2014,MSM,0,0.00277590027574721
CIV,2000,FSW,0,0.0014565653817962296
CIV,2001,FSW,0,0.0044278117053808165
CIV,2004,FSW,0,0.005009681739402506
CIV,2004,FSW,0,0.004942665675511983
CIV,2004,FSW,0,0.003953893735699121
CIV,2009,FSW,0,0.0066760341803563305
CIV,2009,FSW,0,0.00383601788983578
CIV,2009,FSW,0,0.0046090631194118225
CIV,2009,FSW,0,0.005277618065780833
CIV,2009,FSW,0,0.00498718310933063
CIV,2009,FSW,0,0.025458471254448393
CIV,2009,FSW,0,0.017726186467683154
CIV,2009,FSW,0,0.008342503773604704
CIV,2009,FSW,0,0.008074301452625873
CIV,2009,FSW,0,0.0051946366496522034
CIV,2010,FSW,0,0.004854534607188772
CIV,2010,FSW,0,0.01751055669544243
CIV,2014,FSW,0,0.0038683521414360996
CIV,2014,FSW,0,0.0038637324613193047
CIV,2015,FSW,0,0.0028827968244824658
CIV,2016,FSW,0,0.0039095658995341705
CIV,2019,FSW,0,0.008195633851474812
CIV,2014,MSM,0,0.002377425263945473
CIV,2014,MSM,0,0.008044850036429445
CIV,2014,MSM,0,0.014166940536316152
CIV,2014,MSM,0,0.02266120521855497
CIV,2014,MSM,0,0.033775362347195914
CIV,2015,MSM,0,0.019801678297619377
CIV,2015,MSM,0,0.002315156079659388
CIV,2015,MSM,0,0.007927850527126735
CIV,2015,MSM,0,0.014059474252735866
CIV,2015,MSM,0,0.0218752487194141
CIV,2015,MSM,0,0.03294242652233943
CIV,2017,MSM,0,0.004993915580135221
CIV,2019,MSM,0,0.006393233305936084
CIV,2014,PWID,0,7.2457078742578e-4
CIV,2014,PWID,0,2.469426142888202e-5
CIV,2014,PWID,0,2.0578551190735017e-5
CIV,2019,PWID,0,0.0011941282904910325
CIV,2019,PWID,0,0.0024967787521728234
CIV,2019,PWID,0,0.004502480010633844
CIV,2019,PWID,0,9.13502479417399e-5
CMR,1997,FSW,0,0.01912283456179675
CMR,2013,FSW,1,0.007356135100784569
CMR,2013,FSW,0,0.01911377954218325
CMR,2013,FSW,0,0.016882341948682173
CMR,2013,FSW,0,0.03185993624438427
CMR,2013,FSW,0,0.017029211829391714
CMR,2013,FSW,0,0.014138082543907488
CMR,2013,FSW,0,0.016086567548917262
CMR,2013,FSW,0,0.010141728326551223
CMR,2015,FSW,0,0.005189178692954612
CMR,2015,FSW,0,0.010753149112783614
CMR,2015,FSW,0,0.024118001707387874
CMR,2015,FSW,0,0.0072513707098634935
CMR,2015,FSW,0,0.006642473485594784
CMR,2015,FSW,0,0.015386146746795148
CMR,2015,FSW,0,0.03131362740419475
CMR,2015,FSW,0,0.01646198389457042
CMR,2015,FSW,0,0.013733714302115032
CMR,2015,FSW,0,0.015502487558549438
CMR,2015,FSW,0,0.009260196379487839
CMR,2015,FSW,1,0.020231759658194664
CMR,2016,FSW,1,0.0036843726079612764
CMR,2016,FSW,0,0.003686000298932852
CMR,2016,FSW,0,0.009271153388286648
CMR,2016,FSW,0,0.021321490023248856
CMR,2016,FSW,0,0.03439547786222993
CMR,2016,FSW,0,0.026541772611438474
CMR,2016,FSW,0,0.030557293716361508
CMR,2016,FSW,0,0.005137837109050207
CMR,2016,FSW,0,0.003907738799724137
CMR,2016,FSW,0,0.011368976782787399
CMR,2016,FSW,0,0.009289502161389638
CMR,2016,FSW,0,0.005137837109050207
CMR,2016,FSW,0,0.009271153388286648
CMR,2016,FSW,0,0.03439547786222993
CMR,2016,FSW,0,0.030557293716361508
CMR,2016,FSW,0,0.021321490023248856
CMR,2016,FSW,0,0.026541772611438474
CMR,2016,FSW,0,0.003907738799724137
CMR,2018,FSW,1,0.01158466136827379
CMR,2018,FSW,0,0.009353398057685015
CMR,2018,FSW,0,0.03534298821732779
CMR,2018,FSW,0,0.019647782003355915
CMR,2018,FSW,0,0.011092663893802727
CMR,2018,FSW,0,0.019613662873946135
CMR,2018,FSW,0,0.05396578729092964
CMR,2018,FSW,0,0.022746018128241605
CMR,2018,FSW,0,0.02728007558458756
CMR,2018,FSW,0,0.031973093921496006
CMR,2018,FSW,0,0.030228487290754485
CMR,2018,FSW,0,0.0459090548616441
CMR,2018,FSW,0,0.006238664148708522
CMR,2013,MSM,1,0.005431151960631597
CMR,2013,MSM,0,0.012226629722839874
CMR,2013,MSM,0,0.011012508188300775
CMR,2013,MSM,0,0.022535388186369635
CMR,2013,MSM,0,0.012056032951410956
CMR,2013,MSM,0,0.0115470504583769
CMR,2013,MSM,0,0.009661162986483146
CMR,2013,MSM,0,0.006239220570520348
CMR,2015,MSM,0,0.0022810049015090815
CMR,2015,MSM,0,0.00600075343408602
CMR,2015,MSM,0,0.013328751095167065
CMR,2015,MSM,0,0.003491524385295372
CMR,2015,MSM,0,0.0037069199848965783
CMR,2015,MSM,0,0.010038743168484798
CMR,2015,MSM,0,0.02219567912868955
CMR,2015,MSM,0,0.011663287285595599
CMR,2015,MSM,0,0.011270902676403087
CMR,2015,MSM,0,0.005697825070482018
CMR,2016,MSM,0,0.006227450430077472
CMR,2016,MSM,0,0.006356144963278815
CMR,2016,MSM,0,0.005747921799942729
CMR,2016,MSM,0,0.012849327951976231
CMR,2018,MSM,1,0.0011455812976009525
CMR,2018,MSM,0,0.0021460960727528082
CMR,2018,MSM,0,0.0029866836006507084
CMR,2018,MSM,0,0.0021329964687575942
CMR,2018,MSM,0,0.002387208937845773
CMR,2018,MSM,0,0.004521693682527362
CMR,2018,MSM,0,0.008456080035651759
CMR,2018,MSM,0,0.0032242048734906527
CMR,2018,MSM,0,0.001807587257386932
CMR,2018,MSM,0,0.005479179427421972
CMR,2018,MSM,0,0.00603026367353523
CMR,2018,MSM,0,0.005221894804636752
CMR,2018,MSM,0,0.0017025129244615928
CMR,2018,PWID,0,5.656393332769342e-4
CMR,2018,PWID,0,3.224624905555238e-4
CMR,2018,PWID,0,0.0012412678899638605
CMR,2018,PWID,0,5.112250805454361e-4
CMR,2018,PWID,0,3.1104128271588734e-4
CMR,2018,PWID,0,2.3612683897489557e-4
CMR,2018,PWID,0,7.999840480913654e-4
CMR,2018,PWID,0,4.6779941713149647e-4
CMR,2018,PWID,0,8.464464042809983e-4
CMR,2018,PWID,0,9.057429142551343e-4
CMR,2018,PWID,0,1.281882554113482e-4
CMR,2018,PWID,0,4.647058601404385e-4
CMR,2018,PWID,0,2.1879926509270516e-4
COD,2013,FSW,0,0.04415374310196372
COD,2013,FSW,0,0.0590036416708014
COD,2018,FSW,0,0.018713803364455522
COD,2019,FSW,0,0.009835857173681335
COD,2013,MSM,0,0.015433447396915828
COD,2013,MSM,0,0.014904546035701445
COD,2018,MSM,0,0.010458821328911915
COD,2019,MSM,0,0.007228515753830245
COD,2013,PWID,0,2.3139386667752972e-4
COD,2013,PWID,0,4.8736739133997903e-4
COD,2018,PWID,0,0.004170928826217901
COD,2019,PWID,0,9.312232768969496e-4
COG,2017,FSW,0,0.012766747166129562
COG,2017,FSW,0,0.011560169314342842
COG,2017,FSW,0,0.1173145652977962
COG,2017,FSW,0,0.02282449633656519
COG,2017,FSW,0,0.024874182768442905
COG,2017,MSM,0,0.0022653739585609873
COG,2017,MSM,0,0.0019724102984409616
COG,2017,PWID,0,1.2758501148156683e-4
COG,2017,PWID,0,9.657451102272726e-4
GMB,2018,FSW,0,0.016389568418769297
GMB,2018,MSM,0,0.005031019449108544
KEN,1997,FSW,0,0.006573764833468943
KEN,2004,FSW,0,0.012490898221002413
KEN,2010,FSW,1,0.013373672156817968
KEN,2010,FSW,0,0.005197859844767632
KEN,2010,FSW,0,0.027218833954383244
KEN,2012,FSW,1,0.0121224189596436
KEN,2013,FSW,0,0.02450743844392082
KEN,2019,FSW,1,0.012310574304934119
KEN,2010,MSM,0,0.00932420162940881
KEN,2011,MSM,0,0.008143726960465471
KEN,2011,MSM,0,0.01431057132702243
KEN,2012,MSM,1,0.0016952880125061626
KEN,2013,MSM,0,0.008359928052901141
KEN,2013,MSM,1,0.0011570377289383724
KEN,2013,MSM,0,0.007571027035773539
KEN,2018,MSM,0,0.006502928731039847
KEN,2018,MSM,0,0.0029737425187526707
KEN,2018,MSM,0,8.518776709108131e-5
KEN,2018,MSM,0,5.657000351026794e-4
KEN,2018,MSM,0,0.009115388975732002
KEN,2018,MSM,0,0.0039938067084487605
KEN,2018,MSM,0,0.0078092085833088255
KEN,2018,MSM,0,7.947007118355744e-4
KEN,2018,MSM,0,1.7557159330169569e-4
KEN,2018,MSM,0,0.0013727777899322528
KEN,2018,MSM,0,0.0065777199788159295
KEN,2018,MSM,0,1.2865079666966658e-4
KEN,2018,MSM,0,0.0010168747602079906
KEN,2018,MSM,0,0.008395185441008892
KEN,2018,MSM,0,0.0023084690222400367
KEN,2018,MSM,0,6.055663426793723e-4
KEN,2018,MSM,0,0.003035308984894841
KEN,2018,MSM,0,4.875453602021531e-4
KEN,2018,MSM,0,0.001882532455629214
KEN,2018,MSM,0,9.82741448426527e-4
KEN,2018,MSM,0,0.003474507587223268
KEN,2018,MSM,0,2.1091852894769097e-4
KEN,2018,MSM,0,0.0014840023777715626
KEN,2018,MSM,0,0.004009520517602101
KEN,2018,MSM,0,0.002877848927795108
KEN,2018,MSM,0,0.00136124418024045
KEN,2018,MSM,0,0.0037689754039832426
KEN,2019,MSM,1,0.0024139606847961848
KEN,2010,PWID,0,0.002740960685082485
KEN,2011,PWID,0,0.012313079095368582
KEN,2012,PWID,1,8.669427727735282e-4
KEN,2013,PWID,0,0.0024192882793316215
KEN,2013,PWID,0,0.0024624686334248176
KEN,2018,PWID,0,1.6407123127920283e-4
KEN,2018,PWID,0,1.254166231740052e-4
KEN,2018,PWID,0,0.0010983229317280366
KEN,2018,PWID,0,0.006457397036915501
KEN,2018,PWID,0,5.243231652584753e-5
KEN,2018,PWID,0,8.152677874852317e-4
KEN,2018,PWID,0,0.004805121784688374
KEN,2018,PWID,0,8.307695883752281e-5
KEN,2018,PWID,0,8.680019640487585e-5
KEN,2018,PWID,0,3.966943187120923e-4
KEN,2018,PWID,0,0.003789597227181879
KEN,2018,PWID,0,0.0016783799516801195
KEN,2018,PWID,0,2.3381049371540798e-4
KEN,2019,PWID,1,5.894606347428127e-4
KEN,2019,PWID,1,5.931447637099553e-4
LSO,2014,FSW,0,0.09265613963848458
LSO,2014,FSW,0,0.011525858855901164
LSO,2014,FSW,0,0.04222850959374553
LSO,2014,FSW,0,0.011376541745491586
LSO,2015,FSW,0,0.039800702070169454
LSO,2016,FSW,1,0.0124998624434513
LSO,2018,FSW,0,0.03823798296549775
LSO,2014,MSM,0,0.15400918788397944
LSO,2014,MSM,0,0.01905013770733041
LSO,2014,MSM,0,0.07959409674866161
LSO,2014,MSM,0,0.01933269244303633
LSO,2015,MSM,0,0.07505071059239997
LSO,2016,MSM,1,0.0202214652593573
LSO,2018,MSM,0,0.03100278824422008
MLI,2014,FSW,1,0.010560453631320963
MLI,2015,FSW,1,0.009346850423836707
MLI,2015,FSW,0,0.0076505343961769225
MLI,2015,FSW,0,0.006094824341347753
MLI,2015,FSW,0,0.005100721101880608
MLI,2015,FSW,0,0.0047685423265666806
MLI,2015,FSW,0,0.006485285527487923
MLI,2015,FSW,0,0.03934539462881359
MLI,2015,FSW,0,0.0055378796801747905
MLI,2015,FSW,0,0.006911182767689842
MLI,2015,FSW,0,0.013181318512363668
MLI,2015,FSW,0,0.0022700315511988835
MLI,2015,FSW,0,0.001959063745731534
MLI,2015,FSW,0,0.0024150398291088657
MLI,2015,FSW,0,0.013048725813606532
MLI,2015,FSW,0,0.002265496232798778
MLI,2019,FSW,0,0.006342595162769166
MLI,2019,FSW,0,0.005278190242106181
MLI,2019,FSW,0,0.0025403826190317346
MLI,2019,FSW,0,0.0020544819466183964
MLI,2019,FSW,0,0.017277368756028165
MLI,2019,FSW,0,0.0019201346147075396
MLI,2019,FSW,0,0.013349517203834182
MLI,2014,MSM,1,0.0062237522255475285
MLI,2015,MSM,1,0.002944314671676343
MLI,2015,MSM,0,0.0026412904289401747
MLI,2015,MSM,0,0.002938663960111244
MLI,2015,MSM,0,0.001498144666697712
MLI,2015,MSM,0,0.0020258921812267936
MLI,2015,MSM,0,0.004529906032988243
MLI,2015,MSM,0,0.03216976713118416
MLI,2015,MSM,0,0.0025840195426298225
MLI,2015,MSM,0,0.002445961255356324
MLI,2015,MSM,0,0.002061277815833538
MLI,2019,MSM,0,0.0014616581871129922
MLI,2019,MSM,0,8.879347270822562e-4
MLI,2019,MSM,0,9.930257689003757e-4
MLI,2019,MSM,0,6.630573739430629e-4
MLI,2019,MSM,0,5.256370764955542e-4
MLI,2019,MSM,0,0.006085729982660498
MLI,2019,MSM,0,7.606133934258751e-4
MLI,2019,MSM,0,0.0028055509706767625
MLI,2015,PWID,1,0.001250200064567624
MLI,2018,PWID,0,0.0017837271870716136
MLI,2019,TG,0,1.7618319896581017e-4
MLI,2019,TG,0,1.7618319896581017e-4
MOZ,2011,FSW,0,0.016540204853172775
MOZ,2011,FSW,0,0.05760191694082054
MOZ,2011,FSW,0,0.042180447408812514
MOZ,2012,FSW,0,0.02385554546236147
MOZ,2012,FSW,0,0.05728150971574058
MOZ,2012,FSW,0,0.04203404878231633
MOZ,2012,FSW,0,0.02308991954167037
MOZ,2019,FSW,1,0.011402435137068307
MOZ,2011,MSM,0,0.012761844437395567
MOZ,2011,MSM,0,0.019789977987884178
MOZ,2011,MSM,0,0.016203062776968456
MOZ,2011,MSM,0,0.013424893512984351
MOZ,2011,MSM,0,0.019789977987884178
MOZ,2011,MSM,0,0.012214510188649028
MOZ,2011,MSM,0,0.018220188618972802
MOZ,2019,MSM,1,0.00668356862307381
MOZ,2014,PWID,0,0.0025855170776503
MOZ,2014,PWID,0,0.0012929576244045272
MOZ,2014,PWID,0,0.002088278993898452
MOZ,2014,PWID,0,7.983781949989051e-4
MOZ,2014,PWID,0,9.723088263468082e-4
MWI,2011,FSW,1,0.005563778971089259
MWI,2014,FSW,1,0.003904726351178014
MWI,2016,FSW,0,0.011630644797440989
MWI,2016,FSW,0,0.017302501912254197
MWI,2016,FSW,0,0.01722248897065187
MWI,2016,FSW,0,0.013997681273698171
MWI,2016,FSW,0,0.004790907490246843
MWI,2016,FSW,0,0.007045365868904742
MWI,2017,FSW,1,0.007336976428003524
MWI,2018,FSW,0,0.02698879015600102
MWI,2018,FSW,0,0.016528903925196722
MWI,2018,FSW,0,0.0066741163260104555
MWI,2018,FSW,0,0.003562933791632798
MWI,2018,FSW,0,0.009073322199587683
MWI,2018,FSW,0,0.002175625974015848
MWI,2018,FSW,0,0.0106856721405599
MWI,2019,FSW,1,0.010109125918169861
MWI,2014,MSM,0,0.023839479359599864
MWI,2016,MSM,0,0.0036003290613799933
MWI,2016,MSM,0,0.0050683605819846845
MWI,2016,MSM,0,0.004873552319118983
MWI,2016,MSM,0,0.006003194135997236
MWI,2016,MSM,0,2.0944012945062427e-4
MWI,2016,MSM,0,2.9329537929674424e-4
MWI,2017,MSM,1,0.010339842811751827
MWI,2018,MSM,0,0.012249268922987335
MWI,2018,MSM,0,0.007296361880971413
MWI,2018,MSM,0,0.005159104590899521
MWI,2018,MSM,0,0.001040699798537375
MWI,2018,MSM,0,0.0016469310414318917
MWI,2018,MSM,0,0.0011081154717979597
MWI,2019,MSM,1,0.008155735646988294
MWI,2019,TG,0,4.54259117852797e-4
NGA,2007,FSW,0,0.03964328647073068
NGA,2007,FSW,0,0.005400421670972135
NGA,2007,FSW,0,0.013985911571013391
NGA,2007,FSW,0,0.017588841318080802
NGA,2013,FSW,0,0.18326250837062572
NGA,2013,FSW,0,0.03864806099449542
NGA,2013,FSW,0,0.0047439926853646425
NGA,2013,FSW,0,0.009303320151796983
NGA,2013,FSW,0,0.012216089724549815
NGA,2013,FSW,0,0.017209034067252684
NGA,2013,FSW,0,0.5185038748095285
NGA,2013,FSW,0,0.009409349838934026
NGA,2013,FSW,0,0.016522965658171566
NGA,2013,FSW,1,0.00472894823152994
NGA,2013,FSW,0,0.047585174062673326
NGA,2015,FSW,0,0.002297849585426883
NGA,2015,FSW,0,0.004986198042817885
NGA,2015,FSW,0,0.011573005569560037
NGA,2015,FSW,0,0.016604829585387098
NGA,2015,FSW,0,0.014275843899735864
NGA,2015,FSW,0,0.17449738077126448
NGA,2015,FSW,0,0.0033380362983012083
NGA,2015,FSW,0,0.0022962510813674553
NGA,2015,FSW,0,0.004017052179428229
NGA,2015,FSW,0,0.009348660835667174
NGA,2015,FSW,0,0.012103903615786466
NGA,2015,FSW,0,0.21252665179038258
NGA,2015,FSW,0,0.016602129393569
NGA,2019,FSW,0,0.007967691409857222
NGA,2019,FSW,0,0.045635300982033125
NGA,2019,FSW,0,0.025838514724503575
NGA,2019,FSW,0,0.03740596189473449
NGA,2019,FSW,0,0.016180954999124017
NGA,2019,FSW,0,0.007887704825636764
NGA,2019,FSW,0,0.0033287847988094934
NGA,2019,FSW,0,0.18597706662957078
NGA,2019,FSW,0,0.0034890824099864134
NGA,2019,FSW,0,0.012230136506322585
NGA,2019,FSW,0,0.004283253800731916
NGA,2019,FSW,0,0.015045793692074603
NGA,2019,FSW,0,0.005582822945093188
NGA,2019,FSW,0,0.007823996586477184
NGA,2019,FSW,0,0.0064965421040597
NGA,2019,FSW,0,0.04461570184521847
NGA,2013,MSM,0,9.815580220813918e-5
NGA,2013,MSM,0,9.038229325760642e-4
NGA,2013,MSM,0,0.0024386233240096173
NGA,2013,MSM,0,2.0854439705580576e-4
NGA,2013,MSM,0,9.328987623487545e-4
NGA,2013,MSM,0,3.3652298429453207e-4
NGA,2013,MSM,0,0.027420494047872643
NGA,2013,MSM,0,9.064637837263846e-4
NGA,2013,MSM,0,0.010134228363795801
NGA,2013,MSM,1,7.328513858042088e-4
NGA,2013,MSM,0,0.001907030661396458
NGA,2015,MSM,0,0.0014052914785313074
NGA,2015,MSM,0,0.052247239887999626
NGA,2015,MSM,0,6.863811603142918e-4
NGA,2015,MSM,0,0.0028575576358510547
NGA,2015,MSM,0,0.0012958877384915528
NGA,2015,MSM,0,0.00409232350321516
NGA,2015,MSM,0,0.004554936291107365
NGA,2015,MSM,0,0.001255745761406966
NGA,2015,MSM,0,0.002611548745467777
NGA,2015,MSM,0,0.05807345597578954
NGA,2019,MSM,0,0.002023235388250915
NGA,2019,MSM,0,0.024853968209060943
NGA,2019,MSM,0,0.002444736045760487
NGA,2019,MSM,0,0.008644832092616333
NGA,2019,MSM,0,0.0033886503118169434
NGA,2019,MSM,0,9.511209120381245e-4
NGA,2019,MSM,0,0.0015464213448281043
NGA,2019,MSM,0,0.06698816713431646
NGA,2019,MSM,0,5.815892523300837e-4
NGA,2019,MSM,0,0.004475927359475398
NGA,2019,MSM,0,0.006451347306869607
NGA,2019,MSM,0,0.021195865295778712
NGA,2019,MSM,0,0.09479654541371345
NGA,2019,MSM,0,0.0020113629818029792
NGA,2019,MSM,0,0.020230463585213528
NGA,2019,MSM,0,0.0010024739452108749
NGA,2019,MSM,0,0.006448985720616362
NGA,2013,PWID,0,3.782311963942406e-4
NGA,2013,PWID,0,1.457451453172448e-4
NGA,2013,PWID,0,6.934893594413803e-5
NGA,2013,PWID,0,8.295840519454788e-5
NGA,2013,PWID,0,3.322088777086772e-5
NGA,2013,PWID,0,0.0761698068622182
NGA,2013,PWID,0,1.9866731929921904e-4
NGA,2013,PWID,0,0.0050489180534423524
NGA,2013,PWID,0,1.3626888105479758e-4
NGA,2013,PWID,1,2.3653687184159629e-4
NGA,2015,PWID,0,2.9559745102085346e-4
NGA,2015,PWID,0,9.350893665212689e-4
NGA,2015,PWID,0,0.003223291810603925
NGA,2015,PWID,0,9.572106527584298e-4
NGA,2015,PWID,0,8.296318924789236e-4
NGA,2015,PWID,0,0.02483525719290334
NGA,2015,PWID,0,0.0011512292945092895
NGA,2015,PWID,0,2.9479961714495373e-4
NGA,2015,PWID,0,7.954844751814739e-4
NGA,2015,PWID,0,0.006816398750978066
NGA,2015,PWID,0,8.458275772698997e-4
NGA,2015,PWID,0,0.02820427078082825
NGA,2015,PWID,0,0.0010707792158575575
NGA,2019,PWID,0,0.0018686680029192887
NGA,2019,PWID,0,0.005336845834400546
NGA,2019,PWID,0,0.0011523882406165205
NGA,2019,PWID,0,0.0205621314260034
NGA,2019,PWID,0,0.008550002338842861
NGA,2019,PWID,0,2.4205716390633423e-4
NGA,2019,PWID,0,5.514187427739332e-4
NGA,2019,PWID,0,0.0015634874055566977
NGA,2019,PWID,0,0.12183224158816602
NGA,2019,PWID,0,9.712502939750061e-4
NGA,2019,PWID,0,0.0024197854472968075
NGA,2019,PWID,0,0.001169147505833979
NGA,2019,PWID,0,0.0028523507247374276
NGA,2019,PWID,0,0.07653163110184501
NGA,2019,PWID,0,0.003788806299859082
NGA,2019,PWID,0,0.00786038866793107
NGA,2019,PWID,0,7.269788200975496e-4
SLE,2013,FSW,1,0.14711517105087854
SLE,2013,MSM,1,0.012051489958393889
SLE,2013,PWID,1,4.55799489454857e-4
SLE,2015,TG,1,0.0019745629827516106
SWZ,2015,FSW,1,0.04153931882271492
SWZ,2015,FSW,0,0.20984073805940578
SWZ,2015,FSW,0,0.0168229536958546
SWZ,2015,FSW,0,0.028845915529230784
SWZ,2015,FSW,0,0.004799991862478421
SWZ,2015,FSW,0,0.09593800386345362
SWZ,2015,FSW,0,0.1504256212589887
SWZ,2015,FSW,0,0.008582201592693977
SWZ,2015,FSW,0,0.0168229536958546
SWZ,2015,FSW,0,0.028845915529230784
SWZ,2015,FSW,0,0.004799991862478421
SWZ,2016,FSW,0,0.024096549404701625
SWZ,2015,MSM,1,0.021461732225355714
SWZ,2015,MSM,0,0.013790105883027943
SWZ,2015,MSM,0,0.095674770277643
SWZ,2015,MSM,0,0.06951760759884677
SWZ,2015,MSM,0,0.007859311369262267
SWZ,2015,MSM,0,0.010046039686582672
SWZ,2015,MSM,0,0.017534172079473213
SWZ,2016,MSM,0,0.017647758115680614
TGO,2014,FSW,1,0.005968314287814679
TGO,2014,FSW,0,0.007815468776377385
TGO,2014,FSW,0,0.011427492322121365
TGO,2014,FSW,0,0.0034155846127490253
ZWE,2016,FSW,1,0.012356108727964957
ZWE,2017,FSW,0,0.024302530242670508
ZWE,2017,FSW,0,0.041185351346918114
ZWE,2017,FSW,0,0.02834233943730921
ZWE,2017,FSW,0,0.021173144961930217
ZWE,2017,FSW,0,0.00894806821421377
ZWE,2019,MSM,0,0.03279428066714771
ZWE,2019,MSM,0,0.029980011875954456
ZWE,2019,MSM,0,0.043364560241629393
AGO,2015,FSW,0,0.015515455108545649
AGO,2015,FSW,0,0.040515953771283725
AGO,2015,FSW,0,0.01248933148786942
AGO,2016,FSW,0,0.05378071299272834
AGO,2016,FSW,0,0.053828554731280155
AGO,2011,MSM,0,0.020412866411760332
AGO,2016,MSM,0,0.03754739435328573
ETH,2002,FSW,0,0.014133754823169975
ETH,2002,FSW,0,0.010834809317823891
ETH,2012,FSW,0,0.010208362643691373
ETH,2013,FSW,0,0.008865268988830631
ETH,2013,FSW,0,0.010794394593043079
ETH,2013,FSW,0,0.003975377390581727
ETH,2013,FSW,0,0.0061711215667725455
ETH,2013,FSW,0,0.009780004938502122
ETH,2013,FSW,0,0.005593348631144275
ETH,2013,FSW,0,0.012177409784518999
ETH,2013,FSW,0,0.0029105989926049352
ETH,2013,FSW,0,0.03172024827874447
ETH,2013,FSW,0,0.028239932551249184
ETH,2013,FSW,0,0.003975377390581727
ETH,2013,FSW,0,0.005750717153897376
ETH,2013,FSW,0,0.0029105989926049352
ETH,2013,FSW,0,0.0416745186019983
ETH,2013,FSW,0,0.0061711215667725455
ETH,2013,FSW,0,0.0011499581808025697
ETH,2013,FSW,0,0.0010038639202647882
ETH,2013,FSW,0,2.351015317636616e-4
ETH,2013,FSW,0,2.199879797832865e-4
ETH,2020,FSW,1,0.007364996458488846
ETH,2015,PWID,0,0.00031417005072266073
ETH,2020,PWID,1,1.9215191824124538e-4
GHA,2003,FSW,0,0.011544914475481177
GHA,2006,FSW,1,0.00940357785578731
GHA,2011,FSW,1,0.008190150567007237
GHA,2011,FSW,0,0.004791763405650233
GHA,2011,FSW,0,0.006044134488757682
GHA,2011,FSW,0,0.016406105135136895
GHA,2011,FSW,0,0.003982731046610937
GHA,2011,FSW,0,0.021989347102245264
GHA,2011,FSW,0,0.003952393218787235
GHA,2011,FSW,0,0.0028756274587344545
GHA,2011,FSW,0,0.021989347102245264
GHA,2011,FSW,0,0.00485146652729682
GHA,2011,FSW,0,0.0014938534747987332
GHA,2011,MSM,0,0.0018242009005215078
GHA,2011,MSM,0,0.005440018881047685
GHA,2011,MSM,0,0.3294119419489361
GHA,2011,MSM,0,0.0425522474434596
GHA,2012,MSM,1,0.004567340719429615
GHA,2017,MSM,1,0.007286993284761904
GHA,2017,MSM,0,0.015395604895098945
GHA,2017,MSM,0,0.006550286530592384
GHA,2017,MSM,0,0.005315605030388514
GHA,2017,MSM,0,0.009530391467540497
GHA,2017,MSM,0,0.014730397818049013
GHA,2017,MSM,0,0.007351992313113444
GHA,2017,MSM,0,0.011425472984909868
GHA,2013,PWID,0,0.0013427716681938917
GIN,2012,FSW,1,0.003317006055068472
GIN,2017,FSW,1,0.004861584801033633
GIN,2013,MSM,1,6.498000443551643e-4
GIN,2017,MSM,1,2.9964009530452306e-4
GIN,2017,PWID,0,0.0016551057476521943
NAM,2012,FSW,0,0.03175169913306395
NAM,2012,FSW,0,0.026295737899412874
NAM,2013,FSW,0,0.16224689507999557
NAM,2013,FSW,0,0.025079367037132393
NAM,2013,FSW,0,0.025468136352606894
NAM,2013,FSW,0,0.07448034403909766
NAM,2013,FSW,0,0.027901760027672865
NAM,2013,FSW,0,0.025079367037132393
NAM,2013,FSW,1,0.015713525773008004
NAM,2014,FSW,1,0.01343466838677175
NAM,2014,FSW,0,0.024665302044776273
NAM,2014,FSW,0,0.023979634928266883
NAM,2014,FSW,0,0.030710573065608582
NAM,2014,FSW,0,0.16080101903550564
NAM,2012,MSM,0,0.014207068506355523
NAM,2012,MSM,0,0.02002894788730327
NAM,2013,MSM,0,0.039717500523488665
NAM,2013,MSM,0,0.01980851131603559
NAM,2013,MSM,0,0.01935699966195958
NAM,2013,MSM,0,0.01980851131603559
NAM,2013,MSM,0,0.01358165735809766
NAM,2013,MSM,1,0.025745619172336993
NAM,2014,MSM,1,0.011311074599510326
NAM,2014,MSM,0,0.018706691675837633
NAM,2014,MSM,0,0.0390006487438338
NAM,2014,MSM,0,0.01953313656606254
NAM,2014,MSM,0,0.012982623563710207
NER,2004,FSW,0,0.05530240832471803
NER,2012,FSW,1,0.00761064782010328
NER,2014,FSW,1,0.009846961384749105
NER,2016,FSW,1,0.010725479201072155
NER,2017,FSW,1,0.010527338035271724
NER,2018,FSW,1,0.01013667392710137
NER,2019,FSW,1,0.010413517500094024
NER,2012,MSM,1,0.003048894292098291
NER,2015,MSM,1,0.0027707594824913978
NER,2016,MSM,1,0.002817193742165032
NER,2017,MSM,1,0.002786196868303652
NER,2018,MSM,1,0.0026005976574763287
RWA,2010,FSW,1,0.0012708798017348206
RWA,2010,FSW,1,0.0013275836431226769
RWA,2010,FSW,1,8.933828996282529e-4
RWA,2010,FSW,0,0.009673898952547262
RWA,2011,FSW,1,0.011623244954862767
RWA,2011,FSW,1,0.0047655304314937344
RWA,2012,FSW,1,0.004645423628015901
RWA,2012,FSW,1,0.004540241369619711
RWA,2018,FSW,1,0.004407730561994939
RWA,2011,MSM,1,0.002022382216915297
RWA,2012,MSM,1,0.0019763695343851047
RWA,2011,PWID,1,1.978878758052928e-4
SEN,2012,FSW,0,0.004935849384437805
SEN,2015,FSW,0,0.011251558283861
SEN,2015,FSW,0,0.008833165799255886
SEN,2015,FSW,0,0.016499156567541643
SEN,2016,FSW,1,0.005658740966480082
SEN,2018,FSW,1,0.005655435313847031
SEN,2012,MSM,1,0.0032876949412729275
SEN,2012,MSM,0,0.001750628977728194
SEN,2015,MSM,0,0.005170770748696242
SEN,2015,MSM,0,0.004470358549820953
SEN,2015,MSM,0,0.015732275158012378
SEN,2016,MSM,1,0.0027486234564120787
SEN,2019,MSM,1,0.013672125498870648
SEN,2011,PWID,0,8.032876509632248e-4
SEN,2011,PWID,0,7.88726545507698e-4
SEN,2015,PWID,0,7.157328003357577e-4
SEN,2016,PWID,1,4.249748577333789e-4
SEN,2018,PWID,1,0.00041329004346077417
TZA,2011,FSW,0,0.012346618335236207
TZA,2013,FSW,0,0.012838059056795848
TZA,2013,FSW,0,0.017242527751733988
TZA,2013,FSW,0,0.0049360345024128975
TZA,2013,FSW,0,0.01352588438746139
TZA,2013,FSW,0,0.007966672301263121
TZA,2013,FSW,0,0.010722546014902199
TZA,2014,FSW,1,0.013352965165295437
TZA,2014,FSW,0,0.013772150587445346
TZA,2019,FSW,0,0.013254751582652533
TZA,2011,MSM,0,0.007050395029664375
TZA,2014,MSM,1,0.004258549041047928
TZA,2014,MSM,0,0.004323454439339704
TZA,2019,MSM,0,0.008264802030984017
TZA,2011,PWID,0,0.004788401241137566
TZA,2014,PWID,1,0.0012868770303907132
TZA,2014,PWID,0,0.0013261746630671637
TZA,2015,PWID,0,4.5539373292224314e-4
TZA,2015,PWID,0,5.7523418895441234e-5
TZA,2015,PWID,0,3.542932594545433e-5
TZA,2015,PWID,0,1.8078954527804116e-4
TZA,2015,PWID,0,5.6819571373098655e-5
TZA,2015,PWID,0,2.5796278167591403e-4
TZA,2015,PWID,0,2.4076526289751974e-5
TZA,2015,PWID,0,2.1532938635749886e-4
TZA,2015,PWID,0,3.0643028058567146e-5
TZA,2015,PWID,0,9.72245018559531e-5
TZA,2015,PWID,0,3.2084085612464525e-5
TZA,2015,PWID,0,5.8000991433728965e-5
TZA,2015,PWID,0,9.491071325519285e-6
TZA,2015,PWID,0,9.399905161965346e-5
TZA,2015,PWID,0,3.1724679921633044e-5
TZA,2015,PWID,0,3.255914636361976e-5
TZA,2019,PWID,0,0.003177306570491746
UGA,2012,FSW,1,0.010077391216794292
UGA,2015,FSW,1,0.02570961284276279
UGA,2017,FSW,0,0.02877925743516672
UGA,2017,FSW,0,0.004869407647407477
UGA,2017,FSW,0,0.006570931510360415
UGA,2017,FSW,0,0.0012057597254866708
UGA,2017,FSW,0,0.018274279274548187
UGA,2017,FSW,0,0.01784973085866789
UGA,2017,FSW,0,0.004925547479302934
UGA,2017,FSW,0,0.0020494364326172918
UGA,2017,FSW,0,0.010804388974693014
UGA,2017,FSW,0,0.0038289220112372765
UGA,2017,FSW,0,0.006063112543060021
UGA,2017,FSW,0,0.005994414042912812
UGA,2017,FSW,1,0.023808669015880666
UGA,2019,FSW,1,0.012386720081023763
UGA,2019,FSW,1,0.012420926484939821
UGA,2012,MSM,0,0.017805694847518837
UGA,2012,MSM,1,0.02345182763932184
UGA,2017,MSM,0,0.0038801349560516987
UGA,2017,MSM,0,0.001694531224167256
UGA,2017,MSM,0,0.021063686267686677
UGA,2017,MSM,0,0.0027526680612774807
UGA,2017,MSM,0,0.008996526221069825
UGA,2017,MSM,0,5.568774304314354e-4
UGA,2017,MSM,0,0.0028468446485024374
UGA,2017,MSM,0,0.0022723407045469363
UGA,2017,MSM,1,0.004925935842971593
UGA,2019,MSM,1,0.0022717517076048894
UGA,2012,PWID,1,0.020073419390596762
UGA,2016,PWID,0,6.092840840470576e-4
UGA,2017,PWID,0,0.003658358996892995
UGA,2017,PWID,1,9.576675420334647e-4
UGA,2019,PWID,1,3.6148498601185395e-4
UGA,2019,PWID,1,3.5933561582475644e-4
ZMB,1997,FSW,0,0.025262353145228768
ZMB,2000,FSW,0,0.011360211744117195
ZMB,2014,FSW,0,0.011598542656712965
ZMB,2015,FSW,0,0.03472305162129264
ZMB,2015,FSW,0,0.025835579002825265
ZMB,2015,FSW,0,0.03980489592752205
ZMB,2015,FSW,0,0.011906343704504796
ZMB,2015,FSW,0,0.009099389520381418
ZMB,2015,FSW,0,0.009499073379344594
ZMB,2015,FSW,0,0.049072910803185196
ZMB,2015,FSW,0,0.03777446626139335
ZMB,2015,FSW,0,0.05440736373111417
ZMB,2015,FSW,0,0.02052900382864049
ZMB,2015,FSW,0,0.017787945463634245
ZMB,2015,FSW,0,0.01688467183532318
ZMB,2015,FSW,0,0.005925817250106041
ZMB,2015,FSW,0,0.06595205300131715
ZMB,2015,FSW,0,0.01440782123245356
ZMB,2015,FSW,0,0.0268798483628209
ZMB,2016,FSW,0,0.006153400692803689
ZMB,2016,FSW,0,0.018672320427331874
ZMB,2016,FSW,0,0.014236748557507777
ZMB,2016,FSW,0,0.0172600562770892
ZMB,2016,FSW,0,0.01696527764502346
ZMB,2016,FSW,0,0.014754753192432402
ZMB,2016,FSW,0,0.016444656918259193
ZMB,2016,FSW,0,0.005755528539195097
ZMB,2016,FSW,0,0.06408974201720677
ZMB,2016,FSW,0,0.013958551223702055
ZMB,2016,FSW,0,0.025831773414697688
ZMB,2016,FSW,0,0.012617810591285816
ZMB,2016,FSW,0,0.009793487046035288
ZMB,2016,FSW,0,0.004027456848307903
ZMB,2019,FSW,1,0.030742344841899267
ZMB,2014,MSM,0,0.002075949171022776
ZMB,2015,MSM,0,0.005907515793700728
ZMB,2015,MSM,0,0.0059296689779271055
ZMB,2015,MSM,0,0.003080314512648003
ZMB,2015,MSM,0,0.035946195814276806
ZMB,2015,MSM,0,0.0035146604003512085
ZMB,2015,MSM,0,0.011913397443536826
ZMB,2016,MSM,0,0.006591581313881055
ZMB,2016,MSM,0,0.005554081698443213
ZMB,2016,MSM,0,0.005829237637249922
ZMB,2016,MSM,0,0.021875642177715388
ZMB,2016,MSM,0,0.006431499979679914
ZMB,2016,MSM,0,0.007902819968999872
ZMB,2019,MSM,1,0.016054526920182197
ZMB,2016,PWID,0,0.0014167263748143624
ZMB,2016,PWID,0,0.010678613596538497
ZMB,2016,PWID,0,0.0027293242554036587
ZMB,2016,PWID,1,2.991414819614626e-4
ZMB,2019,PWID,1,0.003128020659225184
ZAF,2013,FSW,0,0.0010135647282867965
ZAF,2013,FSW,0,0.0038119686275759376
ZAF,2013,FSW,0,0.002539522155114101
ZAF,2013,FSW,1,0.009304120988769411
ZAF,2013,FSW,0,0.00901190904723638
ZAF,2013,FSW,0,0.007860215419610505
ZAF,2013,FSW,0,0.01598554568720526
ZAF,2013,FSW,0,0.01335203975730273
ZAF,2013,FSW,0,0.007786232007205181
ZAF,2013,FSW,0,0.014882918261484399
ZAF,2013,FSW,0,0.007776940380622004
ZAF,2013,FSW,0,0.012268157572336012
ZAF,2013,FSW,0,NA
ZAF,2013,FSW,1,0.017744216908856886
ZAF,2013,FSW,0,0.0029302178712855014
ZAF,2013,FSW,0,0.00916918604406731
ZAF,2013,FSW,0,0.002663254632958465
ZAF,2013,FSW,0,0.0022124684748992844
ZAF,2013,FSW,0,0.002575930746940728
ZAF,2013,FSW,0,0.0014485139679296822
ZAF,2013,FSW,0,0.002821484163274992
ZAF,2013,FSW,0,0.01623472059679211
ZAF,2013,FSW,0,0.03208093933613393
ZAF,2013,FSW,0,0.006347343023241319
ZAF,2013,FSW,0,6.284807419587356e-4
ZAF,2013,FSW,0,0.0026772704491256536
ZAF,2013,FSW,0,NA
ZAF,2014,FSW,0,0.0018677624974598433
ZAF,2014,FSW,0,0.0024813997615496797
ZAF,2014,FSW,0,0.003786172336126077
ZAF,2014,FSW,0,0.00102626270916506
ZAF,2017,FSW,1,0.007242774420935161
ZAF,2017,FSW,0,0.007855338633534758
ZAF,2018,FSW,0,0.004428642820642176
ZAF,2018,FSW,0,0.0023341558142895118
ZAF,2018,FSW,0,0.003698219513745051
ZAF,2018,FSW,0,0.0011238184660388936
ZAF,2016,MSM,0,0.005180891054261478
ZAF,2016,MSM,0,0.010812090040631953
ZAF,2016,MSM,0,0.008589744571558222
ZAF,2016,MSM,0,0.012179193022163587
ZAF,2016,MSM,0,0.0029250572371036644
ZAF,2017,MSM,1,0.019168399086298617
ZAF,2017,MSM,0,0.01659290474075245
ZAF,2015,PWID,1,0.0010828019071984934
ZAF,2015,PWID,1,0.0014051841055749282
ZAF,2017,PWID,0,1.6167191433670886e-4
ZAF,2017,PWID,0,9.545436715361676e-4
ZAF,2013,TG,0,3.604993236298138e-4
ZAF,2013,TG,0,3.14221022144334e-4
ZAF,2013,TG,0,6.409601318045412e-4
ZAF,2013,TG,0,5.342942447178675e-4
ZAF,2013,TG,0,3.113800077614527e-4
ZAF,2013,TG,0,5.94845989029209e-4
ZAF,2013,TG,0,3.1099391627348614e-4
ZAF,2013,TG,0,4.903090186222725e-4
ZAF,2013,TG,0,0.0017017491499410572
