"","iso3","year","kp","population_proportion","study_idx","logit_proportion"
"1","BDI",2011,"FSW",0.0129867723177379,5,-4.33075211582817
"2","BDI",2013,"FSW",0.0229671505507318,7,-3.75045531614869
"3","BDI",2013,"FSW",0.0555980037793092,7,-2.83240462159187
"4","BDI",2014,"FSW",0.0222923788724299,9,-3.78096580398121
"5","BDI",2014,"FSW",0.0528668180900013,9,-2.88566383411619
"6","BDI",2011,"MSM",0.00306520542259351,6,-5.78457077699994
"7","BDI",2013,"MSM",0.00426799683153466,8,-5.45233355719174
"8","BDI",2013,"MSM",0.0109531302600521,8,-4.50311643763339
"9","BDI",2014,"MSM",0.00416153322364113,10,-5.47770149273459
"10","BDI",2014,"MSM",0.0103667867853907,10,-4.55872726531209
"11","BEN",2000,"FSW",0.00657802160824433,11,-5.01742149415375
"12","BEN",2001,"FSW",0.00918367936829222,12,-4.68110124267658
"13","BEN",2004,"FSW",0.00445468767349192,13,-5.4093336881172
"14","BEN",2004,"FSW",0.000703610780263426,13,-7.25858136520812
"15","BEN",2004,"FSW",0.00536848877020174,13,-5.2218258799976
"16","BEN",2004,"FSW",0.00444753946266419,13,-5.41094680627491
"17","BEN",2012,"FSW",0.00563209427547793,14,-5.17362590669055
"18","BEN",2014,"FSW",0.00618005394336159,16,-5.08022904932972
"19","BEN",2014,"FSW",0.0100161373347475,16,-4.59349111685762
"20","BEN",2014,"FSW",0.00660096924650014,16,-5.01391593320626
"21","BEN",2017,"FSW",0.0109250889077002,21,-4.5057081940805
"22","BEN",2017,"FSW",0.0148040533067191,21,-4.19793953669152
"23","BEN",2013,"MSM",0.000601955451899381,15,-7.41472497886092
"24","BEN",2014,"MSM",0.00157364194350212,17,-6.45278775533829
"25","BEN",2015,"MSM",0.00234334629042222,19,-6.05382923627883
"26","BEN",2015,"MSM",0.0037976796463273,19,-5.56956010900028
"27","BEN",2016,"MSM",0.0035732956208712,20,-5.63068727083294
"28","BEN",2014,"PWID",0.00100916112095197,18,-6.8976261958941
"29","BFA",2000,"FSW",0.0204901062612232,22,-3.86711018989744
"30","BFA",2014,"FSW",0.00762844306980037,24,-4.86821381980119
"31","BFA",2014,"FSW",0.00797025672369431,24,-4.82403638643948
"32","BFA",2014,"FSW",0.0172823023304953,24,-4.04063890321622
"33","BFA",2014,"FSW",0.00551958293224114,24,-5.19391810518502
"34","BFA",2014,"FSW",0.0195959108087259,24,-3.91264391032511
"35","BFA",2014,"FSW",0.0118049669907172,24,-4.42735970577639
"36","BFA",2017,"FSW",0.00492167719642475,26,-5.30917208445066
"37","BFA",2013,"MSM",0.000442777103972026,23,-7.72200119068821
"38","BFA",2014,"MSM",0.00662884926714461,25,-5.00967313671376
"39","BFA",2014,"MSM",0.00495261812200069,25,-5.30287400571206
"40","BFA",2014,"MSM",0.00277590027574721,25,-5.88400040047323
"41","CIV",2000,"FSW",0.00145656538179623,27,-6.53021646570352
"42","CIV",2001,"FSW",0.00442781170538082,28,-5.41541214517006
"43","CIV",2004,"FSW",0.00500968173940251,29,-5.29136061871028
"44","CIV",2004,"FSW",0.00494266567551198,29,-5.30489556184515
"45","CIV",2004,"FSW",0.00395389373569912,29,-5.52909269869524
"46","CIV",2009,"FSW",0.00667603418035633,30,-5.00253273473187
"47","CIV",2009,"FSW",0.00383601788983578,30,-5.55947706402596
"48","CIV",2009,"FSW",0.00460906311941182,30,-5.37511095291892
"49","CIV",2009,"FSW",0.00527761806578083,30,-5.23898881306973
"50","CIV",2009,"FSW",0.00498718310933063,30,-5.29588437515168
"51","CIV",2009,"FSW",0.0254584712544484,30,-3.64491858714654
"52","CIV",2009,"FSW",0.0177261864676832,30,-4.0148270942996
"53","CIV",2009,"FSW",0.0083425037736047,30,-4.77801439778778
"54","CIV",2009,"FSW",0.00807430145262587,30,-4.8109618458698
"55","CIV",2009,"FSW",0.0051946366496522,30,-5.25492042351427
"56","CIV",2010,"FSW",0.00485453460718877,31,-5.32297568415657
"57","CIV",2010,"FSW",0.0175105566954424,31,-4.02728566016442
"58","CIV",2014,"FSW",0.0038683521414361,32,-5.55105081229961
"59","CIV",2015,"FSW",0.00288279682448247,35,-5.84610737636751
"60","CIV",2016,"FSW",0.00432133318739314,37,-5.4398606190091
"61","CIV",2019,"FSW",0.00819563385147481,40,-4.79592432096494
"62","CIV",2014,"MSM",0.00237742526394547,33,-6.03935694293548
"63","CIV",2014,"MSM",0.00804485003642945,33,-4.8146457548549
"64","CIV",2014,"MSM",0.0141669405363162,33,-4.24257591032851
"65","CIV",2014,"MSM",0.022661205218555,33,-3.76417892119924
"66","CIV",2014,"MSM",0.0337753623471959,33,-3.3536647392773
"67","CIV",2014,"MSM",0.00094177029294785,33,-6.96680694946086
"68","CIV",2014,"MSM",0.00142637445825649,33,-6.55119200531523
"69","CIV",2014,"MSM",0.0011132580283818,33,-6.79935052396691
"70","CIV",2014,"MSM",0.000770686058067864,33,-7.16745847211466
"71","CIV",2014,"MSM",0.0143003901698352,33,-4.23306483134361
"72","CIV",2014,"MSM",0.00676274609016836,33,-4.98954052797785
"73","CIV",2014,"MSM",0.0115952917337678,33,-4.44549310692753
"74","CIV",2014,"MSM",0.0171625150757437,33,-4.04771613136268
"75","CIV",2014,"MSM",0.00331019849253305,33,-5.70743143453844
"76","CIV",2014,"MSM",0.00209601591294261,33,-6.16561870487079
"77","CIV",2014,"MSM",0.0036824296483199,33,-5.60049328765245
"78","CIV",2014,"MSM",0.0149028898208136,33,-4.19118508347532
"79","CIV",2014,"MSM",0.00604298805828133,33,-5.10279535692458
"80","CIV",2014,"MSM",0.00873400617798473,33,-4.73175874541023
"81","CIV",2014,"MSM",0.0153201731137018,33,-4.16314607538727
"82","CIV",2014,"MSM",0.0249618264632516,33,-3.66512890614173
"83","CIV",2014,"MSM",0.0058855491305534,33,-5.12935229518444
"84","CIV",2014,"MSM",0.0145364190837538,33,-4.21645500955335
"85","CIV",2015,"MSM",0.0198016782976194,36,-3.90198822366044
"86","CIV",2015,"MSM",0.00792785052712673,36,-4.82941389290689
"87","CIV",2015,"MSM",0.0140594742527359,36,-4.25029954150505
"88","CIV",2015,"MSM",0.0218752487194141,36,-3.80028141723726
"89","CIV",2015,"MSM",0.0329424265223394,36,-3.37949664496797
"90","CIV",2017,"MSM",0.00499391558013522,38,-5.2945285646781
"91","CIV",2018,"MSM",0.000659004089795073,39,-7.32412159609026
"92","CIV",2018,"MSM",0.00833070185737463,39,-4.77944197368035
"93","CIV",2018,"MSM",0.0040186983955847,39,-5.51277041590953
"94","CIV",2018,"MSM",0.00522043698939361,39,-5.24994005506707
"95","CIV",2018,"MSM",0.0109952700213429,39,-4.49923393193543
"96","CIV",2018,"MSM",0.00677382819478145,39,-4.98789201265223
"97","CIV",2018,"MSM",0.0155339029772833,39,-4.14907453659099
"98","CIV",2018,"MSM",0.01333357085765,39,-4.30404703830496
"99","CIV",2018,"MSM",0.00715196586864916,39,-4.93319034962602
"100","CIV",2018,"MSM",0.00489087645259501,39,-5.31548088196615
"101","CIV",2018,"MSM",0.0137322202555954,39,-4.27418298456898
"102","CIV",2018,"MSM",0.0103959399265928,39,-4.55588958556089
"103","CIV",2018,"MSM",0.00309230281376276,39,-5.77574212459728
"104","CIV",2018,"MSM",0.00609922043871141,39,-5.09347641623946
"105","CIV",2018,"MSM",0.021362452750084,39,-3.82452650982779
"106","CIV",2018,"MSM",0.00394170784888794,39,-5.532191688552
"107","CIV",2018,"MSM",0.0164868914773711,39,-4.08856535693993
"108","CIV",2018,"MSM",0.00503767224753482,39,-5.28576075513926
"109","CIV",2018,"MSM",0.0456203930574719,39,-3.04070667042236
"110","CIV",2018,"MSM",0.0055665853360497,39,-5.1853913221144
"111","CIV",2018,"MSM",0.00700356595470323,39,-4.95430763150199
"112","CIV",2018,"MSM",0.00774701668421916,39,-4.85267027299213
"113","CIV",2018,"MSM",0.00901541542861291,39,-4.69976304125645
"114","CIV",2018,"MSM",0.007760978930569,39,-4.85085554983481
"115","CIV",2018,"MSM",0.0125985864487994,39,-4.36149203635214
"116","CIV",2018,"MSM",0.0117771962069041,39,-4.42974304533877
"117","CIV",2018,"MSM",0.00717082819669296,39,-4.930537460277
"118","CIV",2018,"MSM",0.00915804603633066,39,-4.6839221991227
"119","CIV",2018,"MSM",0.0156865174320821,39,-4.13914284504299
"120","CIV",2018,"MSM",0.00284791714203973,39,-5.85831539906654
"121","CIV",2018,"MSM",0.00412012726042485,39,-5.48774258927441
"122","CIV",2018,"MSM",0.035725516815214,39,-3.29551079747847
"123","CIV",2018,"MSM",0.0195447121072086,39,-3.91531227386817
"124","CIV",2018,"MSM",0.0166904780502484,39,-4.07608556522785
"125","CIV",2018,"MSM",0.0330693041580249,39,-3.37552133835656
"126","CIV",2018,"MSM",0.01915381890576,39,-3.93591353279087
"127","CIV",2018,"MSM",0.0227366507151606,39,-3.76077797320878
"128","CIV",2018,"MSM",0.0190682286104671,39,-3.94047938059324
"129","CIV",2018,"MSM",0.0189876951397467,39,-3.94479385752396
"130","CIV",2018,"MSM",0.0125707091166787,39,-4.36373545561266
"131","CIV",2018,"MSM",0.0183715373390289,39,-3.97841030596061
"132","CIV",2018,"MSM",0.0407228123931868,39,-3.15939163480421
"133","CIV",2018,"MSM",0.0173182548102547,39,-4.03852417249284
"134","CIV",2018,"MSM",0.0169293018890719,39,-4.06163507817052
"135","CIV",2018,"MSM",0.0407394400760512,39,-3.15896607072116
"136","CIV",2018,"MSM",0.150101025640919,39,-1.73380891705867
"137","CIV",2018,"MSM",0.00362913866052143,39,-5.61512420250407
"138","CIV",2018,"MSM",0.0256896969208711,39,-3.63563982572873
"139","CIV",2018,"MSM",0.0283386363225449,39,-3.5347812378455
"140","CIV",2018,"MSM",0.00651242891501332,39,-5.02750905982329
"141","CIV",2018,"MSM",0.0191751578514592,39,-3.93477831394751
"142","CIV",2018,"MSM",0.0359316104571509,39,-3.28954481340751
"143","CIV",2018,"MSM",0.00871013353739318,39,-4.73451986826357
"144","CIV",2018,"MSM",0.0224439374168412,39,-3.77403511377009
"145","CIV",2018,"MSM",0.0326286931854127,39,-3.38939033952264
"146","CIV",2018,"MSM",0.00997506182075378,39,-4.59764197256539
"147","CIV",2018,"MSM",0.0128889432429991,39,-4.33841272172378
"148","CIV",2019,"MSM",0.00639323330593608,41,-5.04610138634939
"149","CIV",2014,"PWID",0.00072457078742578,34,-7.22920626234911
"150","CIV",2019,"PWID",0.00119412829049103,42,-6.72914398198147
"151","CIV",2019,"PWID",0.00499957094247453,42,-5.2933910711251
"152","CIV",2019,"PWID",0.00450248001063384,42,-5.39861427383682
"153","CIV",2019,"PWID",9.13502479417399e-05,42,-9.30071820652802
"154","CMR",1997,"FSW",0.0191228345617967,43,-3.93756409032976
"155","CMR",2013,"FSW",0.00735613510078457,44,-4.90483728145649
"156","CMR",2013,"FSW",0.0191137795421833,44,-3.93804695267783
"157","CMR",2013,"FSW",0.0168823419486822,44,-4.06446058523413
"158","CMR",2013,"FSW",0.0318599362443843,44,-3.41402746740981
"159","CMR",2013,"FSW",0.0170292118293917,44,-4.05564919038738
"160","CMR",2013,"FSW",0.0141380825439075,44,-4.24464425547295
"161","CMR",2013,"FSW",0.0160865675489173,44,-4.11355330800571
"162","CMR",2013,"FSW",0.0101417283265512,44,-4.58090334291032
"163","CMR",2013,"FSW",0.0265346785839232,44,-3.60240969829928
"164","CMR",2013,"FSW",0.011691211757686,44,-4.43715775988346
"165","CMR",2013,"FSW",0.0234367621822561,44,-3.72973368487853
"166","CMR",2013,"FSW",0.0103265157905622,44,-4.56266013892368
"167","CMR",2013,"FSW",0.0194801804173227,44,-3.91868529934188
"168","CMR",2013,"FSW",0.0442212971890876,44,-3.07331989394511
"169","CMR",2013,"FSW",0.0104362509192969,44,-4.55197877790338
"170","CMR",2013,"FSW",0.0236534189997239,44,-3.72030995578894
"171","CMR",2013,"FSW",0.0196296593005121,44,-3.91088874687563
"172","CMR",2013,"FSW",0.00864650578730291,44,-4.74191589117292
"173","CMR",2013,"FSW",0.0223462660087838,44,-3.77849631397498
"174","CMR",2013,"FSW",0.00984401894784489,44,-4.61099842999773
"175","CMR",2013,"FSW",0.00619772286622575,44,-5.07735632555933
"176","CMR",2013,"FSW",0.0140857337868767,44,-4.24840690270368
"177","CMR",2015,"FSW",0.00518917869295461,46,-5.25597715307243
"178","CMR",2015,"FSW",0.0107531491127836,46,-4.52174524452787
"179","CMR",2015,"FSW",0.0241180017073879,46,-3.70038315524048
"180","CMR",2015,"FSW",0.00725137070986349,46,-4.91928697486453
"181","CMR",2015,"FSW",0.00664247348559478,46,-5.00760623907274
"182","CMR",2015,"FSW",0.0153861467467951,46,-4.1587819944807
"183","CMR",2015,"FSW",0.0313136274041948,46,-3.43188751548813
"184","CMR",2015,"FSW",0.0164619838945704,46,-4.09010257476658
"185","CMR",2015,"FSW",0.013733714302115,46,-4.27407267702404
"186","CMR",2015,"FSW",0.0155024875585494,46,-4.15113087265645
"187","CMR",2015,"FSW",0.00926019637948784,46,-4.67272668471969
"188","CMR",2015,"FSW",0.0202317596581947,46,-3.88006242424283
"189","CMR",2016,"FSW",0.00368437260796128,48,-5.5999638468512
"190","CMR",2016,"FSW",0.00368600029893285,48,-5.59952052829726
"191","CMR",2016,"FSW",0.00927115338828665,48,-4.67153308751471
"192","CMR",2016,"FSW",0.0213214900232489,48,-3.82648771709229
"193","CMR",2016,"FSW",0.0343954778622299,48,-3.33482925476888
"194","CMR",2016,"FSW",0.0265417726114385,48,-3.60213509731661
"195","CMR",2016,"FSW",0.0305572937163615,48,-3.45711797281237
"196","CMR",2016,"FSW",0.00513783710905021,48,-5.26597200280162
"197","CMR",2016,"FSW",0.00390773879972414,48,-5.54088099040241
"198","CMR",2016,"FSW",0.0118922719197996,48,-4.41990295767253
"199","CMR",2016,"FSW",0.00928950216138964,48,-4.66953739757359
"200","CMR",2018,"FSW",0.0115846613682738,50,-4.4464210653728
"201","CMR",2018,"FSW",0.00935339805768502,50,-4.66261815729917
"202","CMR",2018,"FSW",0.0353429882173278,50,-3.30667259040354
"203","CMR",2018,"FSW",0.0196477820033559,50,-3.90994745641562
"204","CMR",2018,"FSW",0.0110926638938027,50,-4.49031665334697
"205","CMR",2018,"FSW",0.0196136628739461,50,-3.91172030674621
"206","CMR",2018,"FSW",0.0539657872909296,50,-2.86392845696399
"207","CMR",2018,"FSW",0.0227460181282416,50,-3.7603564764851
"208","CMR",2018,"FSW",0.0272800755845876,50,-3.57393958961635
"209","CMR",2018,"FSW",0.031973093921496,50,-3.41036514826262
"210","CMR",2018,"FSW",0.0302284872907545,50,-3.46827572230444
"211","CMR",2018,"FSW",0.0459090548616441,50,-3.03409662595358
"212","CMR",2018,"FSW",0.00623866414870852,50,-5.07073099231883
"213","CMR",2013,"MSM",0.0054311519606316,45,-5.21015806580386
"214","CMR",2013,"MSM",0.0122266297228399,45,-4.39183695198755
"215","CMR",2013,"MSM",0.0110125081883008,45,-4.49764994942598
"216","CMR",2013,"MSM",0.0225353881863696,45,-3.76987520653009
"217","CMR",2013,"MSM",0.012056032951411,45,-4.40606078810956
"218","CMR",2013,"MSM",0.0115470504583769,45,-4.44971101085857
"219","CMR",2013,"MSM",0.00966116298648315,45,-4.62993311122741
"220","CMR",2013,"MSM",0.00623922057052035,45,-5.07064124712519
"221","CMR",2013,"MSM",0.0199334052468499,45,-3.89522354320213
"222","CMR",2013,"MSM",0.00451833950238248,45,-5.39508214131245
"223","CMR",2013,"MSM",0.017955063468331,45,-4.00176490499572
"224","CMR",2013,"MSM",0.00406995290827059,45,-5.50004559233636
"225","CMR",2013,"MSM",0.0367399769920881,45,-3.26645793530799
"226","CMR",2013,"MSM",0.00833079938065113,45,-4.7794301689165
"227","CMR",2013,"MSM",0.00444960817159307,45,-5.4104797008658
"228","CMR",2013,"MSM",0.0196624577312288,45,-3.90918582458133
"229","CMR",2013,"MSM",0.0188228133200144,45,-3.95368345304629
"230","CMR",2013,"MSM",0.00427128759673942,45,-5.45155951668921
"231","CMR",2013,"MSM",0.0157497808110581,45,-4.13505370410364
"232","CMR",2013,"MSM",0.00357254516190816,45,-5.63089806475723
"233","CMR",2013,"MSM",0.010179780930849,45,-4.57711983841021
"234","CMR",2013,"MSM",0.00229866021019171,45,-6.07312753689896
"235","CMR",2015,"MSM",0.00228100490150908,47,-6.08085557648401
"236","CMR",2015,"MSM",0.00600075343408602,47,-5.10985141498213
"237","CMR",2015,"MSM",0.0133287510951671,47,-4.30441346428349
"238","CMR",2015,"MSM",0.00349152438529537,47,-5.65391921753181
"239","CMR",2015,"MSM",0.00370691998489658,47,-5.59384013227452
"240","CMR",2015,"MSM",0.0100387431684848,47,-4.59121388384346
"241","CMR",2015,"MSM",0.0221956791286896,47,-3.78541193301549
"242","CMR",2015,"MSM",0.0116632872855956,47,-4.43957737240373
"243","CMR",2015,"MSM",0.0112709026764031,47,-4.4741959579966
"244","CMR",2015,"MSM",0.00569782507048202,47,-5.16195662393797
"245","CMR",2016,"MSM",0.0136925208590866,49,-4.27711838988998
"246","CMR",2016,"MSM",0.00635614496327882,49,-5.05195679199504
"247","CMR",2016,"MSM",0.00574792179994273,49,-5.15315241092224
"248","CMR",2016,"MSM",0.0128493279519762,49,-4.3415311738498
"249","CMR",2018,"MSM",0.00114558129760095,51,-6.77069684933189
"250","CMR",2018,"MSM",0.00214609607275281,51,-6.14195646524753
"251","CMR",2018,"MSM",0.00298668360065071,51,-5.81060051817801
"252","CMR",2018,"MSM",0.00213299646875759,51,-6.14809222047713
"253","CMR",2018,"MSM",0.00238720893784577,51,-6.03524034102711
"254","CMR",2018,"MSM",0.00452169368252736,51,-5.39433669933924
"255","CMR",2018,"MSM",0.00845608003565176,51,-4.76437752998603
"256","CMR",2018,"MSM",0.00322420487349065,51,-5.73383949616716
"257","CMR",2018,"MSM",0.00180758725738693,51,-6.31395310700248
"258","CMR",2018,"MSM",0.00547917942742197,51,-5.20130568356761
"259","CMR",2018,"MSM",0.00603026367353523,51,-5.1049160231039
"260","CMR",2018,"MSM",0.00522189480463675,51,-5.24965937701044
"261","CMR",2018,"MSM",0.00170251292446159,51,-6.37394596466223
"262","CMR",2018,"PWID",0.000565639333276934,52,-7.47698810386349
"263","CMR",2018,"PWID",0.000322462490555524,52,-8.03920122235499
"264","CMR",2018,"PWID",0.00124126788996386,52,-6.6903798909466
"265","CMR",2018,"PWID",0.000511225080545436,52,-7.57818923820398
"266","CMR",2018,"PWID",0.000332896528794439,52,-8.00734588865852
"267","CMR",2018,"PWID",0.000236126838974896,52,-8.35090528931019
"268","CMR",2018,"PWID",0.000799984048091365,52,-7.13011846617485
"269","CMR",2018,"PWID",0.000467799417131496,52,-7.66700304092355
"270","CMR",2018,"PWID",0.000846446404280998,52,-7.07361686804701
"271","CMR",2018,"PWID",0.000905742914255134,52,-7.0058488979416
"272","CMR",2018,"PWID",0.000128188255411348,52,-8.961882432658
"273","CMR",2018,"PWID",0.000464705860140439,52,-7.67364109749506
"274","CMR",2018,"PWID",0.000218799265092705,52,-8.42713702302542
"275","COD",2013,"FSW",0.0441537431019637,53,-3.07491937604665
"276","COD",2013,"FSW",0.0590036416708014,53,-2.7693401043422
"277","COD",2018,"FSW",0.0187138033644555,56,-3.959602757312
"278","COD",2019,"FSW",0.00983585717368133,59,-4.61183612674388
"279","COD",2013,"MSM",0.0154334473969158,54,-4.15566443307815
"280","COD",2013,"MSM",0.0149045460357014,54,-4.19107227457067
"281","COD",2018,"MSM",0.0104588213289119,57,-4.5497956111849
"282","COD",2019,"MSM",0.00722851575383025,60,-4.92246678575251
"283","COD",2013,"PWID",0.00023139386667753,55,-8.37115782819653
"284","COD",2013,"PWID",0.000487367391339979,55,-7.62600483610063
"285","COD",2018,"PWID",0.0041709288262179,58,-5.47543687646161
"286","COD",2019,"PWID",0.00093122327689695,61,-6.97807982749717
"287","COG",2017,"FSW",0.733216033111226,62,1.01100116492012
"288","COG",2017,"FSW",0.0127667471661296,62,-4.34806242363319
"289","COG",2017,"FSW",0.0115601693143428,62,-4.44856226174021
"290","COG",2017,"FSW",0.117314565297796,62,-2.01810997175536
"291","COG",2017,"FSW",0.0228244963365652,62,-3.7568319112535
"292","COG",2017,"FSW",0.0248741827684429,62,-3.66873607701186
"293","COG",2017,"MSM",0.00226537395856099,63,-6.08774748675774
"294","COG",2017,"MSM",0.00197241029844096,63,-6.22652462429262
"295","COG",2017,"PWID",0.000127585011481567,64,-8.96660006567999
"296","COG",2017,"PWID",0.000965745110227273,64,-6.94164440787509
"297","GMB",2018,"FSW",0.0163895684187693,83,-4.09458485537317
"298","GMB",2018,"MSM",0.00503101944910854,84,-5.28708892399177
"299","KEN",1997,"FSW",0.00657376483346894,85,-5.01807310940479
"300","KEN",2004,"FSW",0.0124908982210024,86,-4.37018547696012
"301","KEN",2010,"FSW",0.013373672156818,87,-4.30100336401274
"302","KEN",2010,"FSW",0.00519785984476763,87,-5.25429689071317
"303","KEN",2010,"FSW",0.0272188339543832,87,-3.57624999198281
"304","KEN",2012,"FSW",0.0121224189596436,92,-4.40050223938539
"305","KEN",2012,"FSW",0.0237705782817403,92,-3.71524901273187
"306","KEN",2012,"FSW",0.00574190351984221,92,-5.15420604833641
"307","KEN",2012,"FSW",0.0183775159742953,92,-3.97807883912416
"308","KEN",2012,"FSW",0.00671055540950537,92,-4.99734038560029
"309","KEN",2012,"FSW",0.00970650787253531,92,-4.62520478064739
"310","KEN",2012,"FSW",0.00476311700552728,92,-5.34207849515725
"311","KEN",2012,"FSW",0.0115841076844469,92,-4.44646942125103
"312","KEN",2012,"FSW",0.00504808127386706,92,-5.28368618778201
"313","KEN",2012,"FSW",0.00556119000834251,92,-5.18636645234774
"314","KEN",2012,"FSW",0.0127175569511079,92,-4.35197268579346
"315","KEN",2012,"FSW",0.00677625818598195,92,-4.98753089808018
"316","KEN",2012,"FSW",0.00400064821005108,92,-5.51729020626751
"317","KEN",2012,"FSW",0.00138630415770083,92,-6.57972668632314
"318","KEN",2012,"FSW",0.00275169363834935,92,-5.89278320187539
"319","KEN",2012,"FSW",0.00522274264848617,92,-5.24949617463789
"320","KEN",2012,"FSW",0.00166760846661655,92,-6.3946957343704
"321","KEN",2012,"FSW",0.00210083923721379,92,-6.16331532822225
"322","KEN",2012,"FSW",0.0123870447281456,92,-4.37863972885955
"323","KEN",2012,"FSW",0.00291885851799745,92,-5.83363953093151
"324","KEN",2012,"FSW",0.00280837077810429,92,-5.87233843640105
"325","KEN",2012,"FSW",0.00325702844451907,92,-5.72367767526978
"326","KEN",2012,"FSW",0.00969204124006573,92,-4.62671090620332
"327","KEN",2012,"FSW",0.0341599460846304,92,-3.34194445424605
"328","KEN",2012,"FSW",0.00166846128490828,92,-6.39418360885662
"329","KEN",2012,"FSW",0.00917761528281649,92,-4.68176789215697
"330","KEN",2012,"FSW",0.0025864038403806,92,-5.95489709235661
"331","KEN",2012,"FSW",0.00487003366859272,92,-5.31977249751784
"332","KEN",2012,"FSW",0.00474654348058074,92,-5.34558077003653
"333","KEN",2012,"FSW",0.00211976077865001,92,-6.15433002627303
"334","KEN",2012,"FSW",0.0187334098536217,92,-3.95853562317315
"335","KEN",2013,"FSW",0.0245074384439208,95,-3.68396585334478
"336","KEN",2013,"FSW",0.0117546644632582,95,-4.43168084483066
"337","KEN",2019,"FSW",0.0123105743049341,101,-4.3849097092317
"338","KEN",2010,"MSM",0.00932420162940881,88,-4.66577398914777
"339","KEN",2011,"MSM",0.00814372696046547,90,-4.80233027795831
"340","KEN",2011,"MSM",0.0143105713270224,90,-4.23234280613338
"341","KEN",2012,"MSM",0.00169528801250616,93,-6.37820590706223
"342","KEN",2012,"MSM",0.00123287688260887,93,-6.69717127418365
"343","KEN",2012,"MSM",0.000424982359179995,93,-7.76303782502333
"344","KEN",2012,"MSM",0.00188379565746098,93,-6.27258099854796
"345","KEN",2012,"MSM",0.000801045413985942,93,-7.12879154946914
"346","KEN",2012,"MSM",0.00285759560753447,93,-5.85491301807147
"347","KEN",2012,"MSM",0.0001432643005036,93,-8.85067610379273
"348","KEN",2012,"MSM",0.00079176181633399,93,-7.14045787290704
"349","KEN",2012,"MSM",9.00500468830245e-05,93,-9.31505491160756
"350","KEN",2012,"MSM",0.00040196651014956,93,-7.81873973358089
"351","KEN",2012,"MSM",0.000657551189580132,93,-7.32633017459698
"352","KEN",2012,"MSM",0.000193035516890229,93,-8.55244330650135
"353","KEN",2012,"MSM",0.00154126301418009,93,-6.47361060762705
"354","KEN",2012,"MSM",0.000335887011396341,93,-7.99839978672645
"355","KEN",2012,"MSM",0.000120035468606501,93,-9.02760324446066
"356","KEN",2012,"MSM",0.000711038131065087,93,-7.24807320837052
"357","KEN",2012,"MSM",0.00152025979396381,93,-6.48735262508573
"358","KEN",2012,"MSM",0.00188653752597106,93,-6.27112380763071
"359","KEN",2012,"MSM",0.000171404317584987,93,-8.6713139429981
"360","KEN",2012,"MSM",0.0031466285602179,93,-5.75827210806077
"361","KEN",2012,"MSM",0.00251860202928892,93,-5.98152950262893
"362","KEN",2012,"MSM",0.000736378534604738,93,-7.21302960833306
"363","KEN",2012,"MSM",0.000532689673285757,93,-7.537038698236
"364","KEN",2012,"MSM",1.77187942625573e-05,93,-10.9408669400249
"365","KEN",2012,"MSM",0.000753197617366672,93,-7.19042944312056
"366","KEN",2012,"MSM",4.44231348542203e-05,93,-10.0217057448314
"367","KEN",2012,"MSM",0.00137844541767736,93,-6.58541952738305
"368","KEN",2012,"MSM",0.00124062447030303,93,-6.69089902636665
"369","KEN",2013,"MSM",0.00835992805290114,96,-4.77591038980013
"370","KEN",2013,"MSM",0.00115703772893837,96,-6.76073451440718
"371","KEN",2013,"MSM",0.00757102703577354,96,-4.87582671615707
"372","KEN",2018,"MSM",0.00650292873103985,98,-5.02897846466545
"373","KEN",2018,"MSM",0.00297374251875267,98,-5.81495583923592
"374","KEN",2018,"MSM",8.51877670910813e-05,98,-9.37056752178482
"375","KEN",2018,"MSM",0.000565700035102679,98,-7.47688073345967
"376","KEN",2018,"MSM",0.009115388975732,98,-4.6886340091789
"377","KEN",2018,"MSM",0.00399380670844876,98,-5.51900863738798
"378","KEN",2018,"MSM",0.00780920858330883,98,-4.84461179389526
"379","KEN",2018,"MSM",0.000794700711835574,98,-7.13674996063603
"380","KEN",2018,"MSM",0.000175571593301696,98,-8.64728807219406
"381","KEN",2018,"MSM",0.00137277778993225,98,-6.58954528711126
"382","KEN",2018,"MSM",0.00657771997881593,98,-5.01746765295723
"383","KEN",2018,"MSM",0.000128650796669667,98,-8.9582801676475
"384","KEN",2018,"MSM",0.00101687476020799,98,-6.89000392367556
"385","KEN",2018,"MSM",0.00839518544100889,98,-4.77166627574852
"386","KEN",2018,"MSM",0.00230846902224004,98,-6.068859597462
"387","KEN",2018,"MSM",0.000605566342679372,98,-7.40874068443087
"388","KEN",2018,"MSM",0.00303530898489484,98,-5.79440212756054
"389","KEN",2018,"MSM",0.000487545360202153,98,-7.62563956103733
"390","KEN",2018,"MSM",0.00188253245562921,98,-6.2732530510859
"391","KEN",2018,"MSM",0.000982741448426527,98,-6.92418127072216
"392","KEN",2018,"MSM",0.00347450758722327,98,-5.65882195381757
"393","KEN",2018,"MSM",0.000210918528947691,98,-8.46382767700717
"394","KEN",2018,"MSM",0.00148400237777156,98,-6.51152742736639
"395","KEN",2018,"MSM",0.0040095205176021,98,-5.51506603628738
"396","KEN",2018,"MSM",0.00287784892779511,98,-5.84783016607725
"397","KEN",2018,"MSM",0.00136124418024045,98,-6.59799398751695
"398","KEN",2018,"MSM",0.00376897540398324,98,-5.57717599470311
"399","KEN",2019,"MSM",0.00241396068479618,102,-6.02406956378547
"400","KEN",2010,"PWID",0.00274096068508248,89,-5.8967020810435
"401","KEN",2011,"PWID",0.0123130790953686,91,-4.38470372733622
"402","KEN",2012,"PWID",0.000866942772773528,94,-7.04967027060546
"403","KEN",2012,"PWID",0.000210251873864214,94,-8.4669940726183
"404","KEN",2012,"PWID",0.000319337126593317,94,-8.04894380192181
"405","KEN",2012,"PWID",0.000419826447360532,94,-7.77524923805701
"406","KEN",2012,"PWID",0.00153216204704742,94,-6.47954210141474
"407","KEN",2012,"PWID",0.00029201138978988,94,-8.13842569629357
"408","KEN",2012,"PWID",0.000386741239385177,94,-7.85736790460519
"409","KEN",2012,"PWID",0.000142961032873174,94,-8.85279549097615
"410","KEN",2012,"PWID",0.000167290046677574,94,-8.695614141558
"411","KEN",2012,"PWID",0.000260300269024953,94,-8.25341437829243
"412","KEN",2012,"PWID",0.000355345390193309,94,-7.94206490281628
"413","KEN",2012,"PWID",0.000105225213364533,94,-9.15930238486166
"414","KEN",2012,"PWID",2.61598931335259e-05,94,-10.5512569562582
"415","KEN",2012,"PWID",4.02818025069741e-05,94,-10.1195704590729
"416","KEN",2012,"PWID",0.000346906056253264,94,-7.96610957968826
"417","KEN",2012,"PWID",0.000141602466792976,94,-8.86234534350868
"418","KEN",2012,"PWID",0.000689272343427554,94,-7.27918458157002
"419","KEN",2012,"PWID",0.00360756623715569,94,-5.62110781732992
"420","KEN",2012,"PWID",0.000238934127555616,94,-8.33908369826734
"421","KEN",2012,"PWID",0.000613866013157737,94,-7.39511981873726
"422","KEN",2012,"PWID",0.000135906807491994,94,-8.90340523009759
"423","KEN",2012,"PWID",8.71463498421943e-05,94,-9.34783452035178
"424","KEN",2012,"PWID",1.56092501289354e-05,94,-11.0676312530833
"425","KEN",2012,"PWID",2.40649128843947e-05,94,-10.634731610026
"426","KEN",2012,"PWID",0.00032972258895048,94,-8.01692911962392
"427","KEN",2012,"PWID",0.000150943907843158,94,-8.79845130609823
"428","KEN",2012,"PWID",3.45133475169907e-05,94,-10.2741299102539
"429","KEN",2012,"PWID",4.78142026499798e-05,94,-9.94814002068582
"430","KEN",2012,"PWID",0.000406025460821594,94,-7.8086885810341
"431","KEN",2012,"PWID",0.000335139230726087,94,-8.00062930297268
"432","KEN",2012,"PWID",0.000329644349435738,94,-8.01716651495976
"433","KEN",2013,"PWID",0.00241928827933162,97,-6.02185966203321
"434","KEN",2013,"PWID",0.00080938365645716,97,-7.11842780651266
"435","KEN",2013,"PWID",0.00246246863342482,97,-6.00412541719887
"436","KEN",2018,"PWID",0.000164071231279203,99,-8.71504580267637
"437","KEN",2018,"PWID",0.000125416623174005,99,-8.9837439528662
"438","KEN",2018,"PWID",0.00109832293172804,99,-6.81287194356409
"439","KEN",2018,"PWID",0.0064573970369155,99,-5.03605064163437
"440","KEN",2018,"PWID",5.24323165258475e-05,99,-9.85593499545193
"441","KEN",2018,"PWID",0.000815267787485232,99,-7.11117832479138
"442","KEN",2018,"PWID",0.00480512178468837,99,-5.33325618797416
"443","KEN",2018,"PWID",8.30769588375228e-05,99,-9.39566008444605
"444","KEN",2018,"PWID",8.68001964048759e-05,99,-9.35181486960779
"445","KEN",2018,"PWID",0.000396694318712092,99,-7.8319477788949
"446","KEN",2018,"PWID",0.00378959722718188,99,-5.57169874210317
"447","KEN",2018,"PWID",0.00167837995168012,99,-6.38824647528414
"448","KEN",2018,"PWID",0.000233810493715408,99,-8.36076578880245
"449","KEN",2018,"PWID",1.94296304223286e-05,99,-10.8486918859182
"450","KEN",2019,"PWID",0.000589460634742813,103,-7.43571298314747
"451","KEN",2019,"PWID",0.000593144763709955,103,-7.42947874708815
"452","KEN",2018,"TG",3.5299126241866e-05,100,-10.2516170469372
"453","KEN",2018,"TG",0.00138981226026298,100,-6.57719582657548
"454","KEN",2018,"TG",0.000283246635075039,100,-8.16890925106952
"455","KEN",2018,"TG",0.000451030702688939,100,-7.70352401141549
"456","KEN",2018,"TG",0.000174017268036914,100,-8.65618198967161
"457","KEN",2018,"TG",3.79992996342902e-05,100,-10.1779048290627
"458","KEN",2018,"TG",0.000165975115454995,100,-8.70350669885167
"459","KEN",2018,"TG",0.000683670256568469,100,-7.28735093355475
"460","KEN",2018,"TG",1.13710060121969e-05,100,-11.3844324035205
"461","KEN",2018,"TG",0.000167196580120754,100,-8.69617310078707
"462","KEN",2018,"TG",0.000746514709216706,100,-7.19934844344701
"463","KEN",2018,"TG",0.000121035762219757,100,-9.01930345741264
"464","KEN",2018,"TG",0.000304035566264173,100,-8.09806178731686
"465","KEN",2018,"TG",0.00128640910939414,100,-6.65461334101313
"466","KEN",2018,"TG",0.000793697858781791,100,-7.13801368663507
"467","KEN",2018,"TG",1.83259486806137e-05,100,-10.907174215668
"468","KEN",2018,"TG",0.000685248588125925,100,-7.28504339968332
"469","KEN",2018,"TG",0.00136740940332158,100,-6.59346893055831
"470","KEN",2018,"TG",6.95619204749646e-06,100,-11.8758713967388
"471","KEN",2018,"TG",0.000747477242200262,100,-7.19805894163733
"472","KEN",2018,"TG",0.000139594543411016,100,-8.87662885142593
"473","KEN",2018,"TG",3.97248395504044e-05,100,-10.1334941589291
"474","KEN",2018,"TG",1.51231843926655e-05,100,-11.0992664781084
"475","KEN",2018,"TG",4.44494510145001e-05,100,-10.0211134962716
"476","KEN",2018,"TG",0.00037692830946083,100,-7.88307854981564
"477","KEN",2018,"TG",0.0001619014252629,100,-8.72836097943341
"478","KEN",2018,"TG",0.000299925997065127,100,-8.11167481920343
"479","KEN",2018,"TG",0.000235702844976072,100,-8.35270294714078
"480","LSO",2014,"FSW",0.0926561396384846,111,-2.28162627909195
"481","LSO",2014,"FSW",0.0115258588559012,111,-4.45156937535058
"482","LSO",2014,"FSW",0.0113765417454916,111,-4.46476003563598
"483","LSO",2016,"FSW",0.0124998624434513,113,-4.36945899634923
"484","LSO",2018,"FSW",0.0475576555826527,115,-2.99708679765448
"485","LSO",2014,"MSM",0.154009187883979,112,-1.70349623694606
"486","LSO",2014,"MSM",0.0190501377073304,112,-3.94144701920739
"487","LSO",2014,"MSM",0.0193326924430363,112,-3.92643569418744
"488","LSO",2016,"MSM",0.0202214652593573,114,-3.88058188435725
"489","LSO",2018,"MSM",0.0394009247029718,116,-3.19376784095259
"490","MLI",2014,"FSW",0.010560453631321,117,-4.54002243317913
"491","MLI",2015,"FSW",0.00934685042383671,119,-4.66332503915059
"492","MLI",2015,"FSW",0.00765053439617692,119,-4.86529982801425
"493","MLI",2015,"FSW",0.00609482434134775,119,-5.09420186298983
"494","MLI",2015,"FSW",0.00510072110188061,119,-5.27325958253579
"495","MLI",2015,"FSW",0.00476854232656668,119,-5.34093466460111
"496","MLI",2015,"FSW",0.00648528552748792,119,-5.03171302691435
"497","MLI",2015,"FSW",0.0393453946288136,119,-3.19523600078433
"498","MLI",2015,"FSW",0.00553787968017479,119,-5.19059031010865
"499","MLI",2015,"FSW",0.00691118276768984,119,-4.9676793127106
"500","MLI",2015,"FSW",0.0131813185123637,119,-4.31568575291275
"501","MLI",2015,"FSW",0.00227003155119888,119,-6.0856889364002
"502","MLI",2015,"FSW",0.00195906374573153,119,-6.23332761539367
"503","MLI",2015,"FSW",0.00241503982910887,119,-6.02362153888748
"504","MLI",2015,"FSW",0.0130487258136065,119,-4.32593018042493
"505","MLI",2015,"FSW",0.00226549623279878,119,-6.08769339036303
"506","MLI",2019,"FSW",0.00634259516276917,123,-5.05410446774212
"507","MLI",2019,"FSW",0.00527819024210618,123,-5.23887982809687
"508","MLI",2019,"FSW",0.00254038261903173,123,-5.97289695701608
"509","MLI",2019,"FSW",0.0020544819466184,123,-6.18567496162827
"510","MLI",2019,"FSW",0.0172773687560282,123,-4.04092943404193
"511","MLI",2019,"FSW",0.00192013461470754,123,-6.25343800313695
"512","MLI",2019,"FSW",0.0133495172038342,123,-4.30283563625852
"513","MLI",2014,"MSM",0.00622375222554753,118,-5.07313910191085
"514","MLI",2015,"MSM",0.00294431467167634,120,-5.82493054037473
"515","MLI",2015,"MSM",0.00264129042894017,120,-5.93384289761523
"516","MLI",2015,"MSM",0.00293866396011124,120,-5.82685724594397
"517","MLI",2015,"MSM",0.00149814466669771,120,-6.50202855731305
"518","MLI",2015,"MSM",0.00202589218122679,120,-6.1997171450535
"519","MLI",2015,"MSM",0.00452990603298824,120,-5.39251388582444
"520","MLI",2015,"MSM",0.0321697671311842,120,-3.40402959009828
"521","MLI",2015,"MSM",0.00258401954262982,120,-5.95582176626954
"522","MLI",2015,"MSM",0.00244596125535632,120,-6.01086812433872
"523","MLI",2015,"MSM",0.00206127781583354,120,-6.18236578436536
"524","MLI",2019,"MSM",0.00146165818711299,124,-6.52672101568242
"525","MLI",2019,"MSM",0.000887934727082256,124,-7.02572399403713
"526","MLI",2019,"MSM",0.000993025768900376,124,-6.91376042455592
"527","MLI",2019,"MSM",0.000663057373943063,124,-7.31798575736144
"528","MLI",2019,"MSM",0.000525637076495554,124,-7.55037377673201
"529","MLI",2019,"MSM",0.0060857299826605,124,-5.09570427194249
"530","MLI",2019,"MSM",0.000760613393425875,124,-7.18062445079168
"531","MLI",2019,"MSM",0.00280555097067676,124,-5.87334584090728
"532","MLI",2015,"PWID",0.00125020006456762,121,-6.68320070660409
"533","MLI",2018,"PWID",0.00178372718707161,122,-6.32726485864045
"534","MLI",2019,"TG",0.00017618319896581,125,-8.64381000235436
"535","MOZ",2011,"FSW",0.0165402048531728,126,-4.08528268279324
"536","MOZ",2011,"FSW",0.0576019169408205,126,-2.79487193141932
"537","MOZ",2011,"FSW",0.0421804474088125,126,-3.12270261963885
"538","MOZ",2012,"FSW",0.0319520590587365,128,-3.41104498678618
"539","MOZ",2012,"FSW",0.0572815097157406,128,-2.80078983331206
"540","MOZ",2019,"FSW",0.0114024351370683,130,-4.46246039654791
"541","MOZ",2011,"MSM",0.0127618444373956,127,-4.34845148683472
"542","MOZ",2011,"MSM",0.0197899779878842,127,-3.90259120955045
"543","MOZ",2011,"MSM",0.0162030627769685,127,-4.10621922647002
"544","MOZ",2011,"MSM",0.018481324375103,127,-3.97234031220653
"545","MOZ",2011,"MSM",0.049620124341896,127,-2.95246528963889
"546","MOZ",2019,"MSM",0.00668356862307381,131,-5.001397205382
"547","MOZ",2014,"PWID",0.000917476720148393,129,-6.99296545363319
"548","MOZ",2014,"PWID",0.00129295762440453,129,-6.6495291585965
"549","MOZ",2014,"PWID",0.0039206574854356,129,-5.53756754995663
"550","MWI",2011,"FSW",0.00556377897108926,132,-5.18589841609215
"551","MWI",2014,"FSW",0.00390472635117801,133,-5.54165520497049
"552","MWI",2016,"FSW",0.0135546718790481,135,-4.28737662785562
"553","MWI",2016,"FSW",0.0173025019122542,135,-4.039450229155
"554","MWI",2016,"FSW",0.0172224889706519,135,-4.04416672975312
"555","MWI",2016,"FSW",0.0139976812736982,135,-4.25476701365833
"556","MWI",2016,"FSW",0.00479090749024684,135,-5.33623300966266
"557","MWI",2016,"FSW",0.00704536586890474,135,-4.94831490020025
"558","MWI",2017,"FSW",0.00733697642800352,137,-4.90746442759113
"559","MWI",2018,"FSW",0.00827505564866488,139,-4.7862001488433
"560","MWI",2018,"FSW",0.026988790156001,139,-3.58497400264204
"561","MWI",2018,"FSW",0.0165289039251967,139,-4.0859776471373
"562","MWI",2018,"FSW",0.00667411632601046,139,-5.00282198124001
"563","MWI",2018,"FSW",0.0035629337916328,139,-5.6336016785707
"564","MWI",2018,"FSW",0.00907332219958768,139,-4.69330206203024
"565","MWI",2018,"FSW",0.00217562597401585,139,-6.12826085561746
"566","MWI",2018,"FSW",0.0106856721405599,139,-4.52810831319789
"567","MWI",2019,"FSW",0.0101091259181699,141,-4.58415613671246
"568","MWI",2014,"MSM",0.0271331168487208,134,-3.57949225632771
"569","MWI",2016,"MSM",0.00420986344430765,136,-5.46610631797674
"570","MWI",2016,"MSM",0.00506836058198468,136,-5.27965662199431
"571","MWI",2016,"MSM",0.00487355231911898,136,-5.3190467120129
"572","MWI",2016,"MSM",0.00600319413599724,136,-5.10944230965851
"573","MWI",2016,"MSM",0.000209440129450624,136,-8.47086317565802
"574","MWI",2016,"MSM",0.000293295379296744,136,-8.13403699789388
"575","MWI",2017,"MSM",0.0103398428117518,138,-4.56135694162217
"576","MWI",2018,"MSM",0.0122492689229873,140,-4.38996411398131
"577","MWI",2018,"MSM",0.00729636188097141,140,-4.91305631700572
"578","MWI",2018,"MSM",0.00515910459089952,140,-5.26181978472096
"579","MWI",2018,"MSM",0.00104069979853738,140,-6.86682066720167
"580","MWI",2018,"MSM",0.00164693104143189,140,-6.40719340913733
"581","MWI",2018,"MSM",0.00110811547179796,140,-6.80398574977736
"582","MWI",2019,"MSM",0.00815573564698829,142,-4.80084466328455
"583","MWI",2019,"TG",0.000726023507162406,143,-7.22720187746223
"584","NGA",2007,"FSW",0.138757092354125,163,-1.82565171995404
"585","NGA",2007,"FSW",0.00540042167097214,163,-5.21586318458155
"586","NGA",2007,"FSW",0.0139859115710134,163,-4.25562013638527
"587","NGA",2013,"FSW",0.183262508370626,164,-1.49439813861446
"588","NGA",2013,"FSW",0.0386480609944954,164,-3.21384395812076
"589","NGA",2013,"FSW",0.00474399268536464,164,-5.3461208780244
"590","NGA",2013,"FSW",0.00930332015179698,164,-4.66803707063685
"591","NGA",2013,"FSW",0.0122160897245498,164,-4.39271004680223
"592","NGA",2013,"FSW",0.0172090340672527,164,-4.04496196603296
"593","NGA",2013,"FSW",0.518503874809529,164,0.0740493169215174
"594","NGA",2013,"FSW",0.00940934983893403,164,-4.65659752290601
"595","NGA",2013,"FSW",0.0219814363119747,164,-3.7953303579766
"596","NGA",2013,"FSW",0.00472894823152994,164,-5.34931229731916
"597","NGA",2013,"FSW",0.0475851740626733,164,-2.99647943796522
"598","NGA",2015,"FSW",0.00229784958542688,167,-6.07348106256224
"599","NGA",2015,"FSW",0.00498619804281789,167,-5.29608290428462
"600","NGA",2015,"FSW",0.01157300556956,167,-4.44743950486187
"601","NGA",2015,"FSW",0.0166048295853871,167,-4.08131745192924
"602","NGA",2015,"FSW",0.0142758438997359,167,-4.23480768380074
"603","NGA",2015,"FSW",0.174497380771264,167,-1.55408270463185
"604","NGA",2015,"FSW",0.00333803629830121,167,-5.69902895956463
"605","NGA",2015,"FSW",0.00229625108136746,167,-6.07417855899876
"606","NGA",2015,"FSW",0.00401705217942823,167,-5.51318179183214
"607","NGA",2015,"FSW",0.00934866083566717,167,-4.66312953823215
"608","NGA",2015,"FSW",0.0121039036157865,167,-4.40204951316529
"609","NGA",2015,"FSW",0.212526651790383,167,-1.30976212589369
"610","NGA",2015,"FSW",0.00917844876859045,167,-4.68167623782504
"611","NGA",2019,"FSW",0.00796769140985722,170,-4.82436088504805
"612","NGA",2019,"FSW",0.0456353009820331,170,-3.04036432111426
"613","NGA",2019,"FSW",0.0258385147245036,170,-3.62971088831013
"614","NGA",2019,"FSW",0.0374059618947345,170,-3.24780166265062
"615","NGA",2019,"FSW",0.016180954999124,170,-4.10760704946405
"616","NGA",2019,"FSW",0.00788770482563676,170,-4.83453110574359
"617","NGA",2019,"FSW",0.00332878479880949,170,-5.70181362934474
"618","NGA",2019,"FSW",0.185977066629571,170,-1.47636517085848
"619","NGA",2019,"FSW",0.00348908240998641,170,-5.65462131365842
"620","NGA",2019,"FSW",0.0122301365063226,170,-4.39154662769543
"621","NGA",2019,"FSW",0.00428325380073192,170,-5.44874987119328
"622","NGA",2019,"FSW",0.0150457936920746,170,-4.18149668580152
"623","NGA",2019,"FSW",0.00558282294509319,170,-5.18246226123
"624","NGA",2019,"FSW",0.00782399658647718,170,-4.84270501789948
"625","NGA",2019,"FSW",0.0064965421040597,170,-5.02996749114804
"626","NGA",2019,"FSW",0.0246805189986209,170,-3.67675086221314
"627","NGA",2013,"MSM",9.81558022081392e-05,165,-9.22885636264701
"628","NGA",2013,"MSM",0.00119512369835575,165,-6.72830974725918
"629","NGA",2013,"MSM",0.00243862332400962,165,-6.01388000876689
"630","NGA",2013,"MSM",0.000208544397055806,165,-8.47515003772805
"631","NGA",2013,"MSM",0.000932898762348754,165,-6.97628053648588
"632","NGA",2013,"MSM",0.000336522984294532,165,-7.9965075275956
"633","NGA",2013,"MSM",0.0274204940478726,165,-3.56866113457889
"634","NGA",2013,"MSM",0.000906463783726385,165,-7.0050526054605
"635","NGA",2013,"MSM",0.0101342283637958,165,-4.58165070851222
"636","NGA",2013,"MSM",0.000732851385804209,165,-7.21783450446076
"637","NGA",2013,"MSM",0.00190703066139646,165,-6.26029902279253
"638","NGA",2015,"MSM",0.00140529147853131,168,-6.56610425985681
"639","NGA",2015,"MSM",0.0522472398879996,168,-2.89810660233119
"640","NGA",2015,"MSM",0.000686381160314292,168,-7.28339084043406
"641","NGA",2015,"MSM",0.00285755763585105,168,-5.8549263442238
"642","NGA",2015,"MSM",0.00129588773849155,168,-6.64726257821109
"643","NGA",2015,"MSM",0.00409232350321516,168,-5.49454165656167
"644","NGA",2015,"MSM",0.00455493629110736,168,-5.38697839333006
"645","NGA",2015,"MSM",0.00125574576140697,168,-6.67876911581684
"646","NGA",2015,"MSM",0.00261154874546778,168,-5.94519687977747
"647","NGA",2015,"MSM",0.0580734559757895,168,-2.78621860121763
"648","NGA",2015,"MSM",0.00200134749979394,168,-6.21193122252101
"649","NGA",2019,"MSM",0.00202323538825091,171,-6.20103208664041
"650","NGA",2019,"MSM",0.0248539682090609,171,-3.66956980970291
"651","NGA",2019,"MSM",0.00244473604576049,171,-6.01137038933484
"652","NGA",2019,"MSM",0.00864483209261633,171,-4.74211116710928
"653","NGA",2019,"MSM",0.00338865031181694,171,-5.68392917018399
"654","NGA",2019,"MSM",0.000951120912038124,171,-6.95691778799028
"655","NGA",2019,"MSM",0.0015464213448281,171,-6.47026420896173
"656","NGA",2019,"MSM",0.0669881671343165,171,-2.63390188950878
"657","NGA",2019,"MSM",0.000581589252330084,171,-7.44916435296223
"658","NGA",2019,"MSM",0.0044759273594754,171,-5.40455574324387
"659","NGA",2019,"MSM",0.00645134730686961,171,-5.03699403801721
"660","NGA",2019,"MSM",0.0211958652957787,171,-3.83252542637957
"661","NGA",2019,"MSM",0.0947965454137134,171,-2.25642676231774
"662","NGA",2019,"MSM",0.00201136298180298,171,-6.20692929782905
"663","NGA",2019,"MSM",0.0202304635852135,171,-3.88012781043798
"664","NGA",2019,"MSM",0.00100247394521087,171,-6.9042814121776
"665","NGA",2019,"MSM",0.00283864971928117,171,-5.86158410450279
"666","NGA",2013,"PWID",0.000501583431948872,166,-7.59723889032904
"667","NGA",2013,"PWID",0.000145745145317245,166,-8.83350528580772
"668","NGA",2013,"PWID",6.9348935944138e-05,166,-9.57629040325171
"669","NGA",2013,"PWID",8.29584051945479e-05,166,-9.39708825616934
"670","NGA",2013,"PWID",3.32208877708677e-05,166,-10.312298508709
"671","NGA",2013,"PWID",0.0761698068622182,166,-2.49556313232618
"672","NGA",2013,"PWID",0.000198667319299219,166,-8.52368020745298
"673","NGA",2013,"PWID",0.00504891805344235,166,-5.28351959858717
"674","NGA",2013,"PWID",0.000136268881054798,166,-8.90074427930629
"675","NGA",2013,"PWID",0.000236536871841596,166,-8.34916989102635
"676","NGA",2015,"PWID",0.000295597451020853,169,-8.12621635084768
"677","NGA",2015,"PWID",0.000935089366521269,169,-6.97393292724053
"678","NGA",2015,"PWID",0.00322329181060392,169,-5.73412364238465
"679","NGA",2015,"PWID",0.00095721065275843,169,-6.95052940383736
"680","NGA",2015,"PWID",0.000829631892478924,169,-7.09369848236015
"681","NGA",2015,"PWID",0.0248352571929033,169,-3.67034211913431
"682","NGA",2015,"PWID",0.00115122929450929,169,-6.76577306331389
"683","NGA",2015,"PWID",0.000294799617144954,169,-8.12891985326503
"684","NGA",2015,"PWID",0.000795484475181474,169,-7.13576342513555
"685","NGA",2015,"PWID",0.000463154120979059,169,-7.67698742317376
"686","NGA",2015,"PWID",0.00681639875097807,169,-4.98158425245843
"687","NGA",2015,"PWID",0.0008458275772699,169,-7.07434884301239
"688","NGA",2015,"PWID",0.0282042707808282,169,-3.53967221464453
"689","NGA",2015,"PWID",0.00107077921585756,169,-6.83829730351706
"690","NGA",2019,"PWID",0.00186866800291929,172,-6.28065898368334
"691","NGA",2019,"PWID",0.00533684583440055,172,-5.2277693305705
"692","NGA",2019,"PWID",0.00115238824061652,172,-6.76476570631047
"693","NGA",2019,"PWID",0.0205621314260034,172,-3.86352769980159
"694","NGA",2019,"PWID",0.00855000233884286,172,-4.7532369591883
"695","NGA",2019,"PWID",0.000242057163906334,172,-8.32609455874838
"696","NGA",2019,"PWID",0.000551418742773933,172,-7.50246449787465
"697","NGA",2019,"PWID",0.000757493575016572,172,-7.18473772182479
"698","NGA",2019,"PWID",0.121832241588166,172,-1.97519261468106
"699","NGA",2019,"PWID",0.000971250293975006,172,-6.93595463134233
"700","NGA",2019,"PWID",0.00241978544729681,172,-6.02165368302613
"701","NGA",2019,"PWID",0.00116914750583398,172,-6.75031059175087
"702","NGA",2019,"PWID",0.00285235072473743,172,-5.85675538254864
"703","NGA",2019,"PWID",0.076531631101845,172,-2.49043241389491
"704","NGA",2019,"PWID",0.00378880629985908,172,-5.57190826794998
"705","NGA",2019,"PWID",0.00786038866793107,172,-4.83802778054747
"706","NGA",2019,"PWID",0.00072697882009755,172,-7.22588597094865
"707","SLE",2013,"FSW",0.147115171050879,192,-1.75740876300105
"708","SLE",2013,"MSM",0.0120514899583939,193,-4.40644228075494
"709","SLE",2013,"PWID",0.000455799489454857,194,-7.69300165786352
"710","SLE",2015,"TG",0.00197456298275161,195,-6.22543166466777
"711","SWZ",2015,"FSW",0.209840738059406,196,-1.32588566973536
"712","SWZ",2015,"FSW",0.0168229536958546,196,-4.0680449667699
"713","SWZ",2015,"FSW",0.0288459155292308,196,-3.51651673525622
"714","SWZ",2015,"FSW",0.00479999186247842,196,-5.33432950756627
"715","SWZ",2015,"FSW",0.0959380038634536,196,-2.24319574807312
"716","SWZ",2015,"FSW",0.150425621258989,196,-1.73126674206111
"717","SWZ",2015,"FSW",0.00858220159269398,196,-4.74944556175687
"718","SWZ",2016,"FSW",0.0257303254288445,198,-3.63401786454593
"719","SWZ",2015,"MSM",0.0137901058830279,197,-4.26991783628322
"720","SWZ",2015,"MSM",0.095674770277643,197,-2.24623443284435
"721","SWZ",2015,"MSM",0.0695176075988468,197,-2.59412308594492
"722","SWZ",2015,"MSM",0.00785931136926227,197,-4.83816592989557
"723","SWZ",2015,"MSM",0.0100460396865827,197,-4.59047994150725
"724","SWZ",2015,"MSM",0.0175341720794732,197,-4.02591389523238
"725","SWZ",2016,"MSM",0.0188720836719739,199,-3.95101906912276
"726","TGO",2014,"FSW",0.00596831428781468,200,-5.11530455944035
"727","TGO",2014,"FSW",0.00781546877637739,200,-4.84380416310824
"728","TGO",2014,"FSW",0.0114274923221214,200,-4.46023993179131
"729","TGO",2014,"FSW",0.00341558461274903,200,-5.67598517989475
"730","TGO",2015,"FSW",0.00510649238401318,203,-5.27212295730412
"731","TGO",2015,"FSW",0.00899310382510741,203,-4.7022634511416
"732","TGO",2015,"FSW",0.00481361274864466,203,-5.33148215010222
"733","TGO",2015,"FSW",0.00896491368026245,203,-4.70543146018314
"734","TGO",2015,"FSW",0.00945371366949805,203,-4.65184895010668
"735","TGO",2015,"FSW",0.0125548350260838,203,-4.36501511366679
"736","TGO",2015,"FSW",0.00747595512897564,203,-4.88855935127256
"737","TGO",2015,"FSW",0.0101578962116763,203,-4.5792940843563
"738","TGO",2015,"FSW",0.0137527790894867,203,-4.27266613503239
"739","TGO",2015,"FSW",0.00840978781962509,203,-4.76991368524523
"740","TGO",2015,"FSW",0.0114903477838492,203,-4.45469104727422
"741","TGO",2015,"FSW",0.0101127769980046,203,-4.58379134682617
"742","TGO",2015,"FSW",0.00321925024789045,203,-5.73538234562597
"743","TGO",2015,"FSW",0.025788981723691,203,-3.63168059564863
"744","TGO",2015,"FSW",0.00336394338284824,203,-5.69127175315836
"745","TGO",2017,"FSW",0.0176263178417315,205,-4.02057865063485
"746","TGO",2019,"FSW",0.00516728941877524,208,-5.26022633229424
"747","TGO",2014,"MSM",0.0044453906091833,201,-5.41143223705689
"748","TGO",2014,"MSM",0.00674603408040677,201,-4.99203159898862
"749","TGO",2014,"MSM",0.00498978571444475,201,-5.29536003687522
"750","TGO",2014,"MSM",0.00228890807137779,201,-6.0773888682333
"751","TGO",2015,"MSM",0.00234138009993495,204,-6.05467061175475
"752","TGO",2015,"MSM",0.0044480018799122,204,-5.41084237571917
"753","TGO",2015,"MSM",0.00237746360446643,204,-6.0393407777246
"754","TGO",2015,"MSM",0.00468370213802928,204,-5.35897172159678
"755","TGO",2015,"MSM",0.00588854867171297,204,-5.12883976262486
"756","TGO",2015,"MSM",0.00580641584742126,204,-5.14296845358801
"757","TGO",2015,"MSM",0.00640600042768726,204,-5.04409355413269
"758","TGO",2015,"MSM",0.00594790307867316,204,-5.11875088298353
"759","TGO",2015,"MSM",0.0038868447476126,204,-5.54626315119286
"760","TGO",2015,"MSM",0.0049420262221571,204,-5.30502558703147
"761","TGO",2015,"MSM",0.00138924488868677,204,-6.5776047142159
"762","TGO",2015,"MSM",0.0113611418699999,204,-4.46613018135443
"763","TGO",2017,"MSM",0.00933591303289979,206,-4.66450693346378
"764","TGO",2017,"MSM",0.00332099631547084,206,-5.70416392298857
"765","TGO",2017,"MSM",0.00243930064413011,206,-6.01360162143399
"766","TGO",2019,"MSM",0.00878919867000907,209,-4.72540368376122
"767","TGO",2014,"PWID",0.00123101246404217,202,-6.69868653591299
"768","TGO",2014,"PWID",0.000669496702789759,202,-7.30831459681399
"769","TGO",2017,"PWID",0.00204984775847119,207,-6.18793780117806
"770","TGO",2019,"PWID",0.000425521085946154,210,-7.76177044384281
"771","ZWE",2016,"FSW",0.012356108727965,245,-4.38117162421445
"772","ZWE",2017,"FSW",0.0243025302426705,246,-3.69257209871305
"773","ZWE",2017,"FSW",0.0411853513469181,246,-3.14761513725422
"774","ZWE",2017,"FSW",0.0283423394373092,246,-3.53464676154799
"775","ZWE",2017,"FSW",0.0211731449619302,246,-3.83362113629125
"776","ZWE",2017,"FSW",0.00894806821421377,246,-4.70732926937127
"777","ZWE",2019,"MSM",0.0299800118759545,247,-3.47678578879496
"778","ZWE",2019,"MSM",0.0433645602416294,247,-3.09377985495972
"779","AGO",2015,"FSW",0.0155154551085456,2,-4.15028156859711
"780","AGO",2015,"FSW",0.0405159537712837,2,-3.1646998713129
"781","AGO",2015,"FSW",0.0124893314878694,2,-4.37031250135795
"782","AGO",2016,"FSW",0.0537807129927283,3,-2.86755943830256
"783","AGO",2016,"FSW",0.0538285547312802,3,-2.86661970096349
"784","AGO",2011,"MSM",0.0204128664117603,1,-3.87096578214192
"785","AGO",2016,"MSM",0.0375473943532857,4,-3.24388083965111
"786","ETH",2002,"FSW",0.01413375482317,65,-4.2449547959027
"787","ETH",2002,"FSW",0.0108348093178239,65,-4.51409730955584
"788","ETH",2012,"FSW",0.0102083626436914,66,-4.57428720224902
"789","ETH",2013,"FSW",0.00886526898883063,67,-4.71670919783606
"790","ETH",2013,"FSW",0.0107943945930431,67,-4.51787522200708
"791","ETH",2013,"FSW",0.00397537739058173,67,-5.5236522941479
"792","ETH",2013,"FSW",0.00617112156677255,67,-5.08168443851
"793","ETH",2013,"FSW",0.00978000493850212,67,-4.61758714666996
"794","ETH",2013,"FSW",0.00559334863114427,67,-5.18056808162529
"795","ETH",2013,"FSW",0.012177409784519,67,-4.39592053876842
"796","ETH",2013,"FSW",0.00291059899260494,67,-5.83648153657465
"797","ETH",2013,"FSW",0.0346812634923602,67,-3.32625875957104
"798","ETH",2013,"FSW",0.0282399325512492,67,-3.53837190559054
"799","ETH",2013,"FSW",0.00575071715389738,67,-5.15266339333716
"800","ETH",2013,"FSW",0.0416745186019983,67,-3.1352975938776
"801","ETH",2013,"FSW",0.00114995818080257,67,-6.76687908189764
"802","ETH",2013,"FSW",0.00100386392026479,67,-6.9028944363544
"803","ETH",2013,"FSW",0.000235101531763662,67,-8.35525795789627
"804","ETH",2013,"FSW",0.000219987979783287,67,-8.4217176382726
"805","ETH",2020,"FSW",0.00736499645848885,69,-4.9036244579728
"806","ETH",2015,"PWID",0.000314170050722661,68,-8.06526193642474
"807","ETH",2020,"PWID",0.000192151918241245,70,-8.55703208758089
"808","GHA",2003,"FSW",0.0115449144754812,71,-4.44989816972551
"809","GHA",2006,"FSW",0.00940357785578731,72,-4.65721696852733
"810","GHA",2011,"FSW",0.00819015056700724,73,-4.79659912292586
"811","GHA",2011,"FSW",0.00479176340565023,73,-5.33605351145458
"812","GHA",2011,"FSW",0.00604413448875768,73,-5.10260450899933
"813","GHA",2011,"FSW",0.0164061051351369,73,-4.09355957349942
"814","GHA",2011,"FSW",0.00398273104661094,73,-5.52179681915126
"815","GHA",2011,"FSW",0.0219893471022453,73,-3.79496244904952
"816","GHA",2011,"FSW",0.00395239321878724,73,-5.52947378079848
"817","GHA",2011,"FSW",0.00287562745873445,73,-5.84860461200988
"818","GHA",2011,"FSW",0.00485146652729682,73,-5.32361096988454
"819","GHA",2011,"FSW",0.00149385347479873,73,-6.50490130246547
"820","GHA",2011,"MSM",0.00182420090052151,74,-6.30478738378427
"821","GHA",2011,"MSM",0.00544001888104768,74,-5.2085178776722
"822","GHA",2011,"MSM",0.329411941948936,74,-0.710845955290369
"823","GHA",2011,"MSM",0.0425522474434596,74,-3.11353848053818
"824","GHA",2012,"MSM",0.00456734071942962,75,-5.38424634002518
"825","GHA",2017,"MSM",0.0072869932847619,77,-4.91435058872133
"826","GHA",2017,"MSM",0.0153956048950989,77,-4.15815785889817
"827","GHA",2017,"MSM",0.00655028653059238,77,-5.02167465136034
"828","GHA",2017,"MSM",0.00531560503038851,77,-5.23177865603837
"829","GHA",2017,"MSM",0.0095303914675405,77,-4.64369338849835
"830","GHA",2017,"MSM",0.014730397818049,77,-4.20300207407473
"831","GHA",2017,"MSM",0.00735199231311344,77,-4.90540478807359
"832","GHA",2017,"MSM",0.0114254729849099,77,-4.46041869877512
"833","GHA",2013,"PWID",0.00138733705814086,76,-6.57898085451274
"834","GIN",2012,"FSW",0.00331700605506847,78,-5.70537017403842
"835","GIN",2017,"FSW",0.00486158480103363,80,-5.32151736273229
"836","GIN",2013,"MSM",0.000649800044355164,79,-7.33819585521365
"837","GIN",2017,"MSM",0.000299640095304523,81,-8.11262880082486
"838","GIN",2017,"PWID",0.00165510574765219,82,-6.40223389938364
"839","LBR",2011,"FSW",0.00192207924958513,104,-6.25242380759512
"840","LBR",2017,"FSW",0.550401369559146,107,0.202292522511539
"841","LBR",2017,"FSW",0.195442018085028,107,-1.41502928307336
"842","LBR",2017,"FSW",0.192128831279294,107,-1.43623645789908
"843","LBR",2017,"FSW",0.189530511650783,107,-1.45306367208907
"844","LBR",2017,"FSW",0.167390377506058,107,-1.60423621749657
"845","LBR",2017,"FSW",0.177843579250685,107,-1.53102627414084
"846","LBR",2017,"FSW",0.170052180885838,107,-1.58525749393804
"847","LBR",2017,"FSW",0.176716840898777,107,-1.53875151609043
"848","LBR",2017,"FSW",0.185974583855012,107,-1.47638157084493
"849","LBR",2017,"FSW",0.174047209526686,107,-1.5572110359639
"850","LBR",2011,"MSM",0.000742904759339749,105,-7.2041995245433
"851","LBR",2017,"MSM",0.249482195369984,108,-1.10137582308032
"852","LBR",2017,"MSM",0.0877812211128302,108,-2.34103225521306
"853","LBR",2017,"MSM",0.0865702621933156,108,-2.3562500935781
"854","LBR",2017,"MSM",0.0857256979160327,108,-2.366977998467
"855","LBR",2017,"MSM",0.0762892515711297,108,-2.49386692206784
"856","LBR",2017,"MSM",0.0809801224780006,108,-2.42910402858389
"857","LBR",2017,"MSM",0.0776434900329974,108,-2.47480411029344
"858","LBR",2017,"MSM",0.0797601819198285,108,-2.445609901409
"859","LBR",2017,"MSM",0.0845718357394162,108,-2.38179059460533
"860","LBR",2017,"MSM",0.09787563931834,108,-2.22105469643397
"861","LBR",2011,"PWID",0.000585500931257203,106,-7.44245711199068
"862","LBR",2017,"PWID",0.00616344419227954,109,-5.08293701894122
"863","LBR",2017,"PWID",0.00286884069049163,109,-5.8509743077105
"864","LBR",2017,"PWID",0.0427718066582388,109,-3.10816264697608
"865","LBR",2017,"PWID",0.0030292787810532,109,-5.7963968375154
"866","LBR",2017,"PWID",0.00205520309937208,109,-6.18532328617889
"867","LBR",2017,"TG",0.0151811719302652,110,-4.17240172211626
"868","LBR",2017,"TG",0.00183157205685658,110,-6.30074738200041
"869","NAM",2012,"FSW",0.031751699133064,144,-3.417542323635
"870","NAM",2012,"FSW",0.0262957378994129,144,-3.61170075620213
"871","NAM",2013,"FSW",0.162246895079996,146,-1.6416042141113
"872","NAM",2013,"FSW",0.0250793670371324,146,-3.6603105879028
"873","NAM",2013,"FSW",0.0254681363526069,146,-3.64452909982488
"874","NAM",2013,"FSW",0.0744803440390977,146,-2.51982011782271
"875","NAM",2013,"FSW",0.0279017600276729,146,-3.55076709901682
"876","NAM",2013,"FSW",0.015713525773008,146,-4.13739513135773
"877","NAM",2014,"FSW",0.0134346683867718,148,-4.29639098995253
"878","NAM",2014,"FSW",0.0246653020447763,148,-3.6773832115482
"879","NAM",2014,"FSW",0.0239796349282669,148,-3.70627852657299
"880","NAM",2014,"FSW",0.0307105730656086,148,-3.45195625866725
"881","NAM",2014,"FSW",0.160801019035506,148,-1.6522801487771
"882","NAM",2012,"MSM",0.0142070685063555,145,-4.2397067010281
"883","NAM",2012,"MSM",0.0200289478873033,145,-3.89034441111425
"884","NAM",2013,"MSM",0.0397175005234887,147,-3.18543560166856
"885","NAM",2013,"MSM",0.0198085113160356,147,-3.901636239412
"886","NAM",2013,"MSM",0.0193569996619596,147,-3.92515438560415
"887","NAM",2013,"MSM",0.0135816573580977,147,-4.28536038849218
"888","NAM",2013,"MSM",0.025745619172337,147,-3.63340795741773
"889","NAM",2014,"MSM",0.0113110745995103,149,-4.47059744883373
"890","NAM",2014,"MSM",0.0187066916758376,149,-3.95999010051696
"891","NAM",2014,"MSM",0.0390006487438338,149,-3.20439545344987
"892","NAM",2014,"MSM",0.0195331365660625,149,-3.91591651503109
"893","NAM",2014,"MSM",0.0129826235637102,149,-4.33107583017963
"894","NER",2004,"FSW",0.055302408324718,150,-2.83804840971503
"895","NER",2012,"FSW",0.00761064782010328,151,-4.87056722666893
"896","NER",2014,"FSW",0.00984696138474911,153,-4.61069659690798
"897","NER",2015,"FSW",0.0105147534685513,154,-4.5444054917196
"898","NER",2015,"FSW",0.0304191391644225,154,-3.46179188779471
"899","NER",2015,"FSW",0.028302500503228,154,-3.53609438376319
"900","NER",2015,"FSW",0.00690179520301781,154,-4.96904800411755
"901","NER",2015,"FSW",0.00131612722202297,154,-6.6317447834037
"902","NER",2015,"FSW",0.00273976705808088,154,-5.89713885040596
"903","NER",2015,"FSW",0.0113596764444852,154,-4.46626065769812
"904","NER",2015,"FSW",0.000653257006326458,154,-7.33288645781232
"905","NER",2015,"FSW",0.00425257849713506,154,-5.4559681283825
"906","NER",2015,"FSW",0.000262026878171589,154,-8.24680140981062
"907","NER",2015,"FSW",0.000374324111673698,154,-7.89001413289667
"908","NER",2015,"FSW",0.00017211516631355,154,-8.66717460364363
"909","NER",2015,"FSW",0.000152646657785108,154,-8.78723207534113
"910","NER",2015,"FSW",0.254098396453406,154,-1.07687211315809
"911","NER",2015,"FSW",7.53528421029651e-05,154,-9.49325355923616
"912","NER",2015,"FSW",0.00011826365011122,154,-9.0424758322661
"913","NER",2015,"FSW",0.000372085214505999,154,-7.89601550421587
"914","NER",2015,"FSW",0.000452677672434503,154,-7.69987744546367
"915","NER",2015,"FSW",0.00419655036581588,154,-5.46928705205464
"916","NER",2015,"FSW",2.49549407782465e-05,154,-10.5984137729352
"917","NER",2015,"FSW",0.000626886998731628,154,-7.37411717530775
"918","NER",2015,"FSW",0.00353527610002794,154,-5.64142233805219
"919","NER",2015,"FSW",2.79730294322795e-05,154,-10.4842417731384
"920","NER",2015,"FSW",8.48036987695045e-05,154,-9.37508659125792
"921","NER",2015,"FSW",2.37084126234466e-05,154,-10.6496569010994
"922","NER",2015,"FSW",7.71793414200734e-05,154,-9.46930155261001
"923","NER",2015,"FSW",0.000360935169726096,154,-7.92645120068252
"924","NER",2015,"FSW",0.000189195871782711,154,-8.57253850714324
"925","NER",2015,"FSW",0.000393632758638698,154,-7.83969845774838
"926","NER",2015,"FSW",0.000255861293115154,154,-8.27061919006198
"927","NER",2015,"FSW",0.00373026699183634,154,-5.58753822651893
"928","NER",2016,"FSW",0.0107254792010722,156,-4.52434972265175
"929","NER",2017,"FSW",0.0105273380352717,158,-4.5431966405131
"930","NER",2018,"FSW",0.0101366739271014,160,-4.58140694985086
"931","NER",2019,"FSW",0.010413517500094,162,-4.55418243961005
"932","NER",2012,"MSM",0.00304889429209829,152,-5.78992272963335
"933","NER",2015,"MSM",0.0027707594824914,155,-5.88585920981712
"934","NER",2016,"MSM",0.00281719374216503,157,-5.86919284689024
"935","NER",2017,"MSM",0.00278619686830365,159,-5.88028765715594
"936","NER",2018,"MSM",0.00260059765747633,161,-5.9494100070245
"937","RWA",2010,"FSW",0.00127087980173482,173,-6.66677417303134
"938","RWA",2010,"FSW",0.00132758364312268,173,-6.62306633316807
"939","RWA",2010,"FSW",0.000893382899628253,173,-7.01960150780424
"940","RWA",2010,"FSW",0.00967389895254726,173,-4.62860285480198
"941","RWA",2011,"FSW",0.0116232449548628,174,-4.44305698762567
"942","RWA",2011,"FSW",0.00476553043149373,174,-5.34156950803799
"943","RWA",2012,"FSW",0.0046454236280159,177,-5.36721646286908
"944","RWA",2012,"FSW",0.00454024136961971,177,-5.39022452365834
"945","RWA",2018,"FSW",0.00440773056199494,179,-5.41997786052837
"946","RWA",2011,"MSM",0.0020223822169153,175,-6.20145471711725
"947","RWA",2012,"MSM",0.0019763695343851,178,-6.22451536068267
"948","RWA",2011,"PWID",0.000197887875805293,176,-8.52761206402243
"949","SEN",2012,"FSW",0.00493584938443781,181,-5.30628243561087
"950","SEN",2015,"FSW",0.011251558283861,183,-4.47593330988739
"951","SEN",2015,"FSW",0.00883316579925589,183,-4.72036939148344
"952","SEN",2015,"FSW",0.0164991565675416,183,-4.08780923292999
"953","SEN",2016,"FSW",0.00565874096648008,186,-5.16887904329737
"954","SEN",2018,"FSW",0.00565543531384703,189,-5.16946670596136
"955","SEN",2012,"MSM",0.00328769494127293,182,-5.71427547422562
"956","SEN",2012,"MSM",0.00175062897772819,182,-6.34602797665706
"957","SEN",2015,"MSM",0.00517077074869624,184,-5.2595493351409
"958","SEN",2015,"MSM",0.00447035854982095,184,-5.40580628060409
"959","SEN",2015,"MSM",0.0157322751580124,184,-4.13618359338161
"960","SEN",2016,"MSM",0.00274862345641208,187,-5.89390264607294
"961","SEN",2019,"MSM",0.0136721254988706,191,-4.27862970421362
"962","SEN",2011,"PWID",0.000803287650963225,180,-7.12599407732613
"963","SEN",2011,"PWID",0.000788726545507698,180,-7.14430184307888
"964","SEN",2015,"PWID",0.000715732800335758,185,-7.24148765548333
"965","SEN",2016,"PWID",0.000424974857733379,188,-7.76305548387904
"966","SEN",2018,"PWID",0.000413290043460774,190,-7.79094755160956
"967","TZA",2011,"FSW",0.0123466183352362,211,-4.3819496013492
"968","TZA",2013,"FSW",0.0128380590567958,214,-4.34241997684432
"969","TZA",2013,"FSW",0.017242527751734,214,-4.04298349186213
"970","TZA",2013,"FSW",0.0049360345024129,214,-5.30624474549188
"971","TZA",2013,"FSW",0.0135258843874614,214,-4.28953187482357
"972","TZA",2013,"FSW",0.00796667230126312,214,-4.8244898256504
"973","TZA",2013,"FSW",0.0107225460149022,214,-4.52462620336921
"974","TZA",2014,"FSW",0.0133572601042357,215,-4.30224794319229
"975","TZA",2019,"FSW",0.0132547515826525,219,-4.3100558009863
"976","TZA",2011,"MSM",0.00705039502966438,212,-4.94759626464478
"977","TZA",2014,"MSM",0.00425854904104793,216,-5.45455913492463
"978","TZA",2019,"MSM",0.00826480203098402,220,-4.78745035582737
"979","TZA",2011,"PWID",0.00478840124113757,213,-5.33675879102667
"980","TZA",2014,"PWID",0.00128687703039071,217,-6.65424919664736
"981","TZA",2015,"PWID",0.000455393732922243,218,-7.69389266867226
"982","TZA",2015,"PWID",5.75234188954412e-05,218,-9.76326088286751
"983","TZA",2015,"PWID",3.54293259454543e-05,218,-10.2479352342803
"984","TZA",2015,"PWID",0.000180789545278041,218,-8.61799613057803
"985","TZA",2015,"PWID",5.68195713730987e-05,218,-9.77557290397309
"986","TZA",2015,"PWID",0.000257962781675914,218,-8.26243724445901
"987","TZA",2015,"PWID",2.4076526289752e-05,218,-10.6342491281837
"988","TZA",2015,"PWID",0.000215329386357499,218,-8.44312632005385
"989","TZA",2015,"PWID",3.06430280585671e-05,218,-10.3930747475006
"990","TZA",2015,"PWID",9.72245018559531e-05,218,-9.23839057232808
"991","TZA",2015,"PWID",3.20840856124645e-05,218,-10.3471183414778
"992","TZA",2015,"PWID",5.8000991433729e-05,218,-9.75499245120541
"993","TZA",2015,"PWID",9.49107132551929e-06,218,-11.5651495706589
"994","TZA",2015,"PWID",9.39990516196535e-05,218,-9.27213186142798
"995","TZA",2015,"PWID",3.1724679921633e-05,218,-10.3583839083842
"996","TZA",2015,"PWID",3.25591463636198e-05,218,-10.3324196748307
"997","TZA",2019,"PWID",0.00131590467077278,221,-6.6319141160917
"998","TZA",2019,"PWID",0.00317730657049175,221,-5.74853906657401
"999","UGA",2012,"FSW",0.0100773912167943,222,-4.58733234583773
"1000","UGA",2015,"FSW",0.0257096128427628,225,-3.63484443543327
"1001","UGA",2017,"FSW",0.0287792574351667,227,-3.51889887803521
"1002","UGA",2017,"FSW",0.00486940764740748,227,-5.31990168042109
"1003","UGA",2017,"FSW",0.00657093151036041,227,-5.01850705901625
"1004","UGA",2017,"FSW",0.00120575972548667,227,-6.7194389458861
"1005","UGA",2017,"FSW",0.0182742792745482,227,-3.98381739546723
"1006","UGA",2017,"FSW",0.0178497308586679,227,-4.00775589004687
"1007","UGA",2017,"FSW",0.00492554747930293,227,-5.30838212925708
"1008","UGA",2017,"FSW",0.00204943643261729,227,-6.18813889514393
"1009","UGA",2017,"FSW",0.010804388974693,227,-4.5169396606211
"1010","UGA",2017,"FSW",0.00382892201123728,227,-5.56133570351513
"1011","UGA",2017,"FSW",0.00606311254306002,227,-5.09945042194657
"1012","UGA",2017,"FSW",0.00599441404291281,227,-5.11091478357874
"1013","UGA",2017,"FSW",0.0238086690158807,227,-3.71360884432367
"1014","UGA",2019,"FSW",0.0123867200810238,230,-4.37866626652365
"1015","UGA",2019,"FSW",0.0124209264849398,230,-4.37587389808101
"1016","UGA",2012,"MSM",0.0178056948475188,223,-4.01027081415194
"1017","UGA",2012,"MSM",0.0234518276393218,223,-3.72907565118827
"1018","UGA",2017,"MSM",0.0038801349560517,228,-5.54799766125538
"1019","UGA",2017,"MSM",0.00169453122416726,228,-6.37865317174752
"1020","UGA",2017,"MSM",0.0210636862676867,228,-3.83891606020602
"1021","UGA",2017,"MSM",0.00275266806127748,228,-5.89242816992768
"1022","UGA",2017,"MSM",0.00899652622106983,228,-4.70187951225887
"1023","UGA",2017,"MSM",0.000556877430431435,228,-7.49260836279336
"1024","UGA",2017,"MSM",0.00284684464850244,228,-5.85869313429315
"1025","UGA",2017,"MSM",0.00227234070454694,228,-6.08466990499013
"1026","UGA",2017,"MSM",0.00492593584297159,228,-5.30830289527684
"1027","UGA",2019,"MSM",0.00227175170760489,231,-6.08492973166948
"1028","UGA",2012,"PWID",0.0200734193905968,224,-3.8880811295927
"1029","UGA",2016,"PWID",0.000609284084047058,226,-7.40261645297984
"1030","UGA",2017,"PWID",0.00365835899689299,229,-5.60707552645984
"1031","UGA",2017,"PWID",0.000957667542033465,229,-6.95005174719285
"1032","UGA",2019,"PWID",0.000361484986011854,232,-7.92492849936116
"1033","UGA",2019,"PWID",0.000359335615824756,232,-7.93089434297433
"1034","ZMB",1997,"FSW",0.0252623531452288,233,-3.65285308508024
"1035","ZMB",2000,"FSW",0.0113602117441172,234,-4.46621299456925
"1036","ZMB",2014,"FSW",0.011598542656713,235,-4.4452094913824
"1037","ZMB",2015,"FSW",0.0347230516212926,237,-3.32501127505471
"1038","ZMB",2015,"FSW",0.0258355790028253,237,-3.62982752639973
"1039","ZMB",2015,"FSW",0.0398048959275221,237,-3.1831465792424
"1040","ZMB",2015,"FSW",0.0119063437045048,237,-4.41870614458594
"1041","ZMB",2015,"FSW",0.00909938952038142,237,-4.69040691155058
"1042","ZMB",2015,"FSW",0.00949907337934459,237,-4.64701654681325
"1043","ZMB",2015,"FSW",0.0490729108031852,237,-2.96413022434793
"1044","ZMB",2015,"FSW",0.0377744662613934,237,-3.2376154870989
"1045","ZMB",2015,"FSW",0.0544073637311142,237,-2.85531235185232
"1046","ZMB",2015,"FSW",0.0205290038286405,237,-3.86517391895752
"1047","ZMB",2015,"FSW",0.0177879454636342,237,-4.01128621978945
"1048","ZMB",2015,"FSW",0.0168846718353232,237,-4.06432021754492
"1049","ZMB",2015,"FSW",0.00592581725010604,237,-5.12249322438822
"1050","ZMB",2015,"FSW",0.0659520530013172,237,-2.65059976368516
"1051","ZMB",2015,"FSW",0.0144078212324536,237,-4.22547145696726
"1052","ZMB",2015,"FSW",0.0268798483628209,237,-3.58913068593983
"1053","ZMB",2016,"FSW",0.00615340069280369,239,-5.08457798092142
"1054","ZMB",2016,"FSW",0.0186723204273319,239,-3.96186419361526
"1055","ZMB",2016,"FSW",0.0142367485575078,239,-4.2375896673962
"1056","ZMB",2016,"FSW",0.0172600562770892,239,-4.0419495852571
"1057","ZMB",2016,"FSW",0.0169652776450235,239,-4.05947567850996
"1058","ZMB",2016,"FSW",0.0147547531924324,239,-4.20132531050312
"1059","ZMB",2016,"FSW",0.0164446569182592,239,-4.09117329075908
"1060","ZMB",2016,"FSW",0.0057555285391951,239,-5.15182224560424
"1061","ZMB",2016,"FSW",0.0640897420172068,239,-2.68123527346997
"1062","ZMB",2016,"FSW",0.0139585512237021,239,-4.25760607960602
"1063","ZMB",2016,"FSW",0.0258317734146977,239,-3.62997874404118
"1064","ZMB",2016,"FSW",0.0126178105912858,239,-4.35994783295106
"1065","ZMB",2016,"FSW",0.00979348704603529,239,-4.61619594271696
"1066","ZMB",2016,"FSW",0.0040274568483079,239,-5.51058456833872
"1067","ZMB",2019,"FSW",0.0307423448418993,242,-3.45088945951328
"1068","ZMB",2014,"MSM",0.00207594917102278,236,-6.17525869113101
"1069","ZMB",2015,"MSM",0.00590751579370073,238,-5.12560484121419
"1070","ZMB",2015,"MSM",0.00592966897792711,238,-5.12183956985483
"1071","ZMB",2015,"MSM",0.003080314512648,238,-5.77963850426757
"1072","ZMB",2015,"MSM",0.0359461958142768,238,-3.28912384675204
"1073","ZMB",2015,"MSM",0.00351466040035121,238,-5.64729152146683
"1074","ZMB",2015,"MSM",0.0119133974435368,238,-4.41810674588463
"1075","ZMB",2016,"MSM",0.00659158131388105,240,-5.01534860094364
"1076","ZMB",2016,"MSM",0.00555408169844321,240,-5.18765261740758
"1077","ZMB",2016,"MSM",0.00582923763724992,240,-5.13902275869174
"1078","ZMB",2016,"MSM",0.0218756421777154,240,-3.80026302868045
"1079","ZMB",2016,"MSM",0.00643149997967991,240,-5.0400952184214
"1080","ZMB",2016,"MSM",0.00790281996899987,240,-4.83260141234783
"1081","ZMB",2019,"MSM",0.0160545269201822,243,-4.11557962107131
"1082","ZMB",2016,"PWID",0.00141672637481436,241,-6.55798870779382
"1083","ZMB",2016,"PWID",0.0106786135965385,241,-4.5287762277611
"1084","ZMB",2016,"PWID",0.00272932425540366,241,-5.90096817026607
"1085","ZMB",2016,"PWID",0.000299141481961463,241,-8.11429472643845
"1086","ZMB",2019,"PWID",0.00312802065922518,244,-5.76422192856736
