logit_gen_art,iso3,region,year,kp,value,provincial_value,study_idx,logit_kp_art,logit_gen_art2,id.region,idx,lower,median,upper,gen_art
-1.3862943611198906,NA,NA,NA,FSW,NA,NA,NA,NA,NA,NA,1,-2.9349014314511805,-0.46395149280002546,1.828790594548783,0.2
-1.3249254147435985,NA,NA,NA,FSW,NA,NA,NA,NA,NA,NA,2,-2.8097652982476107,-0.41064212995031835,1.849795303035851,0.21000000000000002
-1.2656663733312759,NA,NA,NA,FSW,NA,NA,NA,NA,NA,NA,3,-2.696241173533486,-0.34741508078356587,1.867790969339599,0.22000000000000003
-1.2083112059245342,NA,NA,NA,FSW,NA,NA,NA,NA,NA,NA,4,-2.5860001374605033,-0.29569235749022516,1.8926549619409694,0.22999999999999998
-1.1526795099383853,NA,NA,NA,FSW,NA,NA,NA,NA,NA,NA,5,-2.4947057498161382,-0.2404087336015488,1.9087472028067343,0.24000000000000002
-1.0986122886681098,NA,NA,NA,FSW,NA,NA,NA,NA,NA,NA,6,-2.425326863838839,-0.1822793972773953,1.9151706331874547,0.25
-1.0459685551826876,NA,NA,NA,FSW,NA,NA,NA,NA,NA,NA,7,-2.350471006262666,-0.11533221204789974,1.9264710915827359,0.26
-0.9946225751440619,NA,NA,NA,FSW,NA,NA,NA,NA,NA,NA,8,-2.248626967340329,-0.05585945818651934,1.9565349451762764,0.27
-0.9444616088408512,NA,NA,NA,FSW,NA,NA,NA,NA,NA,NA,9,-2.146710192241522,-0.007553489224588202,1.9816654668864708,0.28
-0.8953840470548412,NA,NA,NA,FSW,NA,NA,NA,NA,NA,NA,10,-2.0418753084338324,0.03828790846126999,2.0104715037298497,0.29000000000000004
-0.8472978603872034,NA,NA,NA,FSW,NA,NA,NA,NA,NA,NA,11,-1.939226886113552,0.08322074568129043,2.0351352499040347,0.30000000000000004
-0.8001193001121131,NA,NA,NA,FSW,NA,NA,NA,NA,NA,NA,12,-1.8354479297464992,0.13474167302297901,2.046154411736842,0.31000000000000005
-0.7537718023763801,NA,NA,NA,FSW,NA,NA,NA,NA,NA,NA,13,-1.738282649801522,0.18826412033202589,2.0445675217673545,0.32
-0.7081850579244856,NA,NA,NA,FSW,NA,NA,NA,NA,NA,NA,14,-1.6525791121947873,0.24236256222280161,2.042012687764466,0.33
-0.663294217410264,NA,NA,NA,FSW,NA,NA,NA,NA,NA,NA,15,-1.578109821209514,0.28820255385836535,2.051150885487317,0.3400000000000001
-0.6190392084062235,NA,NA,NA,FSW,NA,NA,NA,NA,NA,NA,16,-1.4904274620168816,0.33954165253428226,2.0565830407301617,0.35000000000000003
-0.5753641449035618,NA,NA,NA,FSW,NA,NA,NA,NA,NA,NA,17,-1.398626720385876,0.3875213104492986,2.061712299442547,0.36
-0.5322168137473082,NA,NA,NA,FSW,NA,NA,NA,NA,NA,NA,18,-1.2882527687995342,0.42621846620094483,2.0819138234885783,0.37
-0.4895482253187058,NA,NA,NA,FSW,NA,NA,NA,NA,NA,NA,19,-1.1968678565592163,0.47066177453945873,2.089016647721194,0.38
-0.4473122180436648,NA,NA,NA,FSW,NA,NA,NA,NA,NA,NA,20,-1.1142417763817876,0.5234568851947403,2.114729013218694,0.39
-0.4054651081081643,NA,NA,NA,FSW,NA,NA,NA,NA,NA,NA,21,-1.0381683258344687,0.5745718440934575,2.1529129419590523,0.4
-0.3639653772014116,NA,NA,NA,FSW,NA,NA,NA,NA,NA,NA,22,-0.9572350215015544,0.6228501067796403,2.1704994150008736,0.41000000000000003
-0.32277339226305085,NA,NA,NA,FSW,NA,NA,NA,NA,NA,NA,23,-0.8864529403501045,0.6614421107185149,2.1750575020450316,0.42000000000000004
-0.28185115214098755,NA,NA,NA,FSW,NA,NA,NA,NA,NA,NA,24,-0.8038674812341501,0.7080233049983368,2.1782212533547702,0.43000000000000005
-0.2411620568168881,NA,NA,NA,FSW,NA,NA,NA,NA,NA,NA,25,-0.719060098759818,0.7473086218493312,2.187210548562475,0.44
-0.20067069546215124,NA,NA,NA,FSW,NA,NA,NA,NA,NA,NA,26,-0.641101671323231,0.7880081341927245,2.212822749758564,0.44999999999999996
-0.16034265007517937,NA,NA,NA,FSW,NA,NA,NA,NA,NA,NA,27,-0.5657954161390842,0.8306682350007318,2.2128884709639687,0.46
-0.12014431184206321,NA,NA,NA,FSW,NA,NA,NA,NA,NA,NA,28,-0.48443524502485646,0.8755645036057843,2.2194537819519424,0.47000000000000003
-0.08004270767353637,NA,NA,NA,FSW,NA,NA,NA,NA,NA,NA,29,-0.41196773642906814,0.9223986677544858,2.2394613169264765,0.48000000000000004
-0.04000533461369925,NA,NA,NA,FSW,NA,NA,NA,NA,NA,NA,30,-0.34038453187064244,0.972799837984236,2.254439639698849,0.49
0,NA,NA,NA,FSW,NA,NA,NA,NA,NA,NA,31,-0.26821923501395006,1.0094763728581757,2.2672480968922137,0.5
0.040005334613699206,NA,NA,NA,FSW,NA,NA,NA,NA,NA,NA,32,-0.19273119651776394,1.0480882560591536,2.285710342073122,0.51
0.08004270767353656,NA,NA,NA,FSW,NA,NA,NA,NA,NA,NA,33,-0.12095650564455011,1.0940452750248557,2.302236991425366,0.52
0.12014431184206341,NA,NA,NA,FSW,NA,NA,NA,NA,NA,NA,34,-0.03355464969030014,1.1355823759019879,2.3117090331437757,0.5300000000000001
0.16034265007517948,NA,NA,NA,FSW,NA,NA,NA,NA,NA,NA,35,0.030711666960070858,1.1756036491078785,2.3223036016019183,0.54
0.2006706954621514,NA,NA,NA,FSW,NA,NA,NA,NA,NA,NA,36,0.1123896896952005,1.2221450715887325,2.3398037068099593,0.5500000000000002
0.24116205681688824,NA,NA,NA,FSW,NA,NA,NA,NA,NA,NA,37,0.16565682921599514,1.2674536552688047,2.3635782767420737,0.56
0.281851152140988,NA,NA,NA,FSW,NA,NA,NA,NA,NA,NA,38,0.218868984547739,1.3102900996208775,2.388080869428321,0.5700000000000001
0.32277339226305135,NA,NA,NA,FSW,NA,NA,NA,NA,NA,NA,39,0.30460302485611707,1.3534610656518964,2.4070768587242384,0.5800000000000001
0.3639653772014119,NA,NA,NA,FSW,NA,NA,NA,NA,NA,NA,40,0.39072549037372284,1.395094368454981,2.438858574593712,0.5900000000000001
0.40546510810816483,NA,NA,NA,FSW,NA,NA,NA,NA,NA,NA,41,0.4595600042380938,1.4379006365904852,2.4753174027908336,0.6000000000000001
0.4473122180436652,NA,NA,NA,FSW,NA,NA,NA,NA,NA,NA,42,0.5183882601369415,1.4822527088302788,2.501502219957268,0.6100000000000001
0.4895482253187058,NA,NA,NA,FSW,NA,NA,NA,NA,NA,NA,43,0.5868259326443165,1.5351037476258849,2.521783949954977,0.62
0.5322168137473082,NA,NA,NA,FSW,NA,NA,NA,NA,NA,NA,44,0.6711537149753075,1.5823262157060491,2.5491495937054185,0.63
0.5753641449035619,NA,NA,NA,FSW,NA,NA,NA,NA,NA,NA,45,0.7469810592123558,1.6310874240582693,2.574046813709769,0.64
0.6190392084062236,NA,NA,NA,FSW,NA,NA,NA,NA,NA,NA,46,0.8122862830913334,1.677546903412689,2.595951114166999,0.65
0.6632942174102643,NA,NA,NA,FSW,NA,NA,NA,NA,NA,NA,47,0.8645991070151439,1.7247140686219344,2.6321679833820792,0.66
0.708185057924486,NA,NA,NA,FSW,NA,NA,NA,NA,NA,NA,48,0.9162236853354221,1.777312629184209,2.6723691518834176,0.67
0.75377180237638,NA,NA,NA,FSW,NA,NA,NA,NA,NA,NA,49,0.9638462875492727,1.8212517187936126,2.713087175512683,0.6799999999999999
0.8001193001121129,NA,NA,NA,FSW,NA,NA,NA,NA,NA,NA,50,1.0137357446109185,1.8679933482780813,2.7480075969032693,0.69
0.8472978603872034,NA,NA,NA,FSW,NA,NA,NA,NA,NA,NA,51,1.066960418460736,1.9284901887995658,2.8019130810209836,0.7
0.8953840470548413,NA,NA,NA,FSW,NA,NA,NA,NA,NA,NA,52,1.1282075748206537,1.9833315673843606,2.85551944531557,0.71
0.9444616088408513,NA,NA,NA,FSW,NA,NA,NA,NA,NA,NA,53,1.1786483038125974,2.0366348779939205,2.9229736273135614,0.72
0.9946225751440619,NA,NA,NA,FSW,NA,NA,NA,NA,NA,NA,54,1.2240126537942222,2.0940934898306796,3.0004336197768944,0.73
1.0459685551826876,NA,NA,NA,FSW,NA,NA,NA,NA,NA,NA,55,1.2764989549588577,2.1488209901530753,3.0573825947951248,0.74
1.0986122886681098,NA,NA,NA,FSW,NA,NA,NA,NA,NA,NA,56,1.340620593350671,2.2042184433989727,3.133987892961211,0.7500000000000001
1.1526795099383855,NA,NA,NA,FSW,NA,NA,NA,NA,NA,NA,57,1.4123343647487365,2.256759370121863,3.2113658109312455,0.76
1.2083112059245342,NA,NA,NA,FSW,NA,NA,NA,NA,NA,NA,58,1.4492689754698083,2.3171850092350184,3.2804200641532915,0.7700000000000001
1.265666373331276,NA,NA,NA,FSW,NA,NA,NA,NA,NA,NA,59,1.4824218550121948,2.380263790567054,3.3788056009154164,0.7799999999999999
1.3249254147435987,NA,NA,NA,FSW,NA,NA,NA,NA,NA,NA,60,1.5193137238561847,2.4397342812346343,3.476816043778893,0.79
1.3862943611198908,NA,NA,NA,FSW,NA,NA,NA,NA,NA,NA,61,1.575192524322925,2.512977535320674,3.593681340210137,0.8
1.4500101755059986,NA,NA,NA,FSW,NA,NA,NA,NA,NA,NA,62,1.6380032689189798,2.5904612393205353,3.698560742269587,0.81
1.5163474893680888,NA,NA,NA,FSW,NA,NA,NA,NA,NA,NA,63,1.64590291173189,2.666268603270309,3.8060844678113828,0.8200000000000001
1.5856272637403823,NA,NA,NA,FSW,NA,NA,NA,NA,NA,NA,64,1.662835191151656,2.7363980946096493,3.924296112888992,0.8300000000000001
1.658228076603533,NA,NA,NA,FSW,NA,NA,NA,NA,NA,NA,65,1.6970777776008068,2.8193558074549565,4.039883225544658,0.8400000000000001
1.734601055388107,NA,NA,NA,FSW,NA,NA,NA,NA,NA,NA,66,1.7197662861423748,2.905176172918356,4.130580346040406,0.8500000000000001
1.8152899666382498,NA,NA,NA,FSW,NA,NA,NA,NA,NA,NA,67,1.7843493568399758,2.9914942747090474,4.265998904988656,0.8600000000000001
1.9009587611930479,NA,NA,NA,FSW,NA,NA,NA,NA,NA,NA,68,1.845560446499552,3.0917438613496406,4.413585942921397,0.8700000000000001
1.9924301646902072,NA,NA,NA,FSW,NA,NA,NA,NA,NA,NA,69,1.8705074958186314,3.184506429978155,4.568633595834414,0.8800000000000001
2.0907410969337703,NA,NA,NA,FSW,NA,NA,NA,NA,NA,NA,70,1.894305432258523,3.2947532687125847,4.7449796242122595,0.8900000000000001
2.197224577336221,NA,NA,NA,FSW,NA,NA,NA,NA,NA,NA,71,1.9266927424536573,3.419329651975394,4.9965133897390714,0.9000000000000001
2.3136349291806297,NA,NA,NA,FSW,NA,NA,NA,NA,NA,NA,72,1.9682187338902002,3.538080532449327,5.212769687446195,0.9099999999999999
2.4423470353692034,NA,NA,NA,FSW,NA,NA,NA,NA,NA,NA,73,2.001562488860592,3.681446025225306,5.463909211335984,0.9199999999999999
2.5866893440979415,NA,NA,NA,FSW,NA,NA,NA,NA,NA,NA,74,2.040039298630008,3.8406305382470514,5.723944786129372,0.9299999999999999
2.751535313041948,NA,NA,NA,FSW,NA,NA,NA,NA,NA,NA,75,2.1080103317700543,4.022740100303894,6.040524260605677,0.9400000000000001
2.9444389791664394,NA,NA,NA,FSW,NA,NA,NA,NA,NA,NA,76,2.135596687493435,4.234992534808557,6.372474993848099,0.95
3.178053830347945,NA,NA,NA,FSW,NA,NA,NA,NA,NA,NA,77,2.1533855649925258,4.489963065649963,6.854031000379083,0.96
3.4760986898352724,NA,NA,NA,FSW,NA,NA,NA,NA,NA,NA,78,2.26556078411017,4.805829806268125,7.439570075693564,0.97
3.8918202981106256,NA,NA,NA,FSW,NA,NA,NA,NA,NA,NA,79,2.3244402501417096,5.26945435648112,8.290189407770548,0.98
4.595119850134589,NA,NA,NA,FSW,NA,NA,NA,NA,NA,NA,80,2.401752884571486,6.05838471582531,9.623273052678357,0.99
-1.3862943611198906,NA,NA,NA,MSM,NA,NA,NA,NA,NA,NA,1,-4.24715519577877,-1.5343837239215614,1.0833348749847629,0.2
-1.3249254147435985,NA,NA,NA,MSM,NA,NA,NA,NA,NA,NA,2,-4.068791388294081,-1.418833211693249,1.0980522039300007,0.21000000000000002
-1.2656663733312759,NA,NA,NA,MSM,NA,NA,NA,NA,NA,NA,3,-3.8964706418621935,-1.3170426988442916,1.1131513056233782,0.22000000000000003
-1.2083112059245342,NA,NA,NA,MSM,NA,NA,NA,NA,NA,NA,4,-3.7278709633320974,-1.2215091821783393,1.1448048517700604,0.22999999999999998
-1.1526795099383853,NA,NA,NA,MSM,NA,NA,NA,NA,NA,NA,5,-3.5489650427075494,-1.1115144211628936,1.1761342803291788,0.24000000000000002
-1.0986122886681098,NA,NA,NA,MSM,NA,NA,NA,NA,NA,NA,6,-3.367732870750407,-1.0116822467584967,1.2274589236123863,0.25
-1.0459685551826876,NA,NA,NA,MSM,NA,NA,NA,NA,NA,NA,7,-3.1808084243949097,-0.9192611046099195,1.264332631304515,0.26
-0.9946225751440619,NA,NA,NA,MSM,NA,NA,NA,NA,NA,NA,8,-3.0140572937948846,-0.8298448103630516,1.2951778460727819,0.27
-0.9444616088408512,NA,NA,NA,MSM,NA,NA,NA,NA,NA,NA,9,-2.8588288650132845,-0.739290213395892,1.3373283033263912,0.28
-0.8953840470548412,NA,NA,NA,MSM,NA,NA,NA,NA,NA,NA,10,-2.706784984918375,-0.6435577122709994,1.3779755666035824,0.29000000000000004
-0.8472978603872034,NA,NA,NA,MSM,NA,NA,NA,NA,NA,NA,11,-2.5475532090764057,-0.5578598835104835,1.4047218177052225,0.30000000000000004
-0.8001193001121131,NA,NA,NA,MSM,NA,NA,NA,NA,NA,NA,12,-2.3922084425421493,-0.4771567375464091,1.4198222176783326,0.31000000000000005
-0.7537718023763801,NA,NA,NA,MSM,NA,NA,NA,NA,NA,NA,13,-2.2429092763690996,-0.4022551980020881,1.449250061522422,0.32
-0.7081850579244856,NA,NA,NA,MSM,NA,NA,NA,NA,NA,NA,14,-2.0900832965715685,-0.31854660333479606,1.4896392833579934,0.33
-0.663294217410264,NA,NA,NA,MSM,NA,NA,NA,NA,NA,NA,15,-1.9657922357769353,-0.24019979876617048,1.5277864355975408,0.3400000000000001
-0.6190392084062235,NA,NA,NA,MSM,NA,NA,NA,NA,NA,NA,16,-1.8392210385222811,-0.15165021266037465,1.5708010839563455,0.35000000000000003
-0.5753641449035618,NA,NA,NA,MSM,NA,NA,NA,NA,NA,NA,17,-1.7409293933059313,-0.07561874661218793,1.592697109902614,0.36
-0.5322168137473082,NA,NA,NA,MSM,NA,NA,NA,NA,NA,NA,18,-1.6261470559796665,0.004580488623493067,1.6340646462679667,0.37
-0.4895482253187058,NA,NA,NA,MSM,NA,NA,NA,NA,NA,NA,19,-1.5222897391353074,0.08457364768096352,1.6546799496057638,0.38
-0.4473122180436648,NA,NA,NA,MSM,NA,NA,NA,NA,NA,NA,20,-1.4043187830784745,0.15498969997466286,1.7228853631495737,0.39
-0.4054651081081643,NA,NA,NA,MSM,NA,NA,NA,NA,NA,NA,21,-1.2913894732981033,0.2355101518366043,1.7716776733691795,0.4
-0.3639653772014116,NA,NA,NA,MSM,NA,NA,NA,NA,NA,NA,22,-1.1703466893925902,0.30274544724542013,1.830938035515059,0.41000000000000003
-0.32277339226305085,NA,NA,NA,MSM,NA,NA,NA,NA,NA,NA,23,-1.0526917224126786,0.37433463759242314,1.8720815597981693,0.42000000000000004
-0.28185115214098755,NA,NA,NA,MSM,NA,NA,NA,NA,NA,NA,24,-0.9688313772874942,0.44301843780574846,1.9164527045090338,0.43000000000000005
-0.2411620568168881,NA,NA,NA,MSM,NA,NA,NA,NA,NA,NA,25,-0.8566796165090097,0.5223837350019749,1.9631397302319933,0.44
-0.20067069546215124,NA,NA,NA,MSM,NA,NA,NA,NA,NA,NA,26,-0.7522353299868207,0.5954315461742952,2.010527935127788,0.44999999999999996
-0.16034265007517937,NA,NA,NA,MSM,NA,NA,NA,NA,NA,NA,27,-0.655372398324024,0.6750686167291172,2.0624517849766475,0.46
-0.12014431184206321,NA,NA,NA,MSM,NA,NA,NA,NA,NA,NA,28,-0.5505972223929464,0.7370020888311032,2.086278360211654,0.47000000000000003
-0.08004270767353637,NA,NA,NA,MSM,NA,NA,NA,NA,NA,NA,29,-0.49957963051268844,0.8206528259288304,2.1246027418234044,0.48000000000000004
-0.04000533461369925,NA,NA,NA,MSM,NA,NA,NA,NA,NA,NA,30,-0.41328982341774484,0.8971595296607922,2.189691077993908,0.49
0,NA,NA,NA,MSM,NA,NA,NA,NA,NA,NA,31,-0.3447327524920143,0.967483000764982,2.2563322102981114,0.5
0.040005334613699206,NA,NA,NA,MSM,NA,NA,NA,NA,NA,NA,32,-0.2650232106358973,1.0400091818044777,2.3284243717895423,0.51
0.08004270767353656,NA,NA,NA,MSM,NA,NA,NA,NA,NA,NA,33,-0.18417279790265595,1.1218011638349261,2.4030727305865356,0.52
0.12014431184206341,NA,NA,NA,MSM,NA,NA,NA,NA,NA,NA,34,-0.10380938044831846,1.2006245578396002,2.4651242908419615,0.5300000000000001
0.16034265007517948,NA,NA,NA,MSM,NA,NA,NA,NA,NA,NA,35,-0.02796001884968375,1.2783139919818227,2.526438381255045,0.54
0.2006706954621514,NA,NA,NA,MSM,NA,NA,NA,NA,NA,NA,36,0.05027175599473867,1.3552734609239905,2.589821175482117,0.5500000000000002
0.24116205681688824,NA,NA,NA,MSM,NA,NA,NA,NA,NA,NA,37,0.1042033708866282,1.4330209123915374,2.661323500343136,0.56
0.281851152140988,NA,NA,NA,MSM,NA,NA,NA,NA,NA,NA,38,0.2021152877744775,1.512346561745629,2.734300912731867,0.5700000000000001
0.32277339226305135,NA,NA,NA,MSM,NA,NA,NA,NA,NA,NA,39,0.2824617526885523,1.575994391089097,2.81067134329298,0.5800000000000001
0.3639653772014119,NA,NA,NA,MSM,NA,NA,NA,NA,NA,NA,40,0.3511588547431289,1.6652151951524838,2.881674193740757,0.5900000000000001
0.40546510810816483,NA,NA,NA,MSM,NA,NA,NA,NA,NA,NA,41,0.41099019197100534,1.730969067783915,2.967007716086085,0.6000000000000001
0.4473122180436652,NA,NA,NA,MSM,NA,NA,NA,NA,NA,NA,42,0.4641263487643243,1.8098586372866485,3.0588332187306175,0.6100000000000001
0.4895482253187058,NA,NA,NA,MSM,NA,NA,NA,NA,NA,NA,43,0.5059166795202784,1.8905700668737797,3.1338946423436735,0.62
0.5322168137473082,NA,NA,NA,MSM,NA,NA,NA,NA,NA,NA,44,0.5831713342327096,1.9691503213847623,3.222262933816367,0.63
0.5753641449035619,NA,NA,NA,MSM,NA,NA,NA,NA,NA,NA,45,0.6460989606158744,2.0506439831620837,3.323791745105542,0.64
0.6190392084062236,NA,NA,NA,MSM,NA,NA,NA,NA,NA,NA,46,0.7038556233244735,2.1273653010244056,3.424617637046296,0.65
0.6632942174102643,NA,NA,NA,MSM,NA,NA,NA,NA,NA,NA,47,0.7471665570630823,2.201320422421321,3.5271019311189313,0.66
0.708185057924486,NA,NA,NA,MSM,NA,NA,NA,NA,NA,NA,48,0.7831922628753645,2.283009366520125,3.647714327612811,0.67
0.75377180237638,NA,NA,NA,MSM,NA,NA,NA,NA,NA,NA,49,0.8554322079378995,2.3611186639700747,3.783782688302985,0.6799999999999999
0.8001193001121129,NA,NA,NA,MSM,NA,NA,NA,NA,NA,NA,50,0.910664414240647,2.451657509392442,3.913305792774033,0.69
0.8472978603872034,NA,NA,NA,MSM,NA,NA,NA,NA,NA,NA,51,0.9137854371432318,2.5330297858208706,4.080551573198345,0.7
0.8953840470548413,NA,NA,NA,MSM,NA,NA,NA,NA,NA,NA,52,0.9818285578003556,2.62691762296207,4.209290433904177,0.71
0.9444616088408513,NA,NA,NA,MSM,NA,NA,NA,NA,NA,NA,53,1.060626791922376,2.7163023493111083,4.362448156505023,0.72
0.9946225751440619,NA,NA,NA,MSM,NA,NA,NA,NA,NA,NA,54,1.0863969964379034,2.794824159616555,4.512011465419748,0.73
1.0459685551826876,NA,NA,NA,MSM,NA,NA,NA,NA,NA,NA,55,1.1063796618224953,2.886198665825817,4.666608819985521,0.74
1.0986122886681098,NA,NA,NA,MSM,NA,NA,NA,NA,NA,NA,56,1.1545118625679875,2.976914502713681,4.801211070962424,0.7500000000000001
1.1526795099383855,NA,NA,NA,MSM,NA,NA,NA,NA,NA,NA,57,1.2177942547621712,3.0796781962346698,4.946693271908371,0.76
1.2083112059245342,NA,NA,NA,MSM,NA,NA,NA,NA,NA,NA,58,1.246633348798107,3.1842742928875625,5.096517379206156,0.7700000000000001
1.265666373331276,NA,NA,NA,MSM,NA,NA,NA,NA,NA,NA,59,1.2753431723314146,3.293629838627507,5.282306097885071,0.7799999999999999
1.3249254147435987,NA,NA,NA,MSM,NA,NA,NA,NA,NA,NA,60,1.3146681220584742,3.398276687179602,5.474139307271753,0.79
1.3862943611198908,NA,NA,NA,MSM,NA,NA,NA,NA,NA,NA,61,1.3463637514462554,3.509286170510295,5.694746822667768,0.8
1.4500101755059986,NA,NA,NA,MSM,NA,NA,NA,NA,NA,NA,62,1.4085591417614167,3.6177449219537907,5.913890881641273,0.81
1.5163474893680888,NA,NA,NA,MSM,NA,NA,NA,NA,NA,NA,63,1.4704985504892771,3.7289511337105763,6.114902794374247,0.8200000000000001
1.5856272637403823,NA,NA,NA,MSM,NA,NA,NA,NA,NA,NA,64,1.5130995109964653,3.850494729108716,6.331141657394042,0.8300000000000001
1.658228076603533,NA,NA,NA,MSM,NA,NA,NA,NA,NA,NA,65,1.5364718373649726,3.9795551052940805,6.560210159179887,0.8400000000000001
1.734601055388107,NA,NA,NA,MSM,NA,NA,NA,NA,NA,NA,66,1.5687719362328614,4.129860027552555,6.789519021291226,0.8500000000000001
1.8152899666382498,NA,NA,NA,MSM,NA,NA,NA,NA,NA,NA,67,1.6454194469331749,4.273007551840412,7.040322378209972,0.8600000000000001
1.9009587611930479,NA,NA,NA,MSM,NA,NA,NA,NA,NA,NA,68,1.7357535547076706,4.4185468423614855,7.306312631343427,0.8700000000000001
1.9924301646902072,NA,NA,NA,MSM,NA,NA,NA,NA,NA,NA,69,1.7853736486676481,4.558600057156205,7.597145474406934,0.8800000000000001
2.0907410969337703,NA,NA,NA,MSM,NA,NA,NA,NA,NA,NA,70,1.8543015868706598,4.739497006900239,7.9142262514846236,0.8900000000000001
2.197224577336221,NA,NA,NA,MSM,NA,NA,NA,NA,NA,NA,71,1.918601155597867,4.936721370449423,8.250963144083535,0.9000000000000001
2.3136349291806297,NA,NA,NA,MSM,NA,NA,NA,NA,NA,NA,72,1.9946382480261176,5.147566070894257,8.63388285518224,0.9099999999999999
2.4423470353692034,NA,NA,NA,MSM,NA,NA,NA,NA,NA,NA,73,2.047352081362728,5.382473388984877,9.052457357887421,0.9199999999999999
2.5866893440979415,NA,NA,NA,MSM,NA,NA,NA,NA,NA,NA,74,2.139097289577392,5.641018496650277,9.521466663695675,0.9299999999999999
2.751535313041948,NA,NA,NA,MSM,NA,NA,NA,NA,NA,NA,75,2.1574203730863757,5.954958113044062,10.07394628841616,0.9400000000000001
2.9444389791664394,NA,NA,NA,MSM,NA,NA,NA,NA,NA,NA,76,2.2823110994738913,6.2993636752197055,10.743364473451729,0.95
3.178053830347945,NA,NA,NA,MSM,NA,NA,NA,NA,NA,NA,77,2.422199720828184,6.708173796909057,11.55351524735615,0.96
3.4760986898352724,NA,NA,NA,MSM,NA,NA,NA,NA,NA,NA,78,2.531805821124591,7.279888185819991,12.54982682992482,0.97
3.8918202981106256,NA,NA,NA,MSM,NA,NA,NA,NA,NA,NA,79,2.7261104068541453,8.006073747206411,13.863913005733936,0.98
4.595119850134589,NA,NA,NA,MSM,NA,NA,NA,NA,NA,NA,80,2.9667994588283437,9.266717812584783,16.141317314391717,0.99
-1.3862943611198906,NA,NA,NA,PWID,NA,NA,NA,NA,NA,NA,1,-17.67489481000978,-9.832780880898522,-2.49416502304732,0.2
-1.3249254147435985,NA,NA,NA,PWID,NA,NA,NA,NA,NA,NA,2,-17.055441804041028,-9.45180566197758,-2.3805837175503317,0.21000000000000002
-1.2656663733312759,NA,NA,NA,PWID,NA,NA,NA,NA,NA,NA,3,-16.45282812618709,-9.112507620024202,-2.223157864528387,0.22000000000000003
-1.2083112059245342,NA,NA,NA,PWID,NA,NA,NA,NA,NA,NA,4,-15.878561296943944,-8.80060819182328,-2.0779210113650226,0.22999999999999998
-1.1526795099383853,NA,NA,NA,PWID,NA,NA,NA,NA,NA,NA,5,-15.311710347345159,-8.469773575398298,-1.9795230430331832,0.24000000000000002
-1.0986122886681098,NA,NA,NA,PWID,NA,NA,NA,NA,NA,NA,6,-14.767700885807777,-8.150158855082243,-1.9052058076096043,0.25
-1.0459685551826876,NA,NA,NA,PWID,NA,NA,NA,NA,NA,NA,7,-14.238516535998812,-7.8535080493921905,-1.8439481277912297,0.26
-0.9946225751440619,NA,NA,NA,PWID,NA,NA,NA,NA,NA,NA,8,-13.721264669019043,-7.572905857765209,-1.6947342651600987,0.27
-0.9444616088408512,NA,NA,NA,PWID,NA,NA,NA,NA,NA,NA,9,-13.215069328661944,-7.288154244221472,-1.5738135909013589,0.28
-0.8953840470548412,NA,NA,NA,PWID,NA,NA,NA,NA,NA,NA,10,-12.791961913861774,-7.028066426304456,-1.5166427248060557,0.29000000000000004
-0.8472978603872034,NA,NA,NA,PWID,NA,NA,NA,NA,NA,NA,11,-12.29362785099659,-6.7673438897634375,-1.4248753535215655,0.30000000000000004
-0.8001193001121131,NA,NA,NA,PWID,NA,NA,NA,NA,NA,NA,12,-11.800635439572991,-6.505425949293947,-1.3083999619755973,0.31000000000000005
-0.7537718023763801,NA,NA,NA,PWID,NA,NA,NA,NA,NA,NA,13,-11.352884329621729,-6.247155981153421,-1.2018433975264489,0.32
-0.7081850579244856,NA,NA,NA,PWID,NA,NA,NA,NA,NA,NA,14,-10.909650420013282,-5.976431625183998,-1.0947165346538208,0.33
-0.663294217410264,NA,NA,NA,PWID,NA,NA,NA,NA,NA,NA,15,-10.4743772010237,-5.721709202436452,-0.9977877729632094,0.3400000000000001
-0.6190392084062235,NA,NA,NA,PWID,NA,NA,NA,NA,NA,NA,16,-10.020576522799479,-5.463328008938586,-0.9101890162086235,0.35000000000000003
-0.5753641449035618,NA,NA,NA,PWID,NA,NA,NA,NA,NA,NA,17,-9.594503077786023,-5.199135348644759,-0.8230054835873554,0.36
-0.5322168137473082,NA,NA,NA,PWID,NA,NA,NA,NA,NA,NA,18,-9.161210129521805,-4.966549676170715,-0.7427421718556767,0.37
-0.4895482253187058,NA,NA,NA,PWID,NA,NA,NA,NA,NA,NA,19,-8.691120459010932,-4.729900110864683,-0.6631181150495649,0.38
-0.4473122180436648,NA,NA,NA,PWID,NA,NA,NA,NA,NA,NA,20,-8.283932296325746,-4.494866984119422,-0.5841796745345582,0.39
-0.4054651081081643,NA,NA,NA,PWID,NA,NA,NA,NA,NA,NA,21,-7.866637571339724,-4.246329026730674,-0.5082912543358358,0.4
-0.3639653772014116,NA,NA,NA,PWID,NA,NA,NA,NA,NA,NA,22,-7.507147523099996,-4.0366600026926935,-0.42596817234044243,0.41000000000000003
-0.32277339226305085,NA,NA,NA,PWID,NA,NA,NA,NA,NA,NA,23,-7.058660914225019,-3.7939659669784778,-0.337435368515003,0.42000000000000004
-0.28185115214098755,NA,NA,NA,PWID,NA,NA,NA,NA,NA,NA,24,-6.607566231192374,-3.547715348343069,-0.2414226480536217,0.43000000000000005
-0.2411620568168881,NA,NA,NA,PWID,NA,NA,NA,NA,NA,NA,25,-6.247603757665882,-3.311874418997114,-0.14664434778294524,0.44
-0.20067069546215124,NA,NA,NA,PWID,NA,NA,NA,NA,NA,NA,26,-5.932133692714525,-3.076109006185201,-0.06170780178110508,0.44999999999999996
-0.16034265007517937,NA,NA,NA,PWID,NA,NA,NA,NA,NA,NA,27,-5.539298743483068,-2.8340098298309133,0.05864371645516618,0.46
-0.12014431184206321,NA,NA,NA,PWID,NA,NA,NA,NA,NA,NA,28,-5.16406634436861,-2.591911071372275,0.1801003599370163,0.47000000000000003
-0.08004270767353637,NA,NA,NA,PWID,NA,NA,NA,NA,NA,NA,29,-4.75682130774462,-2.3644607511648097,0.33759566636000615,0.48000000000000004
-0.04000533461369925,NA,NA,NA,PWID,NA,NA,NA,NA,NA,NA,30,-4.38247637723231,-2.127053222516561,0.44172314926635226,0.49
0,NA,NA,NA,PWID,NA,NA,NA,NA,NA,NA,31,-4.018575362382424,-1.900600786601418,0.4993347706428575,0.5
0.040005334613699206,NA,NA,NA,PWID,NA,NA,NA,NA,NA,NA,32,-3.6901150114719985,-1.6850569096147079,0.6480589104030514,0.51
0.08004270767353656,NA,NA,NA,PWID,NA,NA,NA,NA,NA,NA,33,-3.3687845589311842,-1.4504094408449473,0.7998387707385998,0.52
0.12014431184206341,NA,NA,NA,PWID,NA,NA,NA,NA,NA,NA,34,-3.0437373407975277,-1.2093220154759703,0.9457131229859874,0.5300000000000001
0.16034265007517948,NA,NA,NA,PWID,NA,NA,NA,NA,NA,NA,35,-2.7156407036158177,-0.9832847265071089,1.05890228554073,0.54
0.2006706954621514,NA,NA,NA,PWID,NA,NA,NA,NA,NA,NA,36,-2.3683396090846696,-0.736201447830669,1.2014681369381546,0.5500000000000002
0.24116205681688824,NA,NA,NA,PWID,NA,NA,NA,NA,NA,NA,37,-2.07726904748164,-0.4935872497833748,1.4046917167894113,0.56
0.281851152140988,NA,NA,NA,PWID,NA,NA,NA,NA,NA,NA,38,-1.8137067706482146,-0.26451605239403797,1.5515430336911311,0.5700000000000001
0.32277339226305135,NA,NA,NA,PWID,NA,NA,NA,NA,NA,NA,39,-1.5770157023365126,-0.01713516047849426,1.7447276657426456,0.5800000000000001
0.3639653772014119,NA,NA,NA,PWID,NA,NA,NA,NA,NA,NA,40,-1.329548013126225,0.22661886694249875,1.9757389901348037,0.5900000000000001
0.40546510810816483,NA,NA,NA,PWID,NA,NA,NA,NA,NA,NA,41,-1.0647060082803113,0.479499894297591,2.1836862629468214,0.6000000000000001
0.4473122180436652,NA,NA,NA,PWID,NA,NA,NA,NA,NA,NA,42,-0.8271297745285359,0.7152875589267931,2.3948552648285064,0.6100000000000001
0.4895482253187058,NA,NA,NA,PWID,NA,NA,NA,NA,NA,NA,43,-0.6414320879446256,0.9585989817667202,2.623552048766116,0.62
0.5322168137473082,NA,NA,NA,PWID,NA,NA,NA,NA,NA,NA,44,-0.40578744907167297,1.2224112549860078,2.9205056156138833,0.63
0.5753641449035619,NA,NA,NA,PWID,NA,NA,NA,NA,NA,NA,45,-0.17267595052118379,1.4746194264450119,3.1875410316648076,0.64
0.6190392084062236,NA,NA,NA,PWID,NA,NA,NA,NA,NA,NA,46,-0.012209200087466562,1.723208696313574,3.4787429102838625,0.65
0.6632942174102643,NA,NA,NA,PWID,NA,NA,NA,NA,NA,NA,47,0.19893650317767247,1.9687457933647838,3.789089893298517,0.66
0.708185057924486,NA,NA,NA,PWID,NA,NA,NA,NA,NA,NA,48,0.3677984854322844,2.2315642237980424,4.214522560194349,0.67
0.75377180237638,NA,NA,NA,PWID,NA,NA,NA,NA,NA,NA,49,0.4839028179880017,2.4837562024572346,4.655484446149741,0.6799999999999999
0.8001193001121129,NA,NA,NA,PWID,NA,NA,NA,NA,NA,NA,50,0.6284272711160709,2.762869579487987,5.0767224347960624,0.69
0.8472978603872034,NA,NA,NA,PWID,NA,NA,NA,NA,NA,NA,51,0.769731390696029,3.043254969667994,5.444961991248465,0.7
0.8953840470548413,NA,NA,NA,PWID,NA,NA,NA,NA,NA,NA,52,0.9557430350890429,3.311475805236322,5.902046632600503,0.71
0.9444616088408513,NA,NA,NA,PWID,NA,NA,NA,NA,NA,NA,53,1.1494891584525413,3.60030429200419,6.366462451645087,0.72
0.9946225751440619,NA,NA,NA,PWID,NA,NA,NA,NA,NA,NA,54,1.3219662474543579,3.8951248231450464,6.861741496357076,0.73
1.0459685551826876,NA,NA,NA,PWID,NA,NA,NA,NA,NA,NA,55,1.4037705106478755,4.1857999486188415,7.343584847069352,0.74
1.0986122886681098,NA,NA,NA,PWID,NA,NA,NA,NA,NA,NA,56,1.593503594634854,4.508123581810915,7.897747675973614,0.7500000000000001
1.1526795099383855,NA,NA,NA,PWID,NA,NA,NA,NA,NA,NA,57,1.7805010778568746,4.810432025646911,8.394337252213255,0.76
1.2083112059245342,NA,NA,NA,PWID,NA,NA,NA,NA,NA,NA,58,1.865875068491609,5.129105344082696,8.92687407075051,0.7700000000000001
1.265666373331276,NA,NA,NA,PWID,NA,NA,NA,NA,NA,NA,59,2.0157749833993055,5.453451520844952,9.52829152819755,0.7799999999999999
1.3249254147435987,NA,NA,NA,PWID,NA,NA,NA,NA,NA,NA,60,2.1401491187405037,5.797621508518584,10.12699429228191,0.79
1.3862943611198908,NA,NA,NA,PWID,NA,NA,NA,NA,NA,NA,61,2.2452705425280204,6.157441052410334,10.761033460392591,0.8
1.4500101755059986,NA,NA,NA,PWID,NA,NA,NA,NA,NA,NA,62,2.3840199768136348,6.501415548455243,11.396389659784274,0.81
1.5163474893680888,NA,NA,NA,PWID,NA,NA,NA,NA,NA,NA,63,2.567871145191015,6.888260762173756,12.020342004804839,0.8200000000000001
1.5856272637403823,NA,NA,NA,PWID,NA,NA,NA,NA,NA,NA,64,2.745923902718687,7.272863116408363,12.676168198901252,0.8300000000000001
1.658228076603533,NA,NA,NA,PWID,NA,NA,NA,NA,NA,NA,65,2.9466826316603565,7.729353371945232,13.412694965733088,0.8400000000000001
1.734601055388107,NA,NA,NA,PWID,NA,NA,NA,NA,NA,NA,66,3.1604474802411353,8.143681267879805,14.2358540006073,0.8500000000000001
1.8152899666382498,NA,NA,NA,PWID,NA,NA,NA,NA,NA,NA,67,3.376054942985406,8.589198649798112,15.092246644743609,0.8600000000000001
1.9009587611930479,NA,NA,NA,PWID,NA,NA,NA,NA,NA,NA,68,3.517858875178873,9.056727017726455,15.963104956615043,0.8700000000000001
1.9924301646902072,NA,NA,NA,PWID,NA,NA,NA,NA,NA,NA,69,3.7157890196552055,9.585517481029342,16.88461659690249,0.8800000000000001
2.0907410969337703,NA,NA,NA,PWID,NA,NA,NA,NA,NA,NA,70,3.922080553347724,10.14872920549097,17.878100758049506,0.8900000000000001
2.197224577336221,NA,NA,NA,PWID,NA,NA,NA,NA,NA,NA,71,4.149893448125666,10.762338576511237,18.941008103534106,0.9000000000000001
2.3136349291806297,NA,NA,NA,PWID,NA,NA,NA,NA,NA,NA,72,4.371916184266344,11.404120669121433,20.065485041782328,0.9099999999999999
2.4423470353692034,NA,NA,NA,PWID,NA,NA,NA,NA,NA,NA,73,4.611646799169829,12.131392138062797,21.34768665250996,0.9199999999999999
2.5866893440979415,NA,NA,NA,PWID,NA,NA,NA,NA,NA,NA,74,4.884091769989848,12.98015518847399,22.80711611470755,0.9299999999999999
2.751535313041948,NA,NA,NA,PWID,NA,NA,NA,NA,NA,NA,75,5.192190858381939,13.936396314439378,24.45871214522932,0.9400000000000001
2.9444389791664394,NA,NA,NA,PWID,NA,NA,NA,NA,NA,NA,76,5.601913705468203,15.022188363291267,26.245885072670056,0.95
3.178053830347945,NA,NA,NA,PWID,NA,NA,NA,NA,NA,NA,77,6.144872025726125,16.353503955779246,28.481267864772988,0.96
3.4760986898352724,NA,NA,NA,PWID,NA,NA,NA,NA,NA,NA,78,6.745704091725182,18.09777419134736,31.629430507200922,0.97
3.8918202981106256,NA,NA,NA,PWID,NA,NA,NA,NA,NA,NA,79,7.527189949255178,20.445040745958103,35.85042453429709,0.98
4.595119850134589,NA,NA,NA,PWID,NA,NA,NA,NA,NA,NA,80,8.658079513273039,24.427214423141923,42.7574897889495,0.99
